,CARDIO-VASCULAR_DISORDER_EVENT,DEATH_EVENT,HYPERGLYCEMIA_EVENT,HYPOGLYCEMIA_EVENT,INFECTION_EVENT,KIDNEY_COMPLICATION_EVENT,SEVERE_HYPERGLYCEMIA_EVENT,SEVERE_HYPOGLYCEMIA_EVENT
ADMISSION__count,-0.0036483966,-0.019634014,0.0151175875,-0.020787837,0.008962404,0.022443343,-0.015204946,-0.011671158
ALANINE-AMINOTRANSFERASE_MEASURE__count,0.025213035,0.016637301,-0.01083523,-0.044311766,0.05191045,-0.0054353056,0.030888295,-0.0677812
ALBUMIN_SERUM_MEASURE__count,0.06319626,0.10168835,0.058233675,-0.031913556,-0.05114124,0.12932056,0.016524453,-0.0038720444
ANTIBIOTIC_IV_BITZUA__count,0.073288776,0.04534899,-0.0045586033,0.047732733,0.060627196,0.06489263,0.025999194,0.004154618
ANTIBIOTIC_PO_BITZUA__count,-0.03685243,-0.026742093,0.0395487,0.14270622,0.11182269,0.038678486,-0.019420538,0.096770905
ANTIDIABETIC_HIGH_HYPO_HOSPITAL_BITZUA__count,-0.027730763,0.055867802,0.0042054183,-0.042547394,-0.084665276,-0.0069103707,0.015809968,-0.034077127
ASPARATE-AMINOTRANSFERASE_MEASURE__count,-0.026404714,-0.067887485,-0.046942387,-0.020560859,0.15064639,-0.029288396,-0.03193692,-0.03509736
BASAL_DOSAGE__count,-0.10331526,-0.038440414,-0.01396734,-0.18572706,0.004188541,-0.058425643,0.00036735064,-0.1906843
BASAL_HOME_BITZUA__count,-0.009276554,0.0059799473,-0.010502496,-0.00020158805,0.005507726,-0.012041451,-0.005881821,-0.009840829
BASE_GLUCOSE_MEASURE__count,-0.018152542,-0.009447715,-0.007505356,-0.038057834,0.007108064,-0.0068706637,0.027612126,0.0070596584
BICARBONATE_MEASURE__count,-0.027893644,-0.002051583,-0.022275172,-0.008036485,-0.17411038,-0.054710135,0.03948584,0.08469667
BLOOD_CULTURE__count,-0.057123087,0.00799657,0.026017606,-0.003907898,0.1348768,0.05554584,-0.015675118,0.036071375
BLOOD_PRESSURE_DIASTOLIC_MEASURE__count,-0.04071552,-0.011990749,0.0026344997,0.05917948,-0.049151096,0.021361172,0.023602743,0.043651633
BLOOD_PRESSURE_SYSTOLIC_MEASURE__count,-0.03197494,0.005308232,0.028361537,0.026635561,-0.042726576,0.057161808,0.034896422,0.027056798
BMI_MEASURE__count,-0.1344871,-0.04357695,0.016141677,-0.022738963,0.156109,0.042762823,0.018301688,-0.08321376
BODY_TEMPERATURE_MEASURE__count,0.034635365,-0.021531243,0.036033433,0.043563336,0.14892788,-0.04054005,0.09230553,-0.016458333
BOLUS_DOSAGE__count,0.097593755,0.035673738,-0.0036575522,-0.074191675,-0.05724708,-0.061027005,-0.0098257605,-0.08074202
CALCIUM-GLUCONATE_BITZUA__count,0.029868597,-0.011165484,0.015830694,-0.0660898,0.060791332,0.00787263,0.033505183,-0.076785594
CARDIO-VASCULAR_DISORDER_EVENT__count,0.051103577,-0.04794626,-0.012750639,-0.10030227,-0.11787204,0.05110295,-0.0483914,-0.07619077
CARDIOVASCULAR_DISORDER_OBS__count,0.01796441,0.04018477,-0.031290904,-0.010172159,0.13643357,0.015203587,-0.024471266,-0.020256685
CHEST_XRAY__count,-0.008087745,0.031262595,0.030441938,0.07802654,-0.07552931,0.06002567,0.067153394,-0.007256853
CREATINE-KINASE_MEASURE__count,0.055542562,0.057794377,-0.018602991,0.04317671,0.057165105,0.045328632,-0.0032615399,0.11566256
CREATININE_SERUM_MEASURE__count,-0.002184879,-0.01813014,0.032547787,0.016590077,-0.2061437,0.025035966,-0.0037891073,0.05308558
DEXTROSE_BITZUA__count,-0.05879569,0.009662276,-0.06868159,-0.0798945,0.20911789,-0.014801044,-0.04461473,-0.05958693
DIABETES_DIAGNOSIS__count,-0.040169504,0.06483007,0.049396873,0.009478619,-0.07144253,-0.0054191565,0.03708428,0.039901704
DIALYSIS__count,0.04250415,-0.030465929,0.03790887,-0.07184236,-0.25440684,0.08759936,0.03008664,-0.048679113
E-GFR_MEASURE__count,-0.05328322,0.12326909,0.028340105,0.18085957,0.09634685,-0.141534,0.046432417,0.24815401
EGFR_MEASURE__count,-0.004656664,0.021811208,0.021391282,0.012767548,-0.20305103,-0.0028333168,0.04602522,-0.016912775
GLUCOSE_MEASURE__count,0.018564042,-0.026700499,0.21218857,0.42995763,-0.048581343,0.08764814,0.24253437,0.29026192
HEART_RATE_MEASURE__count,0.046662148,0.1883859,-0.043832757,-0.08162096,0.15172774,-0.058558673,-0.07094166,-0.013619011
HEMATOCRIT_MEASURE__count,0.09850705,0.0034611865,0.015806084,-0.043880027,0.02761012,0.12376579,0.016137285,-0.02233073
HEMOGLOBIN_MEASURE__count,0.06652713,0.07655794,0.008767616,0.04095891,-0.032291308,-0.0042286078,-0.04395141,0.02027337
HEPARIN_IV_BITZUA__count,0.019602342,0.0062952754,0.036577944,0.013139217,-0.09024781,0.03265412,0.061997537,-0.03322961
HYPERGLYCEMIA_EVENT__count,0.046553258,-0.035625562,0.08963066,-0.08741765,0.06758809,0.07586183,0.07842909,-0.06417733
HYPERTONIC_SALINE_BITZUA__count,-0.019736566,0.08267407,0.01996387,0.06272655,-0.036454815,0.056720827,-0.027088916,0.09341946
HYPOGLYCEMIA_EVENT__count,-0.0032208858,-0.011849256,-0.005232919,0.0099125905,-0.039145313,-0.025175953,-0.0011750704,-0.011321382
INFECTION_EVENT__count,-0.011539023,-0.0071022576,-0.022938292,-0.023808612,0.020574473,-0.0041110166,0.017409157,0.009894971
INFECTION_WBC_MEASURE__count,-0.07006412,-0.07168236,0.016066011,-0.021506239,0.03891091,-0.046744682,0.0035646614,-0.10052513
KETONES_SERUM_MEASURE__count,-0.012053615,0.027151942,-0.036473036,-0.021066103,0.017017588,0.027074212,0.011209866,-0.119095266
KETONES_URINE_MEASURE__count,0.008498023,0.00039209746,-0.027386704,0.036819365,0.014713665,0.034928534,-0.021542247,-0.013903092
KIDNEY_COMPLICATION_EVENT__count,-0.039132643,-0.031937703,-0.014453004,-0.036212385,0.053747103,0.023140056,-0.019975174,-0.022345247
KIDNEY_COMPLICATION_OBS__count,-0.12376144,-0.05860111,0.050164975,-0.028118528,0.040183228,0.13962202,0.08204485,0.086745776
MEAL_Breakfast__count,-0.03643375,0.0016353204,-0.07834162,-0.112043455,-0.09543932,-0.052761704,-0.11002437,-0.07979675
MEAL_Dinner__count,-0.003779717,-0.020871451,-0.0677279,-0.13051707,-0.07654307,-0.0137713635,-0.1014446,-0.08005401
MEAL_Lunch__count,-0.036926974,-0.01553479,-0.07390601,-0.13203135,-0.07468937,-0.030981954,-0.070559606,-0.107468516
MEAL_Night-Snack__count,-0.040574256,-0.03079736,-0.060414594,-0.08991091,-0.07306374,-0.01707384,-0.07050805,-0.080630936
METFORMIN_HOME_BITZUA__count,-0.033918347,-0.018115135,0.021756113,-0.05850405,0.026422197,-0.00023009944,0.025281416,-0.009869577
METFORMIN_HOSPITAL_BITZUA__count,0.015743108,0.030241795,0.044027727,0.111046754,0.0037082003,0.032350082,0.031699907,0.12237541
NEUTROPHILS_MEASURE__count,-0.09669722,-0.1107643,-0.029587034,-0.015249749,0.0630225,-0.070099995,-0.019302528,-0.04485324
PH_MEASURE__count,-0.0378049,0.10041939,0.075369164,0.10957796,0.088369526,-0.010353132,-0.0014259154,0.099394344
PLT_MEASURE__count,0.0060999836,-0.09835812,-0.0532738,0.041533712,0.094101936,-0.011332721,-0.060810644,0.05030078
POTASSIUM_MEASURE__count,-0.04488982,0.00987625,-0.028348712,-0.09680582,0.11702383,-0.025009712,-0.013463359,-0.075911276
SEVERE_HYPERGLYCEMIA_EVENT__count,-0.036793645,0.0115608815,-0.017549723,-0.030526115,0.06615115,0.015879938,0.016650034,0.022164397
SEVERE_HYPOGLYCEMIA_EVENT__count,0.01723298,0.030640624,-0.029489899,-0.050683174,-0.010668573,0.0004999965,-0.0072181006,-0.032493766
SGLT2_HOME_BITZUA__count,-0.0069373385,0.09163272,0.004300764,-0.012226131,0.012613064,-0.015286591,0.05332579,-0.02575161
SGLT2_HOSPITAL_BITZUA__count,0.0297603,0.10099577,0.021200765,0.030671595,-0.041001126,0.0022014629,-0.048150975,0.045021273
SODIUM_MEASURE__count,-0.012201318,0.039633915,-0.055544846,-0.06629998,0.08680515,-0.041819498,-0.03971422,-0.07870675
STEROIDS_IV_BITZUA__count,0.060289882,-0.13894355,0.035874035,0.021133408,0.011102997,-0.12618932,0.047879636,0.016923076
STEROIDS_PO_BITZUA__count,0.013529954,0.10043516,0.0017668727,-0.053064406,-0.1029946,-0.026776714,0.013575799,-0.056723602
TROPONIN_MEASURE__count,0.0726089,-0.01386699,-0.016405636,0.06151507,0.116734505,-0.056389943,-0.01926986,-0.0049517774
UREA_MEASURE__count,0.022660265,0.013894412,0.047497347,0.0114459535,-0.12696944,0.010622869,0.0039550466,-0.002989
URINE_CULTURE__count,-0.051435053,-0.014360806,-0.048475046,-0.07810605,-0.012400747,-0.051288854,-0.003956895,0.007983468
WEIGHT_MEASURE__count,0.07659643,0.06874201,0.008916495,-0.033493493,-0.022491109,0.0062194057,0.014749964,0.021265527
ADMISSION__mean,-0.0068282927,0.0049305386,-0.00073930214,-0.017819503,-0.0061433143,0.02431807,0.015105982,-0.02044818
ALANINE-AMINOTRANSFERASE_MEASURE__mean,-0.0105589535,-0.032481283,-0.031444207,-0.039615832,0.015456096,0.032947388,0.02430658,-0.019698657
ALBUMIN_SERUM_MEASURE__mean,0.019725624,-0.04855082,0.0060209245,-0.030174764,-0.023642851,-0.0031812608,0.017984333,-0.027337447
ANTIBIOTIC_IV_BITZUA__mean,0.013860978,-0.05150126,0.002139961,-0.0608594,0.028555255,0.039718032,0.03819879,-0.028269786
ANTIBIOTIC_PO_BITZUA__mean,0.021810347,0.00967138,-0.025346123,0.004653906,-0.0049173418,0.023238357,0.014991801,-0.021220393
ANTIDIABETIC_HIGH_HYPO_HOSPITAL_BITZUA__mean,-0.011301469,0.006185679,0.022662455,-0.008618798,0.012609991,-0.017178934,0.020795384,-0.027684402
ASPARATE-AMINOTRANSFERASE_MEASURE__mean,-0.024110895,0.018415255,0.0018689168,-0.015455184,-0.021857426,-0.028753348,0.01800267,0.0028999601
BASAL_DOSAGE__mean,-0.027625766,0.043718297,0.010251114,0.051190928,-0.014019626,0.048469998,0.02877266,0.03863362
BASAL_HOME_BITZUA__mean,0.019316316,-0.025393482,-0.0065965704,0.0026856873,0.008751242,-0.009868964,0.013984008,0.01764764
BASE_GLUCOSE_MEASURE__mean,-0.0010432035,0.004757881,-0.012934187,0.0058678794,0.031091554,-0.017892938,0.004852077,-0.0113310665
BICARBONATE_MEASURE__mean,-0.017186541,0.02757413,0.004493657,0.009429218,-0.0155819785,0.023008244,0.021353383,0.03381986
BLOOD_CULTURE__mean,-0.020089123,0.005319259,0.011374023,0.016110433,-0.024240179,-0.014765451,0.010429629,0.018003806
BLOOD_PRESSURE_DIASTOLIC_MEASURE__mean,0.008460604,0.012646957,0.015132046,0.011622719,0.061619036,0.004620961,-0.020316849,0.037549634
BLOOD_PRESSURE_SYSTOLIC_MEASURE__mean,-0.010818198,0.0051283413,0.012572672,0.0031620644,-0.08741827,0.011107951,0.020838067,0.030574156
BMI_MEASURE__mean,-0.019124424,0.002237664,-0.030169053,-0.027934527,-0.011598226,-0.0065479437,0.023838455,0.0013714043
BODY_TEMPERATURE_MEASURE__mean,-0.0027429035,0.028587786,0.041414626,-0.12224061,0.07095813,-0.16161765,0.020549335,0.048636176
BOLUS_DOSAGE__mean,-0.008423052,-0.022204183,0.028009133,0.02075716,-0.05581366,0.007886425,0.0012715769,0.016772669
CALCIUM-GLUCONATE_BITZUA__mean,0.019635916,0.028723858,-0.014233276,0.062009197,-0.0022522039,0.061741617,-0.015044031,0.040423483
CARDIO-VASCULAR_DISORDER_EVENT__mean,-0.0069601783,-0.002087053,-0.022552384,-0.010277738,-0.01612264,-0.00598519,-0.016852757,-0.023099126
CARDIOVASCULAR_DISORDER_OBS__mean,0.018769082,-0.0066107465,-0.0019566552,-0.005429667,0.017649982,-0.00012684052,0.0061403383,0.022717401
CHEST_XRAY__mean,-0.020052614,-0.0009345221,0.013128458,-0.012638965,-0.010202244,0.006785593,0.00052701554,0.0163155
CREATINE-KINASE_MEASURE__mean,-0.006657709,0.04131211,0.02321696,-0.056549832,-0.056185983,-0.0049215,0.02086483,-0.0059129694
CREATININE_SERUM_MEASURE__mean,0.020203602,-0.021132302,0.032278806,-0.020493556,-0.012693641,0.058446627,0.011291058,0.0085526
DEXTROSE_BITZUA__mean,-0.0378056,-0.072045214,-0.021919949,0.044252012,0.0861104,-0.03660556,-0.002683447,0.055019375
DIABETES_DIAGNOSIS__mean,-0.0024668921,-0.0067856265,0.012652165,-0.024919307,0.023980042,0.015855879,-0.019770386,-0.011847104
DIALYSIS__mean,-0.017337963,0.021803495,-0.006412475,0.015744472,0.018581074,0.014488194,0.019105852,-0.0014153405
E-GFR_MEASURE__mean,-0.013831844,0.002563489,-0.01652708,0.013080826,-0.023583816,0.011977791,-0.016432507,-0.02000467
EGFR_MEASURE__mean,0.02598811,0.055916943,-0.020523224,-0.020566871,-0.0076275733,-0.02047374,-0.018687155,-0.0048810975
GLUCOSE_MEASURE__mean,-0.020349745,-0.15277477,-0.0018865507,0.05263257,0.20940639,-0.015256369,0.07038256,0.061377995
HEART_RATE_MEASURE__mean,0.045649957,0.0019922578,0.01609403,-0.06366608,0.022330306,0.022260107,0.0474039,-0.07012295
HEMATOCRIT_MEASURE__mean,-0.007472602,0.050297275,0.019764991,-0.02239206,0.07911721,0.014443651,-0.017617391,0.0017820557
HEMOGLOBIN_MEASURE__mean,-0.016665034,0.013586598,-0.015836434,-0.016935626,0.098194435,0.006746149,-0.023968205,-0.042404737
HEPARIN_IV_BITZUA__mean,0.01568708,-0.0166576,-0.008325674,0.013245844,-0.09072721,0.014827475,-0.0014674988,0.06112742
HYPERGLYCEMIA_EVENT__mean,0.015498998,-0.0084775165,-0.004766573,-0.022040807,-0.024937997,-0.02383168,-0.0028127606,0.009534969
HYPERTONIC_SALINE_BITZUA__mean,0.035311047,0.007991277,0.0073223207,0.010946542,0.01901098,0.08674759,0.008816146,-0.010275802
HYPOGLYCEMIA_EVENT__mean,0.018791845,0.0013990378,0.008730293,0.0013115271,0.016594617,0.0042930697,-0.003896039,0.013077241
INFECTION_EVENT__mean,0.024615357,-0.018104494,0.007147041,-0.025451764,0.0056985887,0.018267987,-0.02470843,-0.007775389
INFECTION_WBC_MEASURE__mean,0.015631022,-0.021280713,0.0038530577,-0.01572534,-0.092074774,-0.023459421,0.020963585,-0.057851944
KETONES_SERUM_MEASURE__mean,-0.0126234,0.028566731,0.017577797,0.007586203,0.01356185,-0.013544688,0.012638317,-0.01724496
KETONES_URINE_MEASURE__mean,0.009124373,0.013093768,-0.010640964,0.0030001155,-0.023369491,-0.0048133507,-0.015821893,0.026481314
KIDNEY_COMPLICATION_EVENT__mean,-0.01765371,-0.0063511906,-0.024131805,0.010763532,-0.006273678,-0.0024611983,-0.00028981696,0.022238737
KIDNEY_COMPLICATION_OBS__mean,-0.02527393,0.0026415419,-0.00050905277,0.002263137,0.0049367077,0.020992076,0.019721415,-0.0060248715
MEAL_Breakfast__mean,-0.0010382645,-0.005237635,0.020745082,-0.015069615,0.020652117,-0.02278335,0.0060234633,0.007216685
MEAL_Dinner__mean,-0.011284646,-0.0094378935,-0.0073772385,0.012219431,-0.023673235,-0.017393224,0.0090672625,-0.014970808
MEAL_Lunch__mean,0.022238707,-0.018611934,-0.019506142,0.007766112,-0.0037088755,-0.001372573,-0.022527894,0.008182777
MEAL_Night-Snack__mean,-0.016839573,0.0030145033,-0.0026954177,-0.02219653,0.024376819,-0.024411205,-0.019123867,0.003212735
METFORMIN_HOME_BITZUA__mean,0.014922945,0.0012898397,-0.010172709,-0.011599073,0.017847273,-0.00979637,-0.0013123744,0.010508333
METFORMIN_HOSPITAL_BITZUA__mean,-0.008029869,0.026526092,0.003549905,-0.005647057,0.017024333,-0.019638581,0.0116324825,-0.0009936728
NEUTROPHILS_MEASURE__mean,-0.037187736,0.028125377,-0.0014373506,-6.778536e-05,0.043342516,0.012320249,-0.0049960692,0.035639722
PH_MEASURE__mean,0.007963831,0.007986584,0.02785705,-0.050206672,0.01803913,-0.0071743513,-0.010334916,-0.02859604
PLT_MEASURE__mean,0.021791298,0.084846,0.059891507,0.06685873,0.015205399,0.0059792716,0.001389014,0.05563785
POTASSIUM_MEASURE__mean,0.0128295,-0.058308538,-0.005998888,-0.049412597,-0.061010823,0.0027727096,0.0114229545,-0.043852102
SEVERE_HYPERGLYCEMIA_EVENT__mean,-0.0036095988,0.018018907,0.0061113555,-0.01658154,-0.024663396,0.0016119715,0.012384247,-0.010732755
SEVERE_HYPOGLYCEMIA_EVENT__mean,0.025115518,0.019491093,-0.014065673,-0.0025724547,0.015104687,0.009048054,-0.005884565,-0.012203403
SGLT2_HOME_BITZUA__mean,0.010645274,-0.0205442,-0.005831584,0.0077286204,-0.019609703,0.002729616,-0.009727123,-0.014818075
SGLT2_HOSPITAL_BITZUA__mean,-0.02346061,0.0021696682,0.0038905228,0.028006358,-0.0025152976,-0.018700862,-0.02095238,0.007806715
SODIUM_MEASURE__mean,0.024405569,0.033795062,-0.01397333,0.009188042,-0.022478083,-0.0042865947,-0.005440108,0.002097154
STEROIDS_IV_BITZUA__mean,-0.032220516,0.032873858,0.01493426,0.030492121,0.05399502,-0.012800903,0.029940814,-0.01471995
STEROIDS_PO_BITZUA__mean,0.011117932,-0.0024018916,-0.040136524,-0.020604668,-0.0006899632,0.017520925,-0.019891448,-0.047178607
TROPONIN_MEASURE__mean,-0.016611038,-0.0033207492,-0.012980569,-0.02432746,-0.02636069,0.026995463,0.00014397384,-0.041586004
UREA_MEASURE__mean,0.0066311294,0.058227763,-0.01942706,0.013341838,0.006802737,-0.014008298,0.0045068264,0.009557063
URINE_CULTURE__mean,-0.0006341605,-0.018044678,0.021149905,0.006644584,0.008652967,0.008783528,-0.024622936,-0.0124554895
WEIGHT_MEASURE__mean,-0.0014719096,5.8754726e-05,0.017296612,-0.032996885,0.00845262,-0.005571872,0.020524662,-0.01959963
ADMISSION__std,0.017795278,-0.024809545,0.0075336816,0.013099222,0.00026633797,-0.0074003693,0.0062413407,0.007972443
ALANINE-AMINOTRANSFERASE_MEASURE__std,-0.015378883,0.027581718,0.003399843,-0.018741203,0.08540988,0.012625671,0.0021884078,0.030834995
ALBUMIN_SERUM_MEASURE__std,-0.027594928,-0.04206209,-0.002522092,-0.04014298,-0.008705959,-0.04213879,-0.010671204,-0.08917604
ANTIBIOTIC_IV_BITZUA__std,0.019968027,-0.023941152,0.046307467,0.14314629,-0.12424758,0.021050613,0.023636214,0.048079807
ANTIBIOTIC_PO_BITZUA__std,-0.030448332,-0.03334944,-0.0068197707,-0.052130487,0.017805737,-0.07118727,-0.019755691,-0.04474182
ANTIDIABETIC_HIGH_HYPO_HOSPITAL_BITZUA__std,-0.014904531,0.018199269,0.002657995,-0.23803943,-0.105794914,0.078972615,-0.05964921,-0.3277107
ASPARATE-AMINOTRANSFERASE_MEASURE__std,0.016495991,-0.03153796,0.030370371,-0.0074960953,-0.03469968,-0.013062703,-0.00062462984,-0.00298671
BASAL_DOSAGE__std,-0.011404473,-0.041871052,0.009795609,-0.003596039,0.070903756,0.045498624,0.0072690346,-0.0017667809
BASAL_HOME_BITZUA__std,0.034190875,-0.0067396825,0.03247246,-0.0011413789,0.006964377,0.018674543,-0.012521245,0.009442068
BASE_GLUCOSE_MEASURE__std,0.017429436,-0.13180457,-0.027570255,-0.113451235,-0.12484818,-0.0075873765,0.0040882234,-0.099962346
BICARBONATE_MEASURE__std,-0.06923394,0.06815265,-0.009374588,0.05017628,0.12551443,0.024504887,-0.009282019,0.007547756
BLOOD_CULTURE__std,0.013385403,0.015910367,-0.019389672,-0.014592037,-0.018274195,0.0118806455,-0.017174335,0.02376389
BLOOD_PRESSURE_DIASTOLIC_MEASURE__std,0.021565186,-0.052040875,0.037113365,-0.011956602,-0.082133606,0.015834397,0.10558328,0.0032381536
BLOOD_PRESSURE_SYSTOLIC_MEASURE__std,-0.013321238,0.011133492,0.01716698,-0.015464009,0.13171262,-0.011930984,-0.0018894075,-0.0069618938
BMI_MEASURE__std,-0.009783992,-0.026497848,0.0064097377,0.008758006,-0.012964838,-0.0051444094,0.013932908,0.011387341
BODY_TEMPERATURE_MEASURE__std,-0.022213785,-0.11992863,0.04491938,-0.08836908,-0.15548597,0.1629673,-0.039646443,-0.088051245
BOLUS_DOSAGE__std,-0.032698963,0.04685092,0.008211732,-0.015650352,-0.069992624,0.0075738044,0.003171765,0.052193888
CALCIUM-GLUCONATE_BITZUA__std,-0.04954853,0.013006071,-0.012853116,-0.0010189937,-0.18658103,-0.013224394,-0.029240638,0.010530702
CARDIO-VASCULAR_DISORDER_EVENT__std,-0.0040851533,0.007972158,-0.009194317,-0.013084944,0.019437749,0.013728252,-0.016484542,0.022219596
CARDIOVASCULAR_DISORDER_OBS__std,-0.0014880353,0.015568517,0.020129312,-0.010665701,-0.003227373,0.02456205,-0.020391144,0.018315153
CHEST_XRAY__std,-0.0015807089,-0.011275873,-0.007176145,-0.007958972,0.0066132625,-0.008206141,-0.0049799904,0.0034757168
CREATINE-KINASE_MEASURE__std,0.015525275,0.05507569,0.009745289,-0.105245814,0.25213152,-0.019789383,-0.033084184,-0.11413003
CREATININE_SERUM_MEASURE__std,-0.04682237,0.048493132,-0.019640202,0.035009038,0.026548838,0.033523973,-0.003263585,0.049984843
DEXTROSE_BITZUA__std,-0.0039355466,0.045738216,0.0059117298,-0.004730551,-0.10245672,0.0371785,-0.0017053733,-0.0022465682
DIABETES_DIAGNOSIS__std,-0.0135855,-0.021961419,-0.018104967,-0.014654582,-0.0139686,-0.013371494,-0.010348073,-0.0017480155
DIALYSIS__std,0.020923102,-0.012399424,0.007549616,0.0148292035,0.01681941,0.0064382246,-0.0036097553,-0.009959509
E-GFR_MEASURE__std,0.04687045,-0.021021554,0.016903369,-0.13657743,0.03502509,0.025052458,-0.08827083,-0.26130787
EGFR_MEASURE__std,-0.00036859856,0.08609009,0.010069868,0.054552604,-0.0476115,0.12641771,0.01125423,0.03695425
GLUCOSE_MEASURE__std,-0.018650783,-0.24820206,-0.2648531,0.04602603,0.37181023,0.059769105,-0.32214218,0.054590438
HEART_RATE_MEASURE__std,-0.067753784,-0.1935443,0.029148772,0.008046909,-0.29468298,0.0458594,0.0065098694,0.0555197
HEMATOCRIT_MEASURE__std,-0.028964143,0.0053630946,-0.0044794646,0.038115725,-0.08997574,0.045421634,-0.031436387,-0.012353507
HEMOGLOBIN_MEASURE__std,0.047262013,-0.032620057,0.00031201885,-0.0725714,-0.008268521,-0.025178105,0.020316763,-0.053726636
HEPARIN_IV_BITZUA__std,-0.041365277,-0.067485474,0.0111956075,0.02546295,-0.23462576,0.009616773,0.036548514,-0.09273811
HYPERGLYCEMIA_EVENT__std,0.0037882398,-0.0124319745,0.0098148,-0.006358768,0.0071200724,-0.01590344,0.014817026,0.019154366
HYPERTONIC_SALINE_BITZUA__std,0.039925434,-0.0412094,-0.038179845,-0.0055129877,-0.14849815,0.05016668,-0.061270192,-0.06325903
HYPOGLYCEMIA_EVENT__std,-0.008662735,-0.006814957,0.015331613,0.013796922,0.0107679395,0.006137715,-0.013941917,0.008647746
INFECTION_EVENT__std,0.010452774,-0.0046656877,0.0076531027,0.0072675576,0.013949117,0.024623048,0.0037878961,0.01992431
INFECTION_WBC_MEASURE__std,-0.06169241,0.037691493,0.103930674,0.11734349,-0.104714125,0.039123304,0.02950155,0.034901254
KETONES_SERUM_MEASURE__std,0.01584908,0.09283604,0.08437299,-0.07225833,0.061668765,-0.042103495,0.00920922,-0.13692795
KETONES_URINE_MEASURE__std,-0.011942165,-0.053374797,-0.0949046,-0.114322506,-0.052977163,-0.010085148,-0.011822416,0.024793062
KIDNEY_COMPLICATION_EVENT__std,0.01784941,-0.012426643,0.023351243,0.011703023,0.00039604463,0.005594169,0.021910813,-0.021185374
KIDNEY_COMPLICATION_OBS__std,-0.012667464,-0.00058481883,-0.023642361,-0.005460616,-0.004620249,0.014336061,0.016161883,0.01568187
MEAL_Breakfast__std,0.015874892,0.017040394,0.015055384,-0.006283415,0.019788897,6.0649338e-05,0.00042079846,-0.02344762
MEAL_Dinner__std,-0.022794804,-0.024698608,-0.020182187,-0.022741806,-0.0025101996,0.017972492,-0.01947918,0.01856223
MEAL_Lunch__std,-0.0061338437,-0.01401865,0.024986718,0.008962815,-0.0064652557,0.015024794,-0.018413309,0.015761826
MEAL_Night-Snack__std,0.0022171757,0.010639653,0.009567248,-0.013681744,-0.006149293,-0.016467437,-0.008836444,0.01716849
METFORMIN_HOME_BITZUA__std,-0.0036778622,-0.016928183,-0.008114282,0.091767594,-0.10152319,-0.017177513,-0.03059064,-0.04228295
METFORMIN_HOSPITAL_BITZUA__std,0.015689485,0.0016731616,0.003276367,-0.063014925,0.058726043,-0.01452001,-0.0077054994,-0.102566734
NEUTROPHILS_MEASURE__std,-0.04851983,-0.061203696,-0.093732126,-0.074786216,-0.005253599,0.0019813422,-0.064856716,-0.046365518
PH_MEASURE__std,0.004790137,-0.037634674,-0.034394104,-0.055762522,-0.10691362,0.008074201,-0.0069084135,-0.07622239
PLT_MEASURE__std,0.004733983,0.036258735,0.0005897197,0.014811113,0.09242527,-0.016504489,-0.040043935,0.0025985653
POTASSIUM_MEASURE__std,-0.05462061,0.042843338,0.02152617,-0.040922202,-0.043890204,-0.013098934,0.00951263,-0.02406098
SEVERE_HYPERGLYCEMIA_EVENT__std,-0.018786687,0.020436957,0.024841597,0.02005636,0.014768911,0.018625055,-0.024198363,0.019522216
SEVERE_HYPOGLYCEMIA_EVENT__std,0.022263018,0.0001709201,0.019125229,-0.019234786,0.025490003,0.009692286,0.024776494,-0.0038874415
SGLT2_HOME_BITZUA__std,-0.0066482225,-0.004885953,0.017091475,-0.0014523183,0.0024141865,-0.07529332,0.016549028,-0.0043549356
SGLT2_HOSPITAL_BITZUA__std,-0.0052819788,-0.0182099,-0.0017841902,-0.13987696,-0.055939287,-0.03803051,-0.004615723,-0.13124417
SODIUM_MEASURE__std,0.011790521,0.083547644,-0.03944167,-0.028252618,0.05964583,-0.024573889,-0.052533507,-0.032752894
STEROIDS_IV_BITZUA__std,0.022995772,0.025761897,-0.05798777,-0.101016715,-0.030973727,-0.04159514,0.0028670894,-0.087122105
STEROIDS_PO_BITZUA__std,0.0037760646,-0.0055086496,0.009955466,-0.088945895,-0.002214664,0.014419959,-0.010518151,-0.082316615
TROPONIN_MEASURE__std,0.0029676915,-0.0029153202,0.0039762594,-0.031103995,-0.10372447,0.019206336,-0.015611973,-0.020626944
UREA_MEASURE__std,0.013587494,-0.03526985,-0.0021543219,-0.048736174,0.011089074,0.0932596,0.0037646343,-0.024296328
URINE_CULTURE__std,0.021595366,0.01566263,0.0067942594,-0.0057388963,-0.019917183,0.021219945,-0.01018384,-0.0036014416
WEIGHT_MEASURE__std,-0.015536941,0.022176815,0.0021556357,0.038296413,-0.0097164875,0.006239614,-0.013790104,0.08978715
ADMISSION__min,-0.024287157,-3.2554406e-05,0.0005140973,-0.00018735432,-0.0056457855,0.006511364,0.009488873,-0.024573302
ALANINE-AMINOTRANSFERASE_MEASURE__min,-0.069124095,-0.037249446,0.018262435,-0.026686436,0.14261815,-0.05998447,0.019806514,-0.02220814
ALBUMIN_SERUM_MEASURE__min,0.026578484,-0.09339773,-0.020172123,-0.07464062,-0.022795979,-0.017085087,-0.013202311,-0.06687123
ANTIBIOTIC_IV_BITZUA__min,-0.011877503,0.10434822,0.05734721,0.098374814,-0.039088666,0.07965512,0.0349643,0.09099645
ANTIBIOTIC_PO_BITZUA__min,-0.006087304,0.044731166,0.0318905,0.0036642465,-0.08505865,0.028810505,-0.0012024248,0.0058167214
ANTIDIABETIC_HIGH_HYPO_HOSPITAL_BITZUA__min,0.0010480944,-0.01319204,0.007351352,-0.024295269,-0.01998311,-0.022807568,0.00040002546,-0.03410811
ASPARATE-AMINOTRANSFERASE_MEASURE__min,0.013160031,0.17137603,0.009890744,0.20632131,-0.019348733,0.12084344,0.02047622,0.23612005
BASAL_DOSAGE__min,0.05427298,-0.014842415,0.0048583187,-0.013120387,0.008387201,0.15965633,0.041780703,0.08789608
BASAL_HOME_BITZUA__min,-0.010979577,0.012112078,0.01976096,-0.03226375,-0.014241462,0.007437038,-0.013225774,-0.010885133
BASE_GLUCOSE_MEASURE__min,0.0034482398,0.0038467862,0.0030608315,-0.008618394,-0.002919692,0.017835883,-0.0090180095,-0.012461122
BICARBONATE_MEASURE__min,-0.0045922557,0.035715356,0.09152366,0.0018652353,0.011691356,-0.028300622,0.021695586,-0.0027921079
BLOOD_CULTURE__min,0.014332254,0.0054297806,-0.013631743,0.014514098,-0.013640777,0.00047264685,0.007743905,-0.02040512
BLOOD_PRESSURE_DIASTOLIC_MEASURE__min,0.01831794,-0.0020397068,0.0055699977,-0.045008905,-0.14682439,-0.054363713,-0.0033510958,-0.06494967
BLOOD_PRESSURE_SYSTOLIC_MEASURE__min,0.052108083,-0.00030984878,0.04144812,-0.0037213622,0.17721896,0.050785873,0.0032201956,0.008238736
BMI_MEASURE__min,-0.018837241,-0.011328924,-0.0031721457,-0.0077794935,0.01686092,0.021747926,-0.021949507,0.013656859
BODY_TEMPERATURE_MEASURE__min,0.0025881068,-0.061060335,0.016830053,0.023645129,0.06671701,-0.008861541,0.0011133692,0.0493299
BOLUS_DOSAGE__min,0.029243076,0.08980162,0.030011805,0.0724544,-0.037271064,0.0484911,-0.0027891502,0.14828302
CALCIUM-GLUCONATE_BITZUA__min,-0.022994453,0.0073827817,0.0019338437,-0.051917523,-0.00053457404,-0.07857037,-0.1825526,-0.06542744
CARDIO-VASCULAR_DISORDER_EVENT__min,0.02077071,0.023996105,-0.0087050395,0.005639394,0.02075858,-0.002970518,-0.0075530126,-0.024553852
CARDIOVASCULAR_DISORDER_OBS__min,0.013946475,-0.0008328101,-0.018573562,0.016137118,0.018962199,0.009862077,0.014661935,0.010608294
CHEST_XRAY__min,-0.015946066,-0.00034813868,-0.0249859,-0.023693018,0.022407534,-0.01458279,0.021221202,0.0030804
CREATINE-KINASE_MEASURE__min,0.011643672,0.039453123,-0.0043958053,0.10848366,0.15403925,0.09173366,-0.01685793,0.16568498
CREATININE_SERUM_MEASURE__min,-0.05453445,-0.0643035,-0.0140735945,0.014572733,0.035840683,0.096230604,-0.007259456,-0.030039238
DEXTROSE_BITZUA__min,0.0031525127,0.059525657,-0.0452534,0.030441053,-0.06522418,0.04902788,-0.03726664,0.022648053
DIABETES_DIAGNOSIS__min,0.025420021,0.017718786,0.008273333,0.0047402126,0.009864446,-0.020524226,0.009074215,-0.023806319
DIALYSIS__min,-0.019368095,0.0063634003,-0.013513104,-0.006566936,-0.022266403,-0.011277996,-0.00973748,-0.007835404
E-GFR_MEASURE__min,-0.01621658,0.004083289,0.023295382,0.110583596,-0.074400626,-0.010775052,-0.0011817357,0.11528485
EGFR_MEASURE__min,0.018369518,0.060441393,0.024498798,0.0032866835,0.041804034,-0.055832617,0.017424874,0.0126418695
GLUCOSE_MEASURE__min,0.032855332,0.11615272,0.017920665,-0.35013735,0.052412797,0.03172641,-0.05686024,-0.35174838
HEART_RATE_MEASURE__min,0.0722222,-0.09277058,0.021615654,0.08016417,0.035806037,0.015399588,0.03941565,0.028701713
HEMATOCRIT_MEASURE__min,0.06406937,0.046821475,0.03696746,0.058173895,0.06851634,0.041059352,0.048864026,0.022923615
HEMOGLOBIN_MEASURE__min,-0.012763951,-0.0063916645,0.011427549,-0.02119783,0.018194659,-0.0045239483,0.002040222,-0.0049149888
HEPARIN_IV_BITZUA__min,0.025355382,-0.02775348,0.05148905,-0.06765932,-0.029273264,-0.015996631,0.043073695,-0.103959076
HYPERGLYCEMIA_EVENT__min,0.0007113623,-0.017837953,0.022477448,0.016581398,-0.018073611,0.0014734904,0.0030757908,-0.0146442605
HYPERTONIC_SALINE_BITZUA__min,-0.020994937,0.0026672578,0.039601214,0.0049494854,-0.008580952,0.021111935,0.009350604,-0.052520826
HYPOGLYCEMIA_EVENT__min,-0.010297868,-0.01743589,0.0030413875,-0.010536322,-0.00036182354,0.005258542,-0.018982459,-0.0033481056
INFECTION_EVENT__min,-0.0024049114,-0.01780103,0.0040614824,-0.007779707,0.0014362395,-0.019582722,0.012004911,0.0125425765
INFECTION_WBC_MEASURE__min,0.004014193,-0.05886057,-0.08616998,-0.16076851,-0.01943469,-0.068188086,-0.06361715,-0.21970873
KETONES_SERUM_MEASURE__min,0.0007739919,0.016671322,0.0043432247,0.014764674,0.02773815,0.025186157,-0.002153735,0.005963533
KETONES_URINE_MEASURE__min,-0.005440595,0.006571599,0.01755589,-0.003873591,-0.010897143,-0.0024065464,0.016500155,0.027051423
KIDNEY_COMPLICATION_EVENT__min,-0.008764799,-0.022394102,0.009920275,-0.019828092,0.024781547,-0.0065079923,0.022876816,-0.008766029
KIDNEY_COMPLICATION_OBS__min,-0.025008278,-0.0089416765,0.02204794,0.024181318,0.015331953,0.00962166,-0.012883099,0.01724728
MEAL_Breakfast__min,0.010874645,-0.0076477095,-0.023646545,-0.020331878,-0.009952778,0.016924106,0.018915744,-0.021699123
MEAL_Dinner__min,-0.008875797,0.0064797853,-0.015861036,-0.0016237648,0.006507192,-0.023873575,-0.02473508,0.010002067
MEAL_Lunch__min,0.021904191,0.02428429,-0.002076759,0.025667258,0.002752576,-0.014739134,0.015061933,0.01706246
MEAL_Night-Snack__min,0.0016387575,-0.017835464,0.010695912,0.020742001,-0.014334761,-0.011943788,0.012287049,-0.01659535
METFORMIN_HOME_BITZUA__min,0.036912344,0.0027665126,0.005742289,0.020415632,0.06723084,0.020104364,-0.0102181975,0.0016713546
METFORMIN_HOSPITAL_BITZUA__min,-0.01121576,0.00047564463,-0.009122033,-0.010867665,0.1989248,0.013245651,0.009677588,0.04697399
NEUTROPHILS_MEASURE__min,-0.011943701,0.061491832,-0.037576076,0.04683838,0.070785,0.035018247,-0.04039367,0.06433812
PH_MEASURE__min,-0.054565515,-0.013944802,-0.06603792,-0.008519111,-0.19318576,0.089044034,-0.040512796,-0.022670114
PLT_MEASURE__min,0.058288313,0.024635764,0.014773171,-0.002871053,-0.12255136,0.03934086,-0.032002166,-0.04237213
POTASSIUM_MEASURE__min,-0.13066122,-0.072662376,0.059550375,-0.02493453,-0.068189256,-0.031442925,0.06112042,-0.066669144
SEVERE_HYPERGLYCEMIA_EVENT__min,-0.008024441,0.008653768,-0.010477912,-0.011842441,-0.010566388,-0.012378538,-0.020456214,-0.0074493247
SEVERE_HYPOGLYCEMIA_EVENT__min,-0.024425756,0.0032010223,-0.0071968855,0.003380217,0.016307957,-0.0045089163,0.022921376,-0.020864438
SGLT2_HOME_BITZUA__min,0.023756659,-0.011231347,0.005557908,-0.0091653485,0.005709341,-0.019119907,-0.014854554,0.002590438
SGLT2_HOSPITAL_BITZUA__min,0.0062214774,0.023490038,-0.012485937,0.04203794,0.020955114,0.013169634,-0.0022379092,0.026171789
SODIUM_MEASURE__min,0.08551394,-0.046690464,-0.037593152,-0.04552187,0.08131901,-0.07319816,-0.024138961,-0.01340481
STEROIDS_IV_BITZUA__min,0.006260337,0.024327597,-0.08089069,-0.13648589,-0.031435657,-0.097259656,-0.018087098,-0.20221776
STEROIDS_PO_BITZUA__min,0.0077563194,-0.020109035,0.022070918,0.05934685,-0.006784193,-0.010060793,0.06831983,0.06886045
TROPONIN_MEASURE__min,0.044138867,0.07003354,0.005325964,-0.09979986,0.09937642,0.020067507,0.020471953,-0.03234102
UREA_MEASURE__min,-0.025912767,0.12967011,0.0073361574,0.042531624,-0.012094186,-0.0030394476,0.0066624884,0.04964762
URINE_CULTURE__min,0.02052064,-0.006391794,-0.0010844494,-0.009345751,0.004389973,-0.019896654,0.0052702227,-0.017428704
WEIGHT_MEASURE__min,0.038544647,0.0028295144,-0.013901145,-0.025625741,0.021315133,-0.02463587,-0.011436466,-0.02800365
ADMISSION__max,0.016499966,0.01782381,0.01378152,0.019672856,0.015035201,-0.020955063,0.010329727,0.0166921
ALANINE-AMINOTRANSFERASE_MEASURE__max,-0.020141842,0.022826198,-0.05622518,-0.026327841,-0.03689069,-0.013406481,-0.01522539,-0.025308946
ALBUMIN_SERUM_MEASURE__max,0.037246354,-0.09286797,-8.753824e-05,-0.073038496,0.020570513,0.041280333,0.023358358,-0.062431693
ANTIBIOTIC_IV_BITZUA__max,-0.03669132,0.034327757,-0.025657302,-0.13252895,0.017606463,-0.01815261,-0.03166806,-0.05563694
ANTIBIOTIC_PO_BITZUA__max,0.023856236,-0.011155285,0.0068029203,-0.019347155,0.007135404,0.040821046,0.003374252,-0.015059527
ANTIDIABETIC_HIGH_HYPO_HOSPITAL_BITZUA__max,-0.002170215,0.005266638,0.0057806177,-0.015502462,0.010896696,0.00894207,-0.0075201853,-0.002782763
ASPARATE-AMINOTRANSFERASE_MEASURE__max,-0.004222738,0.04587504,-0.053610753,0.10311184,-0.15496504,0.030782692,-0.02512673,0.08283415
BASAL_DOSAGE__max,-0.010087587,0.016487285,-0.051081933,0.054027822,-0.0037366801,-0.007060421,-0.0070535,0.026803175
BASAL_HOME_BITZUA__max,-0.0053723557,-0.025761815,0.016429406,0.00651393,0.012319304,0.018683378,-0.015952142,0.0038135794
BASE_GLUCOSE_MEASURE__max,-0.0007945869,0.0088773845,0.006227882,0.021128176,0.03700519,-0.004972749,0.016910158,-0.021505887
BICARBONATE_MEASURE__max,-0.04005011,-0.008471349,-0.012184548,-0.032715335,0.076135874,-0.032771587,0.036226727,0.0044820085
BLOOD_CULTURE__max,0.002757802,0.011477619,-0.0127380965,0.010987106,0.009721611,0.014665107,-0.01926205,-0.007033501
BLOOD_PRESSURE_DIASTOLIC_MEASURE__max,-0.018710362,0.04018428,-0.05290823,-0.021773648,0.003401513,-0.02349254,-0.107959844,-0.03403322
BLOOD_PRESSURE_SYSTOLIC_MEASURE__max,0.0034548503,-0.03799243,-0.072019234,0.061560124,-0.12086716,0.0013968929,-0.05635641,0.041562416
BMI_MEASURE__max,0.009067603,0.005169688,-0.004337628,-0.019184532,-0.006638919,-0.024210328,-0.012897843,0.0050329175
BODY_TEMPERATURE_MEASURE__max,0.0324696,0.08442375,-0.07829992,0.09677591,0.15760843,-0.11099044,0.022247344,-0.023640536
BOLUS_DOSAGE__max,0.017433109,-0.022822034,-0.077213995,-0.055823807,-0.18309885,-0.017727364,-0.046985775,-0.1384164
CALCIUM-GLUCONATE_BITZUA__max,-0.041291613,0.019443648,0.09339198,-0.12935323,-0.023551924,0.0001521239,0.19668151,-0.11432715
CARDIO-VASCULAR_DISORDER_EVENT__max,0.0035294401,-0.016622065,0.0070784492,-0.013576542,0.009228624,-0.011722323,0.0063434597,-0.0068604704
CARDIOVASCULAR_DISORDER_OBS__max,-0.023501169,-0.021199692,-0.022532925,0.016299136,0.017908981,0.013180775,0.0072471476,-0.021799777
CHEST_XRAY__max,0.023553539,0.019209709,0.018739223,0.0027334762,0.011421342,-0.007964915,-0.0020958267,0.010358135
CREATINE-KINASE_MEASURE__max,0.017241567,0.048579745,-0.11385132,-0.06798539,-0.16385677,-0.0021524772,-0.012369971,-0.018042278
CREATININE_SERUM_MEASURE__max,-0.04518233,0.0013407216,-0.025958434,0.009487551,0.04041108,0.06500065,-0.025084963,0.04289034
DEXTROSE_BITZUA__max,-0.0041920394,-0.024779191,0.011688295,-0.054186337,0.07659077,0.019710718,0.043521486,-0.030895168
DIABETES_DIAGNOSIS__max,0.022811394,-0.018920682,-0.00093882956,-0.0076162866,0.01999803,-0.021223078,-0.012245501,0.013025292
DIALYSIS__max,-0.01542655,0.016793963,-0.015524436,0.024541983,-0.005385102,0.024817763,-0.01781865,0.008086867
E-GFR_MEASURE__max,-0.02742863,0.02125648,-0.026949324,0.074711956,-0.032474387,-0.005052414,-0.048876237,0.026719647
EGFR_MEASURE__max,0.004782428,0.052715916,-0.028417638,0.02140365,0.03075882,-0.01428687,-0.027584227,0.037358712
GLUCOSE_MEASURE__max,0.027950801,0.0067823147,0.01295029,-0.08890015,-0.52789193,-0.060325764,0.039703764,-0.10784413
HEART_RATE_MEASURE__max,0.03070416,0.1556124,-0.038631152,0.016439728,0.08489161,-0.06124819,-0.036150817,-0.022657717
HEMATOCRIT_MEASURE__max,0.016571661,0.0775531,0.036467936,0.044023365,0.08077797,0.07864034,0.02348068,0.0020756032
HEMOGLOBIN_MEASURE__max,-0.0088569475,-0.059988696,0.008516146,0.004741291,0.03420803,-0.0459727,-0.0042620306,0.060859222
HEPARIN_IV_BITZUA__max,0.018161891,0.053001203,-0.03175453,-0.08488352,-0.088751614,-0.04344456,0.0036993762,-0.049539156
HYPERGLYCEMIA_EVENT__max,-0.025209384,-0.011439853,0.0007270089,0.016872333,0.021330822,0.009481011,-0.011514909,-0.0033512071
HYPERTONIC_SALINE_BITZUA__max,-0.044373527,0.13153031,0.03784675,-0.07153064,0.113856904,-0.12784812,0.04196438,0.039416004
HYPOGLYCEMIA_EVENT__max,0.014568605,-0.0074951504,-0.024152298,0.0014027067,-0.020120278,0.0023885004,0.0015500844,-0.010334421
INFECTION_EVENT__max,0.0053724935,-0.0035964504,-0.006853176,-0.016827513,0.009958859,0.022886222,0.010683154,-0.018191956
INFECTION_WBC_MEASURE__max,-0.03878937,0.020653449,-0.016701125,-0.043055527,-0.13176316,-0.0137164565,0.025117436,-0.06551052
KETONES_SERUM_MEASURE__max,0.009646716,0.0040000994,0.0026802486,-0.020993933,0.012846719,0.01324644,-0.011876857,-0.027284015
KETONES_URINE_MEASURE__max,0.014571402,0.014237516,-0.03408389,0.007699182,-0.0003389901,-0.01243333,-0.013546299,-0.0015570815
KIDNEY_COMPLICATION_EVENT__max,-0.006510223,0.019751227,0.025477601,-0.019133346,0.012543733,-0.01265862,0.009729363,-0.016729502
KIDNEY_COMPLICATION_OBS__max,0.005800435,-0.012324094,-0.01686423,0.020172378,-0.020086259,-0.011405463,0.019630069,0.01737083
MEAL_Breakfast__max,-0.023558963,-0.019704985,-0.007268701,-0.02260067,-0.01873371,-0.010393497,0.021304302,0.0075701936
MEAL_Dinner__max,-0.012354806,0.004467772,0.014800908,0.01071935,-0.025118852,-0.008887843,-0.020252444,0.021921774
MEAL_Lunch__max,0.0046547237,-0.0024985692,-0.008386782,-0.010723749,0.00475899,0.0048824884,-0.019893246,-0.025141621
MEAL_Night-Snack__max,0.019236684,0.020797722,-0.016060442,0.01826106,-0.023795456,-0.013033229,-0.023067836,-0.0073702624
METFORMIN_HOME_BITZUA__max,0.030690283,-0.0030599763,-0.007400299,0.020125965,-0.03315842,-0.009753688,0.004619105,0.011888597
METFORMIN_HOSPITAL_BITZUA__max,-0.013392079,-0.020893335,-0.0013569483,-0.07415358,0.051502705,-0.0032669941,0.0013460197,-0.04567821
NEUTROPHILS_MEASURE__max,-0.03113903,0.037444714,-0.08283697,-0.06300228,-0.0059992955,-0.041674513,-0.026604913,-0.012523093
PH_MEASURE__max,-0.045505837,0.15786336,-0.024030404,0.1180863,-0.1893841,-0.046014003,-0.078018986,0.04920993
PLT_MEASURE__max,0.0041597867,-0.024180373,0.022126747,-0.010944133,-0.04093607,-0.009799078,0.009258076,0.008707712
POTASSIUM_MEASURE__max,0.046611324,-0.027589962,-0.022467827,0.031811833,-0.016408253,-0.023886783,-0.004955606,0.05335789
SEVERE_HYPERGLYCEMIA_EVENT__max,-0.009137088,0.022154544,0.0064129904,0.0023791913,-0.018186443,-0.015345982,0.02426753,-0.021014297
SEVERE_HYPOGLYCEMIA_EVENT__max,0.0023382232,-0.0016867402,0.020802151,-0.015552236,0.013514168,0.010614903,-0.012625111,0.008707816
SGLT2_HOME_BITZUA__max,0.024681825,0.009534729,0.0104973875,-0.00035946252,-0.021905256,-0.00045890964,-0.007835336,-0.008812843
SGLT2_HOSPITAL_BITZUA__max,0.01586311,-0.021761792,0.040439695,0.022892203,0.0028345156,-0.016798677,0.009505412,0.055623386
SODIUM_MEASURE__max,0.03435743,0.10231942,0.004535588,-0.08825246,-0.047857165,0.08257364,0.017657788,-0.074906215
STEROIDS_IV_BITZUA__max,0.022960551,-0.10451304,0.016913304,0.06275634,-0.28641075,-0.033569995,-0.048871655,-0.13622572
STEROIDS_PO_BITZUA__max,0.001189767,-0.014747987,0.01224859,-0.012534162,-0.034480833,-0.064626694,0.052396793,-0.018904595
TROPONIN_MEASURE__max,0.0071087847,-0.030692386,-0.019857021,-0.09168047,-0.0023833,-0.07293473,0.01722365,-0.11410529
UREA_MEASURE__max,-0.034550026,0.047403365,0.01012384,0.028500821,0.02003792,-0.014347298,-0.022827486,0.042140268
URINE_CULTURE__max,0.018936124,0.016619274,-0.016525598,0.010176462,-0.0019431809,0.0009103651,-0.019126154,-0.019535141
WEIGHT_MEASURE__max,0.056762885,-0.040439136,-0.024910977,-0.0015391201,0.009231484,-0.0035958379,0.0020613475,-0.021449912
ADMISSION__first,0.011510841,0.0056495797,-0.003269536,0.023199905,-0.021754052,0.023374053,0.015711963,0.007198211
ALANINE-AMINOTRANSFERASE_MEASURE__first,0.0060140705,0.08441857,0.03776004,-0.107642524,-0.10418538,0.08711427,0.053875875,-0.100395724
ALBUMIN_SERUM_MEASURE__first,-0.019369418,-0.07177406,-0.027990822,-0.06689154,0.09050729,0.071191974,-0.011691505,-0.0015003243
ANTIBIOTIC_IV_BITZUA__first,-0.058697175,-0.07765133,-0.012647281,-0.06154866,0.0036147332,-0.08801274,-0.007418381,-0.037707184
ANTIBIOTIC_PO_BITZUA__first,-0.002980726,-0.13643146,-0.012814354,0.03357975,0.07947734,0.032431982,-0.017584004,0.012835624
ANTIDIABETIC_HIGH_HYPO_HOSPITAL_BITZUA__first,-0.005604772,-0.024982957,-0.005063569,-0.00039608844,-0.010181746,-0.011204837,-0.0067737433,-0.019509638
ASPARATE-AMINOTRANSFERASE_MEASURE__first,0.05826468,-0.089259595,-0.04084277,0.05976214,0.034209944,-0.09084625,-0.0730972,0.0684488
BASAL_DOSAGE__first,0.026999597,-0.016628945,0.045507446,-0.053961433,-0.07594661,-0.09053469,0.0077148485,-0.00959504
BASAL_HOME_BITZUA__first,-0.00030180486,-0.017158618,0.015376155,-0.01584201,-0.009326316,0.01725995,0.008422708,-0.013647042
BASE_GLUCOSE_MEASURE__first,-0.020346723,0.009708825,-0.016563443,0.030945016,-0.008242515,0.010199335,0.019856714,-0.0039453064
BICARBONATE_MEASURE__first,-0.19667144,0.13581225,0.04225389,0.06103282,0.06790966,0.0028473744,0.02559889,-0.008300022
BLOOD_CULTURE__first,-0.012241881,-0.0026399374,-0.0068356707,0.0052260635,0.020835277,-0.005305779,0.003731632,0.009042645
BLOOD_PRESSURE_DIASTOLIC_MEASURE__first,-0.0026039549,0.043752734,-0.0004726955,-0.041874018,0.14402685,0.047699943,-0.005177861,-0.010714947
BLOOD_PRESSURE_SYSTOLIC_MEASURE__first,0.017301904,-0.019719929,0.007834987,0.011588429,-0.118262276,-0.038141023,0.02753035,-0.019692814
BMI_MEASURE__first,0.018039528,0.002285518,-0.12683088,0.004153079,-0.014195916,-0.023896959,0.03468526,-0.023542386
BODY_TEMPERATURE_MEASURE__first,0.040081106,-0.15388656,0.018706046,-0.07261207,-0.23213877,0.011878617,0.016971506,-0.07628178
BOLUS_DOSAGE__first,0.0013974765,0.002602077,-0.012790856,0.036623776,0.13778797,-0.058649115,-0.0188614,0.016303092
CALCIUM-GLUCONATE_BITZUA__first,-0.06604239,-0.10143812,-0.14968513,-0.23410915,-0.06090565,-0.24748546,-0.115817614,-0.28304255
CARDIO-VASCULAR_DISORDER_EVENT__first,-0.008344113,-0.018109998,0.021003444,0.006252611,0.0122836735,0.012919207,0.015207369,0.023525536
CARDIOVASCULAR_DISORDER_OBS__first,-0.009029304,-0.0076167313,0.00803497,-0.009001822,-0.0020225581,0.014185944,-0.01777509,-0.018423267
CHEST_XRAY__first,0.02389875,-0.0009903524,-0.024353031,0.023383437,-0.009806524,-0.0073102606,-0.0042779767,0.00011787751
CREATINE-KINASE_MEASURE__first,-0.0017838806,-0.05660366,-0.020555686,-0.07945131,0.014999659,0.01978508,-0.026069298,-0.09987864
CREATININE_SERUM_MEASURE__first,0.022102335,-0.17365196,-0.049238373,-0.08435405,0.07940176,-0.016174333,-0.075968534,-0.1769606
DEXTROSE_BITZUA__first,0.022993565,-0.048020903,-0.022169912,-0.047618173,-0.039015748,0.033312995,-0.024110882,-0.07840048
DIABETES_DIAGNOSIS__first,0.0007331601,0.016208608,0.0023727491,0.004694822,0.024480892,-0.021031419,-0.017129026,-0.015774887
DIALYSIS__first,0.023760904,0.0077112303,-0.0011258057,-0.015148535,-0.0036086508,0.021970926,0.00955498,0.0003326392
E-GFR_MEASURE__first,0.040857498,0.14562988,0.07924759,0.03125323,0.1723399,0.06854057,0.045951948,0.034888946
EGFR_MEASURE__first,0.009427884,0.14553227,-0.002893018,0.1679837,0.3003382,0.14202349,0.0065607755,0.09570239
GLUCOSE_MEASURE__first,0.03113616,-0.034978054,0.07092206,-0.026864117,-0.010295546,-0.04170275,0.027867341,-0.02952729
HEART_RATE_MEASURE__first,0.0071303365,-0.016605455,0.03317719,-0.08766972,0.053214453,0.027586577,-0.002295013,-0.07719392
HEMATOCRIT_MEASURE__first,0.06081925,-0.12769116,-0.08411962,-0.011193649,-0.22995856,-0.012156755,-0.05537,-0.041375667
HEMOGLOBIN_MEASURE__first,0.051944833,-0.02012669,0.01138112,0.014864482,-0.104134575,0.01546304,-0.030659918,0.0047247196
HEPARIN_IV_BITZUA__first,0.0068743667,-0.0308953,0.029527089,0.082570024,-0.12842318,0.005789345,0.004455356,0.14610827
HYPERGLYCEMIA_EVENT__first,0.008974251,0.021422468,-0.009085222,0.0091544,0.011639558,0.014872791,-0.017123135,-0.0076369448
HYPERTONIC_SALINE_BITZUA__first,-0.07728504,-0.03138109,0.013607876,0.029842965,0.075204134,-0.008684588,-0.013993232,0.0038686767
HYPOGLYCEMIA_EVENT__first,-0.008638214,-0.019576645,-0.0077252714,0.013426653,-0.008515707,-0.012364978,0.0017136908,-0.0061060335
INFECTION_EVENT__first,0.0252547,0.010615915,0.024229117,-0.015657376,0.020406878,-0.0033661332,0.014339169,-0.0061693774
INFECTION_WBC_MEASURE__first,-0.029353866,-0.066681094,0.0022064613,-0.03849774,-0.04000541,0.036788385,-0.014129571,-0.09596666
KETONES_SERUM_MEASURE__first,0.0121623445,-0.021277023,0.019310717,-0.0036892497,0.05912187,0.011424666,0.0035999983,0.003933145
KETONES_URINE_MEASURE__first,-0.014605018,-0.044357724,0.027454874,-0.02281757,0.043441925,-0.017005969,0.011325329,-0.009330293
KIDNEY_COMPLICATION_EVENT__first,0.010084126,-0.0043145684,-0.00816461,-0.0049390914,-0.015207025,0.015802255,-0.009808675,-0.012827242
KIDNEY_COMPLICATION_OBS__first,-0.002812193,0.022451298,0.015144477,0.00032991206,0.004891425,0.013119626,-0.007020144,-0.020017117
MEAL_Breakfast__first,-0.002452111,-0.024596909,-0.016506353,-0.007876533,0.0015050877,-0.0019218785,0.021064902,0.017568855
MEAL_Dinner__first,-0.02472253,-0.0022001131,-0.022263005,0.017872827,-0.013145978,0.0047069797,0.014850274,-0.018719524
MEAL_Lunch__first,-0.017063757,-0.008117725,0.007655726,0.013818134,0.0044239247,-0.023741176,0.00472368,0.0024410263
MEAL_Night-Snack__first,-0.01999358,0.0022608514,-0.014020866,0.008458571,0.016289338,-0.0022505408,-0.019389061,-0.0073499666
METFORMIN_HOME_BITZUA__first,-0.018947024,0.04563686,-0.037266828,-0.02888058,-0.0329133,-0.10213737,0.025828714,0.0034807927
METFORMIN_HOSPITAL_BITZUA__first,-0.13885729,-0.01834049,0.011746455,0.0014701642,-0.041262966,-0.041659385,-0.0020493132,0.039732162
NEUTROPHILS_MEASURE__first,0.13351306,-0.223353,0.03305034,-0.05572332,-0.017688356,-0.006623513,0.013643134,-0.008457598
PH_MEASURE__first,0.017510133,0.011020126,0.006409098,0.045412466,0.061844125,0.011008872,0.0112050995,0.0038541586
PLT_MEASURE__first,-0.026944887,-0.028831199,-0.11911499,-0.18121527,0.045056906,-0.054779053,-0.019490449,-0.16386184
POTASSIUM_MEASURE__first,-0.10881291,0.035184104,0.0010298557,0.060200613,0.13922133,-0.03771575,-0.0059021176,0.044726074
SEVERE_HYPERGLYCEMIA_EVENT__first,-0.0067215506,0.014936168,-0.008670825,-0.025432643,0.018135129,-0.0074701514,0.0014149692,0.018565979
SEVERE_HYPOGLYCEMIA_EVENT__first,0.023497405,-0.0017673353,-0.005314602,-0.008814818,0.014386845,-0.014307466,0.00036013435,-0.0071737366
SGLT2_HOME_BITZUA__first,0.010320626,-0.05354852,-0.006899979,-0.043281376,0.012994986,-0.022778882,0.043903172,-0.008125595
SGLT2_HOSPITAL_BITZUA__first,0.031332046,0.119536914,0.0087435385,0.01179767,0.020442484,0.26964986,-0.013666732,-0.0037866456
SODIUM_MEASURE__first,-0.08405731,-0.060252097,-0.022265423,0.019801555,0.02967932,-0.050877936,-0.07020912,0.06253518
STEROIDS_IV_BITZUA__first,0.035064775,-0.061297707,-0.010890204,0.011325588,0.202212,0.048264507,-0.021082316,0.14337368
STEROIDS_PO_BITZUA__first,-0.0450913,0.059158035,0.059842605,0.16072518,0.02159182,-0.021279491,-0.013945297,0.2235384
TROPONIN_MEASURE__first,-0.016626857,-0.12538536,0.000108503,0.12442501,-0.013015921,-0.036305882,0.003495467,0.14864816
UREA_MEASURE__first,0.0058367997,-0.06154761,0.036755063,-0.00052656495,0.020300858,-0.08331496,0.006411185,-0.061757617
URINE_CULTURE__first,-0.023011092,-0.02229911,0.0047534956,0.02471475,0.024364514,-0.009725532,0.00096301106,0.023291009
WEIGHT_MEASURE__first,-0.014071842,-0.102813795,0.034556374,0.030958112,0.031634446,0.032688126,-0.005107897,-0.0027155513
ADMISSION__last,-0.012203296,0.014540243,-0.0101352045,0.001238777,0.024985503,0.00048279093,-0.021772247,-0.0071783666
ALANINE-AMINOTRANSFERASE_MEASURE__last,0.032112703,0.070761666,0.07985492,-0.046749998,-0.028246919,-0.06315194,0.010226725,-0.07078961
ALBUMIN_SERUM_MEASURE__last,0.018602464,-0.18857741,-0.079646714,-0.108886674,-0.17371531,-0.042095635,-0.07700259,-0.09075561
ANTIBIOTIC_IV_BITZUA__last,0.0221282,0.04341221,-0.01244793,0.018918123,0.012448674,-0.05200226,-0.041179627,0.063018344
ANTIBIOTIC_PO_BITZUA__last,-0.017428627,0.06281986,-0.0034177275,0.012507037,-0.038016174,-0.035134807,-0.013468659,0.030812014
ANTIDIABETIC_HIGH_HYPO_HOSPITAL_BITZUA__last,0.0064166244,-0.012891278,-0.0080477,-0.01310591,5.3917047e-06,-0.02016664,0.0004445351,-0.002026794
ASPARATE-AMINOTRANSFERASE_MEASURE__last,0.025165629,0.2143669,-0.083548084,0.033879966,-0.0701585,-0.059645705,-0.066180676,-0.00032488097
BASAL_DOSAGE__last,-0.05284465,-0.07536284,-0.1195425,0.097451024,0.018592743,-0.09709828,-0.08362603,0.037643805
BASAL_HOME_BITZUA__last,-0.012773234,-0.0062579904,-0.027829623,0.011541162,-0.020567836,-0.0155487675,-0.010247218,-0.015260588
BASE_GLUCOSE_MEASURE__last,0.012224655,0.021878079,0.01796353,-0.0018129398,0.039190635,-0.010034659,0.030450294,0.027034175
BICARBONATE_MEASURE__last,0.1019829,-0.27405015,-0.017715065,-0.07785532,-0.03913027,-0.030945886,0.003245894,-0.0982409
BLOOD_CULTURE__last,-0.0058139362,-0.01802345,-0.018442607,-0.01382148,-0.0253881,0.003720024,0.024493696,0.013536855
BLOOD_PRESSURE_DIASTOLIC_MEASURE__last,0.0010786637,-0.0332378,-0.0015110921,-0.025314769,-0.039212648,0.022075703,0.018319877,0.0075483224
BLOOD_PRESSURE_SYSTOLIC_MEASURE__last,0.0003405994,-0.007547919,0.012258713,0.02524237,0.05574882,-0.033411033,0.008042026,0.023070114
BMI_MEASURE__last,-0.020631185,-0.008150064,0.12622282,0.012298741,-0.018663641,0.008310753,-0.019845856,0.003226143
BODY_TEMPERATURE_MEASURE__last,0.0051751193,0.068476394,0.010195619,-0.0128692845,0.41908243,0.052415106,-0.0017785381,0.0030711598
BOLUS_DOSAGE__last,0.010517445,-0.024743428,-0.02541835,-0.07804583,-0.020864693,-0.04934794,-0.006864698,-0.0774886
CALCIUM-GLUCONATE_BITZUA__last,0.02570476,-0.14420116,0.12413624,0.19888306,0.031297103,-0.013872118,0.15787478,0.1367643
CARDIO-VASCULAR_DISORDER_EVENT__last,-0.0021583703,0.015293909,0.0114131365,0.00020854699,-0.0059157484,-0.016582932,-0.01680624,0.025158104
CARDIOVASCULAR_DISORDER_OBS__last,-0.01757519,-0.018207088,0.024074996,0.0029329043,0.002221279,0.01813549,0.016402146,-0.0115127275
CHEST_XRAY__last,0.011735514,-0.0021065653,0.0015612517,0.0047260057,0.017665733,-0.0010557552,-0.008761415,-0.011577869
CREATINE-KINASE_MEASURE__last,-0.000715438,0.06078485,-0.03276203,0.12070078,-0.03802383,-0.065656155,-0.043918278,0.13043226
CREATININE_SERUM_MEASURE__last,-0.015443249,0.3215326,0.014777145,0.094350025,-0.044808995,0.20541541,0.015796836,0.070639044
DEXTROSE_BITZUA__last,0.010367597,-0.02102619,0.015254065,-0.05290068,0.029557763,-0.013048262,-0.0061176107,-0.07267524
DIABETES_DIAGNOSIS__last,-0.0002526288,0.020696452,0.0015879648,-0.0026459105,0.021998914,0.0043691774,0.013727503,-0.012444992
DIALYSIS__last,-0.005071072,0.0028638416,-0.014471962,-0.021511568,-0.0062938593,-0.009948714,-0.0061274967,0.005578597
E-GFR_MEASURE__last,-0.029247643,-0.2986376,-0.08948698,-0.0880884,-0.15304038,-0.13643825,0.016778065,-0.06996886
EGFR_MEASURE__last,-0.08290628,-0.32678258,-0.00037729746,-0.11613834,-0.16381031,-0.21034272,0.04511452,-0.09484417
GLUCOSE_MEASURE__last,-0.005719418,0.033132195,-0.13080814,-0.118572205,0.012392264,0.046097655,-0.025880907,-0.081040286
HEART_RATE_MEASURE__last,0.00034703966,0.29392034,0.038255062,0.1205436,0.24942411,0.0015765459,0.026633644,0.10777427
HEMATOCRIT_MEASURE__last,0.03867009,0.0066497736,-0.0063708415,0.017615777,-0.16832699,0.021291215,-0.018459791,0.03902901
HEMOGLOBIN_MEASURE__last,-0.03291344,-0.10268474,-0.039771166,-0.09800223,-0.1621239,-0.024353636,-0.033330575,-0.088979974
HEPARIN_IV_BITZUA__last,0.0049695186,-0.00170664,0.020154728,0.0019252464,-0.06424441,-0.054580737,-0.0175521,0.13035423
HYPERGLYCEMIA_EVENT__last,0.024529034,0.006222916,-0.024417074,-0.0034602638,-0.024347572,-0.01704857,-0.0072793653,-0.0067913053
HYPERTONIC_SALINE_BITZUA__last,0.001933664,-0.04230201,0.0015246301,-0.057858907,-0.10751515,-0.08778274,-0.07095969,-0.08908292
HYPOGLYCEMIA_EVENT__last,-0.014967849,0.01989407,-0.0071223457,-0.011177337,0.014575087,-0.010551836,0.0044166357,-0.022664418
INFECTION_EVENT__last,0.01287592,0.023207756,0.007828986,-0.015322057,-0.01771917,0.005461304,-0.009229808,-0.021013353
INFECTION_WBC_MEASURE__last,0.042454794,0.22722666,0.016739551,0.04233008,0.15818252,0.0643825,0.031146266,0.028429564
KETONES_SERUM_MEASURE__last,0.009835265,0.045213535,-0.030496132,0.0044319793,-0.032473087,-0.0019264239,-0.009381288,-0.02413634
KETONES_URINE_MEASURE__last,-0.012707611,0.0067535564,-0.016951585,0.033096496,-0.05817441,-0.012849838,0.013834186,0.022121713
KIDNEY_COMPLICATION_EVENT__last,-0.009176779,-0.004621163,0.001175132,-0.021721119,-0.0014051547,0.001728026,0.022313597,0.02567612
KIDNEY_COMPLICATION_OBS__last,-0.0079965405,-0.0017566526,-0.019905323,0.00421287,-0.009629023,-0.022901671,-0.0002997187,0.021139063
MEAL_Breakfast__last,0.0016492347,-0.01632559,-0.007033258,-0.019594518,0.018906396,0.0073961667,0.0065375194,0.012274375
MEAL_Dinner__last,-0.005581177,-0.02313482,0.003338715,0.0032026635,-0.0012394857,-0.011291657,-0.015051432,0.023159249
MEAL_Lunch__last,0.01574835,-0.016860386,-0.0017597346,0.0023563504,0.021130491,-0.02319784,-0.021404771,0.021489415
MEAL_Night-Snack__last,-0.008068441,-0.008527147,-0.019007247,0.016156165,-0.0022673444,-0.011805412,-0.004941098,-0.01984664
METFORMIN_HOME_BITZUA__last,0.032321732,-0.007924444,0.030460829,0.05954518,0.06420232,0.12274533,-0.042458568,0.038119663
METFORMIN_HOSPITAL_BITZUA__last,0.078983344,-0.08127911,0.032894515,0.012634714,-0.13427015,-0.0012143312,0.007690994,-0.06314033
NEUTROPHILS_MEASURE__last,0.0044977823,0.3560639,0.08293363,0.14464031,0.28085864,0.092069246,0.04509919,0.15820068
PH_MEASURE__last,0.097764194,0.029700996,0.018259749,0.0008602887,0.04441784,-0.028827995,0.050587162,-0.0010128254
PLT_MEASURE__last,-0.07516372,-0.42744422,-0.077199735,-0.021834664,-0.17238568,-0.09009732,-0.017261617,-0.020025728
POTASSIUM_MEASURE__last,0.006122834,0.085158,-0.06452082,-0.007213161,0.05497387,-0.024518875,-0.04841921,-0.007922006
SEVERE_HYPERGLYCEMIA_EVENT__last,0.0084111225,0.022847185,-0.00074024213,0.017472418,-0.023422422,0.01921328,0.020093746,-0.008492338
SEVERE_HYPOGLYCEMIA_EVENT__last,-0.008561051,0.0033741277,0.011287366,0.007759265,0.019406132,-0.0030735391,-0.020325819,-0.0015900478
SGLT2_HOME_BITZUA__last,-0.01942667,0.09967877,0.029091686,-0.0025674317,-0.019783689,0.014520128,-0.016781583,0.026165064
SGLT2_HOSPITAL_BITZUA__last,-0.04839865,-0.031727873,0.017376417,0.048568316,-0.0052205897,-0.14900732,0.029845942,0.059711915
SODIUM_MEASURE__last,0.01578409,0.12872255,0.030302811,0.008321687,-0.008201394,0.09917465,0.0070400513,0.0060326597
STEROIDS_IV_BITZUA__last,0.027173035,-0.030950975,0.029106729,-0.07021259,-0.15717544,0.020089483,-0.010471673,0.02803785
STEROIDS_PO_BITZUA__last,0.050323848,-0.0017550171,0.050408833,0.060377683,-0.067367196,-0.07793279,0.064629495,0.07886083
TROPONIN_MEASURE__last,0.010877142,0.059066076,0.05066099,0.11493612,0.14130126,0.023058167,0.039523218,0.06364685
UREA_MEASURE__last,-0.042251505,0.29829255,0.0323916,0.0583456,0.060461618,0.15401383,0.05536412,0.08041869
URINE_CULTURE__last,-0.009421675,-0.019372717,0.013795554,0.013609393,-0.0114109395,-0.007085585,0.015130911,-0.015256784
WEIGHT_MEASURE__last,-0.042764053,0.017505817,-0.06704452,-0.04948861,0.0037718895,-0.046849113,-0.037080556,-0.06255773
ADMISSION__p25,0.02388621,-0.009066075,-0.0003012727,-0.014570845,0.008476051,0.0021534006,-0.008872825,0.020202424
ALANINE-AMINOTRANSFERASE_MEASURE__p25,0.02815918,-0.021587128,-0.047939487,-0.105678834,-0.09763468,-0.051608488,-0.04747167,-0.13119401
ALBUMIN_SERUM_MEASURE__p25,-0.043841332,-0.06750058,-0.000305801,-0.0065519228,0.03836782,-0.01914222,-0.014663846,-0.040345285
ANTIBIOTIC_IV_BITZUA__p25,0.06720533,-0.06948729,-0.06963372,-0.09244809,-0.017666325,-0.035770684,-0.098136425,-0.16356649
ANTIBIOTIC_PO_BITZUA__p25,0.005566589,0.011540033,-0.074304946,-0.01685952,0.037672613,-0.004000471,-0.065231174,-0.008916101
ANTIDIABETIC_HIGH_HYPO_HOSPITAL_BITZUA__p25,0.00634203,-0.013323978,0.0038122165,-0.014320058,-0.03096694,-0.011398189,0.008155181,-0.022531096
ASPARATE-AMINOTRANSFERASE_MEASURE__p25,-0.0017552499,0.045019757,0.031492844,0.0080264555,0.020731097,-0.022615261,0.016628647,0.016246159
BASAL_DOSAGE__p25,-0.010383545,0.058619294,0.07437564,-0.03903175,-0.05124324,-0.04400013,0.05380144,0.021554196
BASAL_HOME_BITZUA__p25,-0.022902459,-0.020193325,-0.01812963,-0.0018355456,0.010682697,0.0028179598,-0.014777492,-0.010135173
BASE_GLUCOSE_MEASURE__p25,-0.0053939577,0.017593458,0.024489958,-0.012590785,-0.00570389,-0.013768092,0.0053874203,0.010715011
BICARBONATE_MEASURE__p25,0.062038008,0.04759141,-0.07144194,0.021705363,0.073382474,0.009181069,-0.02154405,0.048929464
BLOOD_CULTURE__p25,0.021374999,3.7507787e-05,-0.01876005,0.0057206857,0.022159325,-0.004490961,0.016850783,0.02529332
BLOOD_PRESSURE_DIASTOLIC_MEASURE__p25,0.001767813,-0.03364348,-0.03362234,0.0147110475,-0.03574136,-0.066383004,-0.018662386,0.05476365
BLOOD_PRESSURE_SYSTOLIC_MEASURE__p25,-0.03847263,0.010112309,-0.031161938,-0.10011784,-0.07250068,-0.055284794,-0.01430254,-0.11827796
BMI_MEASURE__p25,0.017244678,-0.01708123,-0.029231826,0.008284307,0.0104500875,-0.010104664,-0.011336336,-0.009389753
BODY_TEMPERATURE_MEASURE__p25,-0.02787673,-0.14568886,-0.00019020097,0.028005239,-0.41415435,-0.019827377,-0.018871818,-0.054040585
BOLUS_DOSAGE__p25,-0.039255872,-0.07306651,-0.05876045,-0.19751137,-0.09848903,0.076429754,-0.025609998,-0.20172657
CALCIUM-GLUCONATE_BITZUA__p25,0.020903304,0.07089607,0.09692474,0.107897334,0.013414297,0.06622927,0.10350033,0.14801818
CARDIO-VASCULAR_DISORDER_EVENT__p25,0.019323442,-0.02442641,0.015449617,0.015855286,-0.0049309344,0.006438447,0.02102247,0.022411441
CARDIOVASCULAR_DISORDER_OBS__p25,0.019010724,-0.020285785,-0.01280604,-0.011290491,0.023123,-0.02184958,0.0077481875,-0.0024920646
CHEST_XRAY__p25,-0.008434261,-0.023360062,-0.0035268876,-0.020799147,0.015115897,0.021564769,-0.02335559,0.025249658
CREATINE-KINASE_MEASURE__p25,-0.023489786,-0.029319262,0.05279423,-0.097590305,-0.03352329,-0.057704926,0.07457796,-0.12918487
CREATININE_SERUM_MEASURE__p25,0.06748563,-0.050578147,0.022874936,-0.028671902,-0.08611526,0.07429092,0.009173784,-0.03842749
DEXTROSE_BITZUA__p25,0.028232852,-0.00941807,0.02218487,0.010068782,-0.14099501,0.011085097,0.028017908,0.05577683
DIABETES_DIAGNOSIS__p25,-0.02045113,-0.02014578,-0.01209609,-0.012726463,-0.0035086975,-0.024452137,-0.01537075,0.008473919
DIALYSIS__p25,-0.004951732,0.017851254,0.023343883,-0.0014252807,0.016613204,0.019043945,-0.023819542,-0.016706478
E-GFR_MEASURE__p25,-0.027406156,-0.024732495,-0.05363538,-0.041369013,-0.12226986,-0.017174145,-0.032534968,-0.004596843
EGFR_MEASURE__p25,-0.03613872,0.08488323,0.0030595292,-0.03691675,-0.017117433,-0.035854667,-0.013759031,-0.009388672
GLUCOSE_MEASURE__p25,-0.043992355,0.05741722,-0.05140623,-0.19934359,-0.012740102,0.027350789,0.056728486,-0.13166885
HEART_RATE_MEASURE__p25,-0.047215935,0.055112075,0.0051640323,-0.040182844,-0.08981188,0.041900165,0.019406911,0.03436758
HEMATOCRIT_MEASURE__p25,-0.028164113,0.017820181,-0.0050603794,-0.0072941207,-0.008432754,-0.03172315,0.027898025,-0.00030183874
HEMOGLOBIN_MEASURE__p25,-0.041514445,0.0010441197,-0.0648038,-0.044722937,-0.0357944,-0.021149905,-0.035174273,-0.024538908
HEPARIN_IV_BITZUA__p25,-0.029692188,0.02081491,-0.06444404,0.08330871,0.018490687,0.024035282,0.02104005,0.006730909
HYPERGLYCEMIA_EVENT__p25,0.001163799,-0.020387812,0.009888892,0.0041679945,-0.010572052,-0.023627037,-0.02126626,-0.0059123035
HYPERTONIC_SALINE_BITZUA__p25,-0.045452226,0.07379242,-0.06828461,0.005104052,-0.12004805,-0.072573856,-0.04632076,0.061078336
HYPOGLYCEMIA_EVENT__p25,0.013439965,0.013570192,0.013834687,0.0058757653,0.011827703,0.0016478266,-0.0034712984,-0.008032657
INFECTION_EVENT__p25,-0.0018396497,-0.01236951,0.00093220756,0.0043079574,-0.020814318,-0.014963443,0.00909471,0.008092251
INFECTION_WBC_MEASURE__p25,-0.0064770994,-0.03968882,-0.013872401,-0.024556492,-0.12546925,-0.008926648,0.019965949,-0.066821195
KETONES_SERUM_MEASURE__p25,-0.015355664,0.007140002,0.00415849,-0.02032758,0.0011802258,0.036619514,0.012574244,0.022026265
KETONES_URINE_MEASURE__p25,0.0077041215,-0.01217372,0.0028686463,0.030231902,0.0021416033,-0.0070247343,0.0043511083,0.0090368055
KIDNEY_COMPLICATION_EVENT__p25,0.018854327,-0.0016205707,0.013267936,-0.016289352,-0.018980183,-0.0022637579,0.0149768675,0.016419297
KIDNEY_COMPLICATION_OBS__p25,-0.013375393,0.021498634,0.013047089,0.020771146,-0.014309322,0.009751089,-0.0053974986,-0.004527789
MEAL_Breakfast__p25,-0.02292233,-0.0055331117,-0.0116465455,-0.0071572135,-0.0076224036,-0.015786434,-0.02135728,0.02398385
MEAL_Dinner__p25,0.0014517783,-0.02089353,-0.0029210995,-0.021618107,-0.013139668,-0.024935128,-0.008947698,0.024326207
MEAL_Lunch__p25,0.00042544576,0.0025327704,0.019307615,0.023734355,-0.003589694,0.010510133,0.023446582,0.01029613
MEAL_Night-Snack__p25,-0.0144248875,-0.022696305,0.024110332,-0.0062669595,0.0010155616,0.020661183,-0.0048909863,0.015230868
METFORMIN_HOME_BITZUA__p25,-0.011212096,-0.020001333,-0.0053579765,0.0042294334,0.034540948,-0.002463536,0.010986426,0.004217641
METFORMIN_HOSPITAL_BITZUA__p25,0.02414337,-0.010192662,0.0861738,0.040118467,0.0005328267,-0.021526475,0.044153586,0.0010139054
NEUTROPHILS_MEASURE__p25,-0.07867503,0.03848549,0.07790179,0.05924228,0.05018284,0.03842777,0.048456877,0.045067936
PH_MEASURE__p25,-0.0338631,0.0068236645,0.010098998,-0.03752613,0.21068172,-0.037519164,-0.009756144,-0.056079086
PLT_MEASURE__p25,0.018310063,-0.022325706,0.029287305,0.06579382,0.025384568,0.033925764,0.04543374,0.017346738
POTASSIUM_MEASURE__p25,0.104596496,0.03251441,-0.006543176,-0.020718364,-0.0066120327,0.039359044,-0.026143309,0.051827874
SEVERE_HYPERGLYCEMIA_EVENT__p25,-0.014345621,0.02213093,0.01429153,0.0019572626,-0.020799614,0.025682507,-0.011949006,0.0030216237
SEVERE_HYPOGLYCEMIA_EVENT__p25,0.017025027,-0.014284182,0.011638174,0.0018246754,0.0040708114,-0.008156268,0.005320862,0.01509157
SGLT2_HOME_BITZUA__p25,-0.006345065,-0.005783394,-0.022997541,0.02382841,0.0045024576,0.014212025,0.009776579,-0.009255259
SGLT2_HOSPITAL_BITZUA__p25,-0.030191587,-0.03410101,-0.012608879,0.0056606797,0.024364026,-0.054676853,-0.019008718,0.01973166
SODIUM_MEASURE__p25,0.011285358,-0.012395647,0.03492078,-0.014473294,-0.009070007,-0.044017456,0.048752353,-0.06670162
STEROIDS_IV_BITZUA__p25,-0.0066299033,0.045634087,-0.041225817,0.066405185,-0.010818669,0.10349323,-0.011376524,0.034737665
STEROIDS_PO_BITZUA__p25,-0.058795966,-0.042594954,0.030279392,-0.09440904,-0.0047148108,0.030304372,-0.03796289,-0.0981688
TROPONIN_MEASURE__p25,-0.03251634,0.012073647,-0.023629928,-0.08152598,-0.005758678,0.043736704,-0.032316506,-0.060213692
UREA_MEASURE__p25,-0.026255557,0.03373138,0.029535595,-0.040971335,0.020757971,-0.048287414,-0.020956852,0.014157141
URINE_CULTURE__p25,0.022526955,-0.021426976,0.01940607,-0.013613694,0.024144765,-0.013786026,-0.01751826,0.016761513
WEIGHT_MEASURE__p25,-0.013380671,-0.029946188,0.008434581,-0.009687933,0.025279075,-0.030305598,-0.005756979,-0.022359509
ADMISSION__median,-0.0024376763,0.022632457,0.019510077,0.019529598,-0.010804296,-0.015433778,-0.0020597114,0.019327795
ALANINE-AMINOTRANSFERASE_MEASURE__median,0.031224854,-0.11507676,0.04183154,0.017773168,-0.08612722,0.105097584,0.0032921517,-0.013340169
ALBUMIN_SERUM_MEASURE__median,-0.053636137,-0.04519535,-0.00623246,-0.021734865,0.0024476398,-0.08626553,0.0042802924,-0.03694364
ANTIBIOTIC_IV_BITZUA__median,0.0383084,0.08118104,0.007984714,0.10771496,-0.036197722,0.00024986741,0.028500084,0.04099946
ANTIBIOTIC_PO_BITZUA__median,-0.025242949,-0.013518804,0.01879319,-0.016228871,0.04270629,-0.06644062,0.01486052,0.00090828387
ANTIDIABETIC_HIGH_HYPO_HOSPITAL_BITZUA__median,-0.016656898,-0.032117467,-0.019369109,-0.045004535,-0.015167377,0.0037435135,0.012953302,-0.043839008
ASPARATE-AMINOTRANSFERASE_MEASURE__median,-0.0030411195,0.019771278,-0.011145954,-0.003326887,0.032218266,-0.013481383,0.035700884,0.032089368
BASAL_DOSAGE__median,-0.026462683,0.022144381,0.021080144,-0.011024665,0.04477267,-0.06782559,-0.026066283,-0.047880445
BASAL_HOME_BITZUA__median,-0.002849486,0.020870872,0.0013228258,0.00067866733,-0.023800647,-0.031961955,0.032445107,0.0035552748
BASE_GLUCOSE_MEASURE__median,-0.008397426,-0.0013331816,0.020829841,-0.0075119543,0.017112702,0.023754735,-0.002458391,-0.00016806847
BICARBONATE_MEASURE__median,-0.03423181,0.041330565,0.0007910636,0.008780899,-0.10607159,0.02517787,-0.03697908,0.01872095
BLOOD_CULTURE__median,-0.0012308462,0.015330741,-0.011755567,-0.00491639,-0.018468525,-0.001131882,0.003906816,-0.006202259
BLOOD_PRESSURE_DIASTOLIC_MEASURE__median,-0.008508096,0.011082083,0.032155853,0.087392256,-0.04095391,0.06722365,0.07460869,-0.0024431644
BLOOD_PRESSURE_SYSTOLIC_MEASURE__median,-0.020595038,0.024819665,0.017396899,-0.10765883,0.24805018,0.039190676,-0.006416494,-0.12588677
BMI_MEASURE__median,0.0014938082,-0.009690924,0.019186947,0.015207031,0.010512356,0.014279655,-0.019326478,0.0034505548
BODY_TEMPERATURE_MEASURE__median,0.007833296,0.032415997,0.00858219,-0.056069147,0.095422976,0.05756095,0.017612265,-0.0776138
BOLUS_DOSAGE__median,-0.09535623,0.06378375,0.040257044,0.08560931,0.007963285,-0.046573922,0.015460801,0.05663397
CALCIUM-GLUCONATE_BITZUA__median,0.030846471,0.002250106,0.09114621,0.068483084,0.04264504,0.14882158,0.103295386,0.08441347
CARDIO-VASCULAR_DISORDER_EVENT__median,-0.005812433,0.024068648,-0.0220043,0.013048712,-0.023009617,0.02434294,-0.0012769912,0.017180944
CARDIOVASCULAR_DISORDER_OBS__median,-0.0039016316,-0.014073164,0.009793298,0.004666056,-0.013046773,0.00043191368,0.011740358,0.018607933
CHEST_XRAY__median,-0.014785489,0.01675791,0.00083829876,-0.0055501102,-0.0045665107,0.019980513,-0.00068213866,0.0015370763
CREATINE-KINASE_MEASURE__median,0.007774269,0.006281786,0.0042638225,0.05293669,-0.08132694,-0.013044368,-0.0058131767,-0.011473446
CREATININE_SERUM_MEASURE__median,0.08085339,-0.041911185,0.02935967,-0.006686339,-0.07609561,0.09961763,0.024482552,0.01440418
DEXTROSE_BITZUA__median,-0.025110405,0.026955102,-0.017616969,0.00064870395,0.05582745,-0.08394205,-0.013059722,-0.0805495
DIABETES_DIAGNOSIS__median,-0.02490034,-0.010861782,0.021444544,0.007575894,-0.0016952632,-0.02335136,-0.004896968,-0.008777733
DIALYSIS__median,0.0059324955,-0.010522342,0.018181577,-0.0025719486,-0.014648769,0.00042988724,0.002762195,0.012459444
E-GFR_MEASURE__median,-0.009357876,-0.05185493,-0.0021842695,-0.09429037,-0.07596376,-0.027240619,0.02292931,-0.07291179
EGFR_MEASURE__median,0.037923325,0.074129805,0.0017967647,-0.043279056,-0.058670122,0.007550501,-0.017437285,-0.066022426
GLUCOSE_MEASURE__median,0.055322774,0.103536524,0.014243668,0.028410297,-0.17816557,-0.098645605,0.053189296,0.056864116
HEART_RATE_MEASURE__median,0.022975145,0.07799117,0.04734703,0.00070608815,-0.01864571,0.0030758055,0.027281502,-0.04350405
HEMATOCRIT_MEASURE__median,0.021257224,0.030080266,0.015357562,0.03596517,0.10919656,0.00041274691,0.014964744,0.048832398
HEMOGLOBIN_MEASURE__median,-0.023884261,0.010453089,-0.019961175,0.0072843307,0.083465524,-0.029063944,-0.0012151701,-0.013412348
HEPARIN_IV_BITZUA__median,-0.054648932,0.010497266,0.010910987,0.043892473,0.25623143,0.03827433,-0.018484225,-0.020748265
HYPERGLYCEMIA_EVENT__median,-0.0031467818,-0.023071121,0.02361545,0.015255624,-0.0072666127,0.015611749,-0.0046544042,-0.00936708
HYPERTONIC_SALINE_BITZUA__median,0.009705787,-0.032174453,-0.0030639458,0.0026457377,0.018928312,0.059942864,-0.015007748,-0.007636682
HYPOGLYCEMIA_EVENT__median,0.022390017,0.018893758,0.021500567,0.021940755,0.011618727,-0.0132367425,-0.0016216702,0.022144616
INFECTION_EVENT__median,-0.0011596299,-0.0020532033,-0.003316454,-0.012291307,0.0028400621,-0.011498508,0.0109796785,0.005920738
INFECTION_WBC_MEASURE__median,-0.011223507,-0.04972219,0.04014004,-0.027822424,-0.11009027,-0.0012086935,0.0071507087,-0.035763387
KETONES_SERUM_MEASURE__median,-0.020192519,-0.011342292,-0.014807176,0.008108837,0.026233172,0.026707228,0.0014535965,0.017171359
KETONES_URINE_MEASURE__median,-0.010393745,-0.024923865,-0.015484982,0.0038673382,-0.04302122,-0.021888139,-0.006513297,-0.009330324
KIDNEY_COMPLICATION_EVENT__median,0.014704007,0.022884715,-0.020279262,-0.022771804,-0.0026124239,-0.023403613,0.008277166,-0.0134263635
KIDNEY_COMPLICATION_OBS__median,0.009007713,0.0038257584,0.019824248,0.016764965,-0.008033595,-0.0001796653,0.020320412,-0.018703079
MEAL_Breakfast__median,0.01488281,-0.010858582,-0.008509391,0.016913703,-0.019430455,-0.009281515,0.021698715,-0.012245382
MEAL_Dinner__median,0.014513009,-0.022601191,0.00878361,-0.023391232,-0.015452715,-0.009346021,-0.0194904,0.024589233
MEAL_Lunch__median,-0.012924655,0.018527469,-0.021296073,0.00053847744,0.0011429951,-0.009117188,0.002002021,0.010812125
MEAL_Night-Snack__median,-0.009754264,-0.0030119785,-0.025633711,0.006576076,-0.020001592,-0.0105653275,-0.0006568541,-0.0076188296
METFORMIN_HOME_BITZUA__median,0.012633982,-0.031718522,0.029905898,-0.031978108,-0.036996655,-0.009199337,0.0008740891,0.008177036
METFORMIN_HOSPITAL_BITZUA__median,0.008254756,0.07481908,-0.06871224,0.03988902,-0.100766085,0.0052132118,-0.039303694,0.0064267335
NEUTROPHILS_MEASURE__median,0.0038524126,-0.019371247,0.057503283,0.004040055,0.02891256,-0.011607329,0.023985106,0.03550325
PH_MEASURE__median,0.00084871176,-0.14784734,-0.0028271498,0.032321315,-0.17295787,0.04645839,0.049409915,0.1209878
PLT_MEASURE__median,0.008626018,0.19956507,0.068509795,0.076410994,0.08832198,0.017161695,0.041198067,0.11468986
POTASSIUM_MEASURE__median,0.07528509,0.025199203,0.0038586056,0.04275069,-0.05671229,0.04105512,0.016606418,0.04223177
SEVERE_HYPERGLYCEMIA_EVENT__median,-5.701957e-05,0.012061701,-0.0094854925,-0.025208246,-0.010799838,-0.012659092,-0.00025792103,0.01798813
SEVERE_HYPOGLYCEMIA_EVENT__median,-0.004865226,-0.010898826,-0.023897832,0.019251317,-0.013724343,-0.0011499443,0.018564736,0.002441499
SGLT2_HOME_BITZUA__median,0.01471946,-0.017190332,-0.024932541,-0.016903583,-0.002417714,0.018464753,0.0043475144,0.0019378626
SGLT2_HOSPITAL_BITZUA__median,0.041686907,-0.041571576,-0.026033012,0.022610042,0.020490138,-0.1321801,0.00048660778,-0.010094313
SODIUM_MEASURE__median,-0.01795521,-0.0069075506,-0.017636709,0.028210742,0.0073783062,0.06142163,-0.016342299,0.059761554
STEROIDS_IV_BITZUA__median,0.008760081,0.06344114,0.0039811167,0.015968207,0.10966228,0.014393187,-0.008008471,0.061721586
STEROIDS_PO_BITZUA__median,-0.040227,-0.030313903,-0.102134585,-0.07610731,0.09687634,0.08585061,-0.107493214,-0.13466956
TROPONIN_MEASURE__median,-0.012174596,0.098900534,0.009869553,0.061508626,-0.08922866,0.0060400483,-0.01209856,0.012492398
UREA_MEASURE__median,0.0027444474,-0.0059555424,-0.011497097,0.0009805724,-3.0505771e-05,-0.036415562,0.014555075,0.004333288
URINE_CULTURE__median,-0.007085146,0.0068750056,0.02005452,-0.0136600705,-0.008252976,0.02304336,-0.025467312,-0.0054640747
WEIGHT_MEASURE__median,-0.022063142,-0.018026112,0.0019965528,-0.025981374,0.0035437986,-0.010337229,0.033186745,-0.017122801
ADMISSION__p75,0.014804067,0.007885699,0.018894577,0.010458787,0.023481399,0.004169553,0.02080043,0.005772681
ALANINE-AMINOTRANSFERASE_MEASURE__p75,-0.030629106,-0.030527461,0.020849017,0.003925334,0.06842015,0.022056911,0.0065226136,-0.011527563
ALBUMIN_SERUM_MEASURE__p75,0.0018496123,-0.038502675,0.044023536,-0.035748567,-0.043362904,-0.019351482,-0.010261913,-0.06779023
ANTIBIOTIC_IV_BITZUA__p75,-0.047378454,-0.07087627,0.011050738,-0.04348995,0.090825945,0.027578628,0.035195693,-0.012237836
ANTIBIOTIC_PO_BITZUA__p75,0.00984021,0.021355031,0.043910258,-0.020937206,-0.017652847,0.029885938,0.0648952,-0.01226406
ANTIDIABETIC_HIGH_HYPO_HOSPITAL_BITZUA__p75,-0.031716015,0.015112711,-0.010753072,-0.031776115,-0.03073435,0.0064667393,0.0056756064,-0.03002866
ASPARATE-AMINOTRANSFERASE_MEASURE__p75,-0.031023858,-0.03406029,0.037605934,0.034065843,0.14594853,-0.006317009,0.010027488,0.035441447
BASAL_DOSAGE__p75,-0.009821746,-0.005637699,-0.0034623002,0.0640724,0.02407636,0.0742404,-0.019680977,0.037741736
BASAL_HOME_BITZUA__p75,0.020320775,0.0072762757,-0.0018991447,-0.02727649,0.020475453,-0.002836168,-0.005822536,-0.014788233
BASE_GLUCOSE_MEASURE__p75,0.0077342656,-0.014026051,0.018039515,0.018691098,0.0014728283,0.021928258,-0.0016879842,0.027236164
BICARBONATE_MEASURE__p75,0.02480842,-0.00016427731,0.020195516,0.041821208,-0.13858312,-0.009758031,-0.014894881,0.051195342
BLOOD_CULTURE__p75,-0.016014514,-0.01047685,-0.017349126,-0.020265914,-0.019740865,0.008714056,0.014767046,-0.0011160035
BLOOD_PRESSURE_DIASTOLIC_MEASURE__p75,-0.009383103,0.026983356,-0.0041949307,0.00645147,0.0076017575,-0.01089029,-0.03226327,-0.01390021
BLOOD_PRESSURE_SYSTOLIC_MEASURE__p75,0.0071518146,-0.055576876,0.017468043,0.07753582,-0.035332076,-0.010899903,0.034226898,0.09782047
BMI_MEASURE__p75,0.010781134,0.019219374,0.0055309776,-0.011771738,-0.006240297,0.010580384,-0.01054574,-0.013539132
BODY_TEMPERATURE_MEASURE__p75,-0.06017772,0.1034651,-0.021608021,0.10298908,0.32726935,0.022532344,0.022752086,0.06692349
BOLUS_DOSAGE__p75,0.097027965,-0.039123505,0.0076757274,0.10249095,0.05442627,0.029652905,0.024896344,0.12900756
CALCIUM-GLUCONATE_BITZUA__p75,0.028375005,-0.013489439,-0.10352936,-0.05015218,0.008400531,0.07006842,-0.16257133,0.022367828
CARDIO-VASCULAR_DISORDER_EVENT__p75,0.01303891,0.0063787545,-0.022740165,0.003741429,-0.006331993,0.024110701,0.008764777,-0.023210146
CARDIOVASCULAR_DISORDER_OBS__p75,0.0015757637,-0.015565861,0.008369376,0.012468864,-0.01960668,-0.021817656,-0.012270669,0.014085555
CHEST_XRAY__p75,-0.0052690706,-0.005625828,-0.0011553554,-0.009285742,-0.010451866,0.022521459,-0.009490058,-0.0234941
CREATINE-KINASE_MEASURE__p75,-0.038408447,0.059975594,0.05239835,-0.050020315,-7.423902e-05,0.010646739,-0.012932628,-0.05358824
CREATININE_SERUM_MEASURE__p75,0.055276792,-0.007972704,0.01034863,0.029032534,-0.06162604,0.089740604,0.038378242,0.022637507
DEXTROSE_BITZUA__p75,-0.00302954,0.0057384926,0.018992424,0.04620962,0.024119291,0.0091849575,-0.007337606,0.08011407
DIABETES_DIAGNOSIS__p75,0.02411098,-0.013469539,0.008116572,0.012586211,-0.004073137,0.011992716,-0.0050497083,0.02349383
DIALYSIS__p75,0.013979108,-0.017418662,0.014901033,0.012982709,-0.0063879713,-0.0058261612,0.017598003,-0.011107831
E-GFR_MEASURE__p75,0.013712606,-0.025199808,0.021165242,-0.027464865,0.07201994,-0.013666411,-0.014114132,-0.047217414
EGFR_MEASURE__p75,0.044985157,0.030148365,0.005421624,-0.023322748,-0.053755064,-0.021830728,0.024318537,-0.022919312
GLUCOSE_MEASURE__p75,-0.04347206,-0.08135412,0.014853015,0.20030981,0.0012682633,0.04212828,0.05393948,0.16732611
HEART_RATE_MEASURE__p75,0.0022165687,0.052540187,-0.05977217,-0.057240173,0.04178955,-0.012010503,-0.07026438,-0.030925682
HEMATOCRIT_MEASURE__p75,-0.0048082476,0.041444346,0.01460583,0.036690786,-0.12958384,0.019107684,0.024238681,-0.019858673
HEMOGLOBIN_MEASURE__p75,-0.06318179,-0.020969523,0.016004223,-0.07312891,0.124159046,-0.005608562,0.014287484,-0.0722155
HEPARIN_IV_BITZUA__p75,0.00057992904,0.021371711,-0.013067922,-0.051850338,0.10742007,0.02053301,-0.05114744,-0.02165885
HYPERGLYCEMIA_EVENT__p75,0.012876998,0.015710551,-0.003298813,-0.007582284,-0.013735362,0.02098394,-0.015035879,0.00025994642
HYPERTONIC_SALINE_BITZUA__p75,0.043937683,-0.021966713,0.0022240314,0.011204045,0.13734676,-0.047093634,0.050083753,0.08259703
HYPOGLYCEMIA_EVENT__p75,0.0010890886,-0.0061733043,0.020177457,-0.02097766,0.020425256,0.0058795423,-0.02328495,-0.016629094
INFECTION_EVENT__p75,-0.0036717681,0.01610116,0.013697092,-0.011616917,-0.0023003148,0.019738892,-0.013583963,0.021138081
INFECTION_WBC_MEASURE__p75,0.05167771,-0.017293576,-0.025675597,0.06890831,-0.10878409,-0.048402358,-0.052007966,-0.024581075
KETONES_SERUM_MEASURE__p75,0.021967273,0.0038290587,0.013792256,-0.029334228,-0.0078083575,0.0010186767,-0.020171134,-0.02252695
KETONES_URINE_MEASURE__p75,-0.025021007,-0.034491364,0.006708133,-0.003941916,-0.030939931,-0.009777269,0.01157671,0.0014870248
KIDNEY_COMPLICATION_EVENT__p75,0.0033537871,-0.0009868061,0.015145766,0.016632356,-0.009796133,0.003015071,0.013802205,-0.014282219
KIDNEY_COMPLICATION_OBS__p75,-0.005555674,0.00890952,-0.006901572,-0.021296376,-0.006568694,0.0038493753,0.012331573,0.0055414774
MEAL_Breakfast__p75,0.013151361,-0.020629577,0.017614817,-0.025063584,-0.023076408,0.021608625,0.014504606,-0.009240115
MEAL_Dinner__p75,0.005262512,-0.0070716417,0.003935901,-0.016631622,0.0018191306,0.017417984,-0.010886318,0.024701035
MEAL_Lunch__p75,-0.007334376,0.0037565392,-0.019628145,-0.010428702,-0.019274864,0.0022423128,0.023589632,0.0070133363
MEAL_Night-Snack__p75,-0.0044346973,-0.008591298,0.009758344,-0.018399151,0.00327226,0.0005882394,-0.025583897,0.007337677
METFORMIN_HOME_BITZUA__p75,-0.024671203,-0.0031535707,0.008127482,-0.005155358,-0.01645628,0.01247529,0.019876642,0.03597473
METFORMIN_HOSPITAL_BITZUA__p75,0.01030232,0.088457614,-0.089164436,-0.009859541,0.07350321,0.03130716,-0.06242513,-0.012804171
NEUTROPHILS_MEASURE__p75,0.023455793,-0.016333332,-0.05081408,0.041640285,0.0007807839,-0.05229779,-0.010914728,0.10262184
PH_MEASURE__p75,0.059948932,-0.040699854,-0.004545278,-0.27525303,0.10580863,-0.035558164,0.02852489,-0.22167492
PLT_MEASURE__p75,-0.0016536416,0.11028572,0.02453453,0.013556112,-0.0014517285,0.042482104,9.253263e-05,0.055405483
POTASSIUM_MEASURE__p75,-0.032623116,0.031180555,0.032243926,-0.05075273,-0.016388409,-0.01392405,0.018073956,-0.07615801
SEVERE_HYPERGLYCEMIA_EVENT__p75,-0.0015515184,0.01146199,-0.010150486,-0.016636249,0.017418196,0.010351635,-0.004469392,-0.0063503194
SEVERE_HYPOGLYCEMIA_EVENT__p75,0.010792571,0.0222916,0.021315489,0.013899467,-0.0024567316,-0.011810311,-0.016753878,0.015271233
SGLT2_HOME_BITZUA__p75,-0.008821654,-0.033672526,0.00186754,0.005100825,-0.022126008,-0.009508234,-0.026305905,0.010507747
SGLT2_HOSPITAL_BITZUA__p75,0.02886966,0.06848781,-0.009842185,-0.024849525,0.007190301,0.13061255,-0.019773364,-0.0047969837
SODIUM_MEASURE__p75,-0.022145264,0.028612709,0.011053068,0.0648314,0.06625839,-0.056033332,0.026209505,0.005459478
STEROIDS_IV_BITZUA__p75,-0.03581116,0.02862492,0.08624217,0.031191912,0.049158093,-0.06749158,0.06889299,0.07909704
STEROIDS_PO_BITZUA__p75,0.009297308,-0.02353705,-0.019841589,-0.02891996,0.020470524,0.0021244579,0.006396259,-0.02716268
TROPONIN_MEASURE__p75,0.003503214,-0.03838577,0.0054003014,0.016920563,-0.10818467,-0.013732375,0.0032408852,-0.025558174
UREA_MEASURE__p75,0.008668611,0.015100334,-0.012779318,0.02037312,-0.0652502,-0.027156187,0.015732283,0.02519784
URINE_CULTURE__p75,0.023234792,0.008512032,0.01572538,-0.015743846,-0.010800798,-0.00028127426,0.015942728,0.014691944
WEIGHT_MEASURE__p75,0.03472509,-0.032467037,0.013411982,-0.029397579,-0.03412622,0.015019164,-0.014811377,-0.021569766
ADMISSION__slope,-0.0062137647,0.010726595,-0.022206113,0.0063348734,0.0009167096,-0.014090197,0.00084002013,-0.003018421
ALANINE-AMINOTRANSFERASE_MEASURE__slope,-0.006561962,-0.06464947,-0.03169272,0.026167182,-0.13304237,-0.037016716,-0.007929865,0.029368684
ALBUMIN_SERUM_MEASURE__slope,0.0019867653,-0.0112748975,0.01121179,0.012548954,0.014941989,0.017463936,0.016205419,0.010617973
ANTIBIOTIC_IV_BITZUA__slope,0.023143692,-0.017956438,0.017260855,0.044067666,-0.015679097,0.011046502,0.017850762,-0.01697585
ANTIBIOTIC_PO_BITZUA__slope,-0.0017487044,-0.00426888,0.010782515,-0.015689848,-0.010927946,-0.011007665,0.041066177,-0.014186182
ANTIDIABETIC_HIGH_HYPO_HOSPITAL_BITZUA__slope,0.01747146,-0.011591216,-0.008458058,0.005916657,0.02833774,-0.05846109,0.0020861153,0.07220743
ASPARATE-AMINOTRANSFERASE_MEASURE__slope,-0.0017449694,0.013535996,0.0316767,-0.055190522,0.20947643,0.091424346,0.0404891,-0.047404084
BASAL_DOSAGE__slope,-0.00049434096,0.016816027,0.0019104133,-0.0033216544,0.019218637,0.010278358,-0.004647417,-0.0018797561
BASAL_HOME_BITZUA__slope,0.06834,0.015036553,0.036180872,0.060713686,0.0119224815,0.003966244,0.045523964,0.034496974
BASE_GLUCOSE_MEASURE__slope,0.009839295,-0.031730514,0.026185198,-0.01877783,-0.03021273,0.008358484,0.014655553,-0.01662228
BICARBONATE_MEASURE__slope,-0.055785786,0.009037485,-0.00011619925,-0.00078885263,0.0014803762,0.003014976,-0.018129645,-2.061585e-05
BLOOD_CULTURE__slope,-0.009365927,0.018942662,0.024982952,0.018168466,0.011022311,-0.016824951,-0.0077867485,-0.010505795
BLOOD_PRESSURE_DIASTOLIC_MEASURE__slope,-0.00491873,-0.011122551,-0.0018657919,-0.021656476,0.10325393,-0.056933243,-0.01778847,-0.00024387562
BLOOD_PRESSURE_SYSTOLIC_MEASURE__slope,0.008443194,0.008633374,0.0010518569,0.028078588,-0.035416678,0.009808004,0.016928153,0.022935007
BMI_MEASURE__slope,-0.002172319,-0.018978888,-0.0033251054,-0.014300233,-0.016241737,0.00867225,0.0014607757,-0.009452631
BODY_TEMPERATURE_MEASURE__slope,-0.0007044399,-0.16020267,-0.037701692,-0.020185104,-0.041143604,-0.160426,-0.017575843,-0.021785302
BOLUS_DOSAGE__slope,-0.0013904352,-0.000615591,0.06631199,0.12956129,0.00020922945,0.021517444,0.0005979984,0.17963755
CALCIUM-GLUCONATE_BITZUA__slope,0.013435934,-0.014028496,-0.00135425,0.097196296,0.06251483,-0.084516026,0.00021656457,0.14111823
CARDIO-VASCULAR_DISORDER_EVENT__slope,-0.005518503,-0.016999025,0.0024543174,-0.015302457,-0.025463022,-0.015838414,-0.0007504572,0.014204945
CARDIOVASCULAR_DISORDER_OBS__slope,0.024183867,0.010241689,-0.022167953,-0.0034514626,-0.0032850527,0.0011766137,0.018421654,-0.020427465
CHEST_XRAY__slope,-0.010085655,-0.016493246,0.020421444,-0.014510153,0.0066313096,0.0146542415,-0.010271367,-0.014714272
CREATINE-KINASE_MEASURE__slope,-5.509842e-05,-0.0075652455,-0.002547597,0.0096736895,0.17828733,0.12301692,-0.012844614,0.006509625
CREATININE_SERUM_MEASURE__slope,0.00570638,-0.057903055,0.006020143,0.04038572,0.0020768628,-0.0044102413,0.012936924,0.022056479
DEXTROSE_BITZUA__slope,-0.0014169359,0.0063102515,-0.012825022,0.0027149366,0.00065055187,-0.025540292,-0.010765056,0.0113874655
DIABETES_DIAGNOSIS__slope,0.008450662,-0.013727779,0.008020242,0.020669162,-0.02094967,-0.015840635,-0.0050751707,0.010714294
DIALYSIS__slope,0.007321725,-0.015823673,0.0005274144,-0.016413895,0.0037756846,-0.008032323,0.022921413,0.021869527
E-GFR_MEASURE__slope,0.014953252,0.031483978,-0.0058492697,-0.13498975,0.009624377,0.0068158116,-0.0018533911,-0.18260266
EGFR_MEASURE__slope,0.0051244134,0.029742759,-0.0056395545,0.033014026,0.004976255,-0.061955668,-0.008663742,0.03459238
GLUCOSE_MEASURE__slope,-0.017456306,-0.014355982,0.017067935,0.014549054,-0.0092900675,-0.029305734,0.021267524,0.007777845
HEART_RATE_MEASURE__slope,-0.0041047726,-0.058839813,-0.0016396496,-0.003963611,-0.03341481,0.002042069,-0.005371045,-0.028003136
HEMATOCRIT_MEASURE__slope,-0.0039549763,0.028866133,-0.032802507,-3.8280046e-05,0.0008760124,0.009757427,-0.08612949,0.00044384773
HEMOGLOBIN_MEASURE__slope,-0.00458155,-0.028355008,0.00923082,0.010880161,0.018156549,0.005264014,0.021798417,0.01126842
HEPARIN_IV_BITZUA__slope,-0.00071031094,-0.006017577,0.01140649,-0.00048554453,0.005840406,0.010120217,-0.0027644327,-0.011733121
HYPERGLYCEMIA_EVENT__slope,-0.007679694,-0.0131659275,0.019436324,0.0046214517,0.008826485,0.011102712,0.0058746943,-0.0015737899
HYPERTONIC_SALINE_BITZUA__slope,-0.013802103,-0.011130517,-0.011571358,0.07480597,-0.027155608,-0.007810679,0.0013430839,0.08515619
HYPOGLYCEMIA_EVENT__slope,-0.014755594,0.021999303,-0.0010844249,0.018488882,-0.02419027,0.008582357,-0.006069783,-0.010874679
INFECTION_EVENT__slope,0.02080913,-0.003805482,0.025310371,-0.012118898,0.012530247,0.020296117,0.009456171,-0.01933948
INFECTION_WBC_MEASURE__slope,0.0097568715,-0.0116366865,-0.028728547,0.013924119,0.019077133,-0.07238663,-0.015583958,-0.09253517
KETONES_SERUM_MEASURE__slope,-0.0022657954,-0.056125347,-0.042347703,0.004072851,-0.07577782,-0.015930088,-0.04107371,0.009279372
KETONES_URINE_MEASURE__slope,0.009419504,0.030132353,0.053228673,0.015849816,0.06844458,0.027544722,0.03260728,0.011723232
KIDNEY_COMPLICATION_EVENT__slope,0.0054060393,0.0014535546,-0.013809378,-0.0056296717,-0.008285047,-0.002359231,0.0051393663,0.002369939
KIDNEY_COMPLICATION_OBS__slope,0.012594524,0.021901,0.009559466,0.0177384,-0.02443833,-0.017634233,0.022238372,-0.023016583
MEAL_Breakfast__slope,0.021713737,-0.013204492,-0.024963848,0.0232353,0.014871288,0.016774802,0.004461903,0.0063004764
MEAL_Dinner__slope,-0.023741087,0.023443185,-0.008977732,-0.008958623,0.020977747,0.017528348,-0.005674495,-0.015222232
MEAL_Lunch__slope,0.011568669,0.008288216,0.0062932777,-0.0059198653,0.014174915,-0.011724534,-0.007772751,-0.010241475
MEAL_Night-Snack__slope,-0.020289777,-0.02063041,-0.0033825932,-0.011172386,0.0040412904,-0.0008935251,-0.0035337624,0.01879186
METFORMIN_HOME_BITZUA__slope,0.00074025575,0.0017837663,-0.002440587,-0.078315385,-0.02148143,-0.039501708,0.027989505,-0.09833609
METFORMIN_HOSPITAL_BITZUA__slope,-0.0042122705,-0.005143487,0.005059584,0.004867238,-0.012407555,-0.012404008,0.012584389,-0.00046437752
NEUTROPHILS_MEASURE__slope,-0.009478708,0.02258324,0.031809244,0.0135824075,-0.012418965,0.070606805,0.023100048,0.09290593
PH_MEASURE__slope,0.0039347773,-0.044352733,-0.01832901,0.0014794882,0.021991236,0.0074387793,-0.013844127,-0.00065723486
PLT_MEASURE__slope,-0.009080095,0.013747099,0.0076694884,-0.024748674,-0.018581392,0.016234856,0.0020854215,0.04677939
POTASSIUM_MEASURE__slope,0.011798194,-0.0185247,-0.017024638,-0.0018191471,0.045356937,0.014503396,-0.02156648,0.0075062076
SEVERE_HYPERGLYCEMIA_EVENT__slope,-0.014686643,-0.022925003,-0.011579343,-0.01469445,-0.022304986,0.017824937,-0.025126467,-0.0073375357
SEVERE_HYPOGLYCEMIA_EVENT__slope,-0.011890705,0.018026806,0.008798949,-0.020839427,-0.014932548,0.006176927,-6.5794884e-05,0.020730255
SGLT2_HOME_BITZUA__slope,0.005239418,-0.016451975,-0.0066694776,-0.02675033,-0.007141182,-0.021648118,0.001890761,0.016832635
SGLT2_HOSPITAL_BITZUA__slope,0.001599128,0.0121637685,0.0032953937,0.00750644,-0.00465174,0.0064976313,-0.00354205,0.005372719
SODIUM_MEASURE__slope,0.019179057,-0.04141644,-0.012927147,-0.00030209468,0.033923138,-0.05512129,-0.019644652,0.0038758733
STEROIDS_IV_BITZUA__slope,0.0011224058,-0.025096191,-0.0051059816,0.07332152,-0.006480522,-0.012304108,0.005045668,-0.007322671
STEROIDS_PO_BITZUA__slope,0.0025086806,0.006749209,-0.00044246294,0.017709741,0.021277571,0.01593952,-0.0010907687,0.016343355
TROPONIN_MEASURE__slope,0.008054866,-0.04277605,-0.035793737,-0.062211968,0.037037704,-0.005389724,-0.023039142,0.0069222027
UREA_MEASURE__slope,-0.0007781418,0.26996776,0.01252896,0.02625164,0.076947466,0.21398796,0.01882725,0.0128015205
URINE_CULTURE__slope,0.0075155757,0.0049567893,0.014561102,0.007206445,-0.011076672,-0.01391062,-0.022723295,-0.010291341
WEIGHT_MEASURE__slope,-0.00066685077,-0.0078764185,-0.0048751687,-0.020451728,0.0006308403,-0.021363415,-0.012954765,-0.019978486
ADMISSION__span_hours,-0.013181039,0.016125284,0.022586346,0.016963618,-0.0038394681,0.0060817995,0.016158152,0.016384019
ALANINE-AMINOTRANSFERASE_MEASURE__span_hours,-0.024932554,-0.038384363,0.020753615,0.06225379,-0.030923067,-0.073586345,-0.00432737,0.07768198
ALBUMIN_SERUM_MEASURE__span_hours,0.069076896,0.050967596,-0.055477288,0.045156915,-0.033842523,0.031211302,-0.07221897,0.08296814
ANTIBIOTIC_IV_BITZUA__span_hours,0.01758174,-0.038104832,-0.034422547,-0.015193042,0.10141435,-0.11614092,-0.032191362,0.001568325
ANTIBIOTIC_PO_BITZUA__span_hours,-0.024477908,0.05695997,-0.04660437,-0.081079274,-0.08904435,-0.024771718,0.033765335,-0.018530061
ANTIDIABETIC_HIGH_HYPO_HOSPITAL_BITZUA__span_hours,0.053046014,-0.14247252,-0.027793141,-0.0435797,0.02317737,-0.10440182,-0.020815015,-0.024716118
ASPARATE-AMINOTRANSFERASE_MEASURE__span_hours,-0.040970266,-0.00047925054,0.026912764,0.059601557,0.046808846,-0.028606415,0.05331708,0.057273366
BASAL_DOSAGE__span_hours,0.11084312,-0.049547277,-0.01960807,0.13127986,0.049716957,0.06820226,-0.024900973,0.13504837
BASAL_HOME_BITZUA__span_hours,-0.024304125,0.052975748,0.061175182,0.06682154,0.036879484,0.024732007,0.06309968,0.012626585
BASE_GLUCOSE_MEASURE__span_hours,-0.043018788,0.06364586,-0.0053651333,-0.00777005,0.07144818,0.012298828,-0.025638288,0.0026741913
BICARBONATE_MEASURE__span_hours,0.06869618,0.055349637,-0.026155852,0.058517575,0.083713725,-0.014202958,-0.027046436,0.14800774
BLOOD_CULTURE__span_hours,0.064812526,-0.049476705,-0.009863631,-0.01945267,-0.209654,-0.03743913,0.0022584987,-0.047300432
BLOOD_PRESSURE_DIASTOLIC_MEASURE__span_hours,0.024208581,-0.03499603,0.0048675463,-0.07183332,0.027515948,-0.006584695,-0.04017328,-0.06781609
BLOOD_PRESSURE_SYSTOLIC_MEASURE__span_hours,0.056984033,-0.021533253,-0.011458979,-0.09052885,0.0035428521,-0.034634214,-0.03179484,-0.07140709
BMI_MEASURE__span_hours,0.07669568,0.04318708,0.011216292,-0.005633135,-0.035188597,0.009498503,0.013047973,0.08976032
BODY_TEMPERATURE_MEASURE__span_hours,0.071535066,0.002465158,-0.020800713,0.06725052,0.05738932,0.010173175,-0.06502794,0.067883
BOLUS_DOSAGE__span_hours,-0.058928307,0.013076242,0.012527972,-0.0031928774,0.11444512,0.057751093,0.021406295,0.018521992
CALCIUM-GLUCONATE_BITZUA__span_hours,-0.031460866,-0.030867826,0.0036661993,0.06874726,-0.10170607,-0.03287714,-0.013919781,0.08783308
CARDIO-VASCULAR_DISORDER_EVENT__span_hours,-0.011266339,0.02011998,-0.0021771488,-0.04071524,0.2112787,-0.012828729,0.012436604,-0.078889176
CARDIOVASCULAR_DISORDER_OBS__span_hours,-0.09552648,-0.04331494,-0.0015506609,0.011095003,-0.15078948,-0.006746774,-0.0056898147,-0.075451165
CHEST_XRAY__span_hours,-0.047633134,-0.020694057,0.019787678,-0.03693546,-0.02538766,-0.009785034,0.008503788,-0.001816731
CREATINE-KINASE_MEASURE__span_hours,-0.06477459,0.0220401,0.027707893,0.0075937565,-0.089366786,0.051082358,0.016267898,0.0036238688
CREATININE_SERUM_MEASURE__span_hours,0.0026447186,-0.02785597,-0.05288112,0.016863009,0.023421036,0.0023382592,-0.004685126,-0.03685006
DEXTROSE_BITZUA__span_hours,-0.0016050381,0.0054105334,-0.006497593,-0.0473853,-0.17520627,-0.038034886,-0.021067804,-0.013576551
DIABETES_DIAGNOSIS__span_hours,0.0077743414,-0.0756944,-0.0009631281,-0.025400152,-0.088503905,-0.01154077,-0.005564977,-0.025251238
DIALYSIS__span_hours,-0.02792686,0.048021916,-0.0026395924,0.094376884,-0.012648542,-0.104550265,0.0060424455,0.04695232
E-GFR_MEASURE__span_hours,-0.027248919,-0.09770302,0.027545342,-0.01737162,-0.16541262,0.07503138,0.028492952,-0.030411877
EGFR_MEASURE__span_hours,0.019835895,-0.013321126,-0.034400064,-0.063959375,-0.054854896,0.00035562002,-0.03535441,-0.07001095
GLUCOSE_MEASURE__span_hours,-0.031057294,0.030047625,0.27765742,0.06722797,-0.12470308,-0.018156566,0.30656633,0.029945388
HEART_RATE_MEASURE__span_hours,-0.14863351,-0.08878925,-0.0020107764,0.0089156525,-0.06529178,-0.07755125,0.025859298,0.0054102414
HEMATOCRIT_MEASURE__span_hours,0.023356758,-0.007949405,-0.011945804,0.0069527864,0.07854804,-0.0062332684,0.036420625,-0.034330726
HEMOGLOBIN_MEASURE__span_hours,0.024424547,0.019479528,-0.015451927,0.0015267464,0.08466927,0.007467649,0.023311906,-0.00030401754
HEPARIN_IV_BITZUA__span_hours,-0.021275027,-0.015280909,0.0012169335,-0.045987688,-0.0056805,-0.018617535,0.00063626986,-0.09569124
HYPERGLYCEMIA_EVENT__span_hours,-0.052840903,0.015320946,0.023346048,0.07668318,-0.060571253,-0.056602143,0.0665435,0.069497794
HYPERTONIC_SALINE_BITZUA__span_hours,-0.012227493,0.13575393,0.0062785996,0.01710965,-0.06961717,0.13936634,-0.012800248,-0.056128606
HYPOGLYCEMIA_EVENT__span_hours,-0.0034263858,0.04952274,0.026451642,-0.042585142,0.024394978,0.04474385,0.019736636,0.0076549393
INFECTION_EVENT__span_hours,-0.030551339,-0.020802008,0.027024768,0.1437961,-0.12354398,-0.009729093,-0.023190446,0.13686372
INFECTION_WBC_MEASURE__span_hours,0.016451444,0.0467087,0.032324523,-0.05707285,0.03992758,0.0049901023,-0.0108459415,-0.0044932137
KETONES_SERUM_MEASURE__span_hours,0.013767946,0.01366255,0.0063486374,-0.041627523,0.044288564,0.07934199,0.018065026,-0.040598683
KETONES_URINE_MEASURE__span_hours,0.007598806,-0.061102126,0.003963595,0.09990962,-0.21618786,-0.06775359,-0.011124328,0.022013372
KIDNEY_COMPLICATION_EVENT__span_hours,-0.04395225,0.028541405,-0.018628523,0.021253675,-0.090547055,-0.033173416,-0.0066938167,-0.0007446249
KIDNEY_COMPLICATION_OBS__span_hours,0.05320055,0.0075784065,-0.04467137,-0.09578091,-0.09806153,-0.19349644,-0.051816065,-0.08103993
MEAL_Breakfast__span_hours,-0.0055637006,-0.0008558194,-0.061363466,-0.09010588,-0.08980184,-0.04443649,-0.111012466,-0.115210086
MEAL_Dinner__span_hours,-0.0021915424,0.0077625453,-0.08166076,-0.0973341,-0.06338078,-0.048502956,-0.069012225,-0.06693727
MEAL_Lunch__span_hours,-0.012726287,-0.004679256,-0.07756389,-0.122431405,-0.093865976,-0.044309277,-0.07108948,-0.078900665
MEAL_Night-Snack__span_hours,-0.0023861518,-0.007179556,-0.08886343,-0.13272958,-0.094946735,-0.05359064,-0.099889904,-0.09593445
METFORMIN_HOME_BITZUA__span_hours,0.006250904,-0.08554297,0.011992137,-0.07516661,0.093526535,-0.047907367,0.01162175,-0.006664521
METFORMIN_HOSPITAL_BITZUA__span_hours,-0.0057619954,-0.022062298,-0.032708686,0.069617614,-0.0018510708,-0.00059997593,0.006153393,0.0525315
NEUTROPHILS_MEASURE__span_hours,0.03028766,0.08249748,0.032081608,-0.011571471,0.04111249,0.049857445,0.033929612,-0.026068825
PH_MEASURE__span_hours,-0.10503828,-0.018917454,0.059303965,-0.03549305,-0.006813234,0.021852365,0.04528583,-0.065637834
PLT_MEASURE__span_hours,0.094501495,-0.02264702,-0.019769544,0.025575222,0.05123465,0.008419165,0.0049181012,0.016935373
POTASSIUM_MEASURE__span_hours,0.00975212,-0.033124376,0.020345887,0.044516243,0.053678695,0.016564507,-0.010624234,-0.023155138
SEVERE_HYPERGLYCEMIA_EVENT__span_hours,0.095873125,-0.022570899,-0.07195441,-0.12899745,-0.04958481,-0.04394034,-0.018226868,-0.16098657
SEVERE_HYPOGLYCEMIA_EVENT__span_hours,-0.018647326,-0.053285327,-0.018194122,0.032529734,0.06852136,-0.04731547,-0.036871064,0.03876972
SGLT2_HOME_BITZUA__span_hours,0.00015949548,0.023072524,-0.0051572733,0.023798063,0.012223111,-0.034038316,-0.0015643188,-0.017053269
SGLT2_HOSPITAL_BITZUA__span_hours,-0.07101883,0.008278482,-0.014057048,0.00087786943,0.034440406,0.10317189,0.0018221335,-0.027838267
SODIUM_MEASURE__span_hours,-0.039663717,-0.025794214,-0.008631637,-0.031050436,0.037768275,-0.016804913,-0.009738084,-0.05024948
STEROIDS_IV_BITZUA__span_hours,-0.031073594,0.06269198,-0.03369261,0.07808605,-0.119357124,0.055845227,-0.017940432,0.11556877
STEROIDS_PO_BITZUA__span_hours,-0.031235155,-0.087776475,-0.020258676,0.105656154,0.031269744,0.025732966,-0.012368221,0.096991435
TROPONIN_MEASURE__span_hours,0.004954802,0.027588338,0.040571693,0.037691753,-0.075302176,0.014030827,0.054383613,0.051399693
UREA_MEASURE__span_hours,-0.020678159,-0.011228823,-0.010098583,0.006015109,0.060547248,0.007721706,-0.011744616,-0.018938974
URINE_CULTURE__span_hours,-0.0055821426,0.01260411,0.028396085,0.01550861,-0.04572135,-0.028520497,0.014841707,0.022821173
WEIGHT_MEASURE__span_hours,-0.11516064,-0.05639897,0.018572524,0.069895275,-0.04580686,0.015731938,0.031428017,0.014431526
ADMISSION__rate_per_day,-0.009444691,0.002911036,-0.0067896885,-0.023947408,0.011368798,0.0011477263,-0.017220955,0.0023538072
ALANINE-AMINOTRANSFERASE_MEASURE__rate_per_day,0.026594812,-0.06649825,-0.05306947,-0.069421,0.11464113,-0.012659762,-0.04115902,-0.003870722
ALBUMIN_SERUM_MEASURE__rate_per_day,0.0124738775,0.01976368,-0.037184592,-0.045457695,-0.015644256,0.06054079,-0.044052925,-0.085757725
ANTIBIOTIC_IV_BITZUA__rate_per_day,-0.01467778,-0.07483234,-0.059937257,0.03443372,0.060581293,0.016938385,-0.049876127,-0.017790422
ANTIBIOTIC_PO_BITZUA__rate_per_day,-0.04752446,0.012304292,-0.01160628,-0.023324475,-0.0066893185,0.017911205,-0.011643991,0.009587455
ANTIDIABETIC_HIGH_HYPO_HOSPITAL_BITZUA__rate_per_day,0.02596657,0.026455577,0.009105244,-0.029938001,-0.089083135,-0.024258528,-0.02646574,-0.03481229
ASPARATE-AMINOTRANSFERASE_MEASURE__rate_per_day,-0.0148994075,0.04324789,-0.0038110523,0.15174909,-0.08185594,0.0008738692,-0.008128672,0.08892396
BASAL_DOSAGE__rate_per_day,0.003109607,-0.03744846,-0.0058521973,0.041396145,-0.026747268,-0.0034496924,0.0059854756,0.034014713
BASAL_HOME_BITZUA__rate_per_day,-0.027690373,0.02339118,-0.0039775106,0.014017545,-0.019471848,-8.395532e-05,-0.01430396,-0.010463655
BASE_GLUCOSE_MEASURE__rate_per_day,-0.03168549,-0.04597447,0.0016664256,-0.03845198,-0.002007249,0.0059340033,-0.015701761,-0.07524032
BICARBONATE_MEASURE__rate_per_day,-0.08137916,-0.031542517,0.050746556,-0.079869755,0.19235387,-0.01030792,0.020632554,-0.15126206
BLOOD_CULTURE__rate_per_day,0.0530666,-0.052693956,0.0013671853,-0.047427874,0.049765136,-0.008812349,0.003024832,-0.074312255
BLOOD_PRESSURE_DIASTOLIC_MEASURE__rate_per_day,-0.04864419,0.017320968,0.009103012,-0.0024452228,0.039127797,0.009297333,0.046892732,-0.0056004412
BLOOD_PRESSURE_SYSTOLIC_MEASURE__rate_per_day,0.053924736,-0.01347715,-0.0035402824,-0.005794338,-0.047126364,0.0225971,-0.03161274,-0.026116705
BMI_MEASURE__rate_per_day,-0.041236326,-0.085068725,-0.007586476,-0.025149383,0.07166783,-0.047133073,-0.032279555,-0.032860536
BODY_TEMPERATURE_MEASURE__rate_per_day,0.032267045,0.022209108,-0.03222056,-0.07020382,-0.04288366,0.011066168,-0.02218108,-0.03999426
BOLUS_DOSAGE__rate_per_day,-0.03270034,0.0284698,0.005518396,0.022443589,-0.010076374,-0.0052569206,-0.0061486694,0.006022342
CALCIUM-GLUCONATE_BITZUA__rate_per_day,-0.0053788153,-0.001008751,-0.08537519,0.026051257,-0.11369313,0.0035609847,-0.0901622,0.032459855
CARDIO-VASCULAR_DISORDER_EVENT__rate_per_day,0.07851832,0.012001994,0.0042783245,-0.027632887,0.043980885,0.01704548,-0.023276074,-0.09921097
CARDIOVASCULAR_DISORDER_OBS__rate_per_day,-0.07839064,0.0013244115,-0.053597093,-0.0340565,0.019833643,-0.031053206,-0.038834024,-0.03816864
CHEST_XRAY__rate_per_day,-0.031703718,-0.15693381,-0.05419613,-0.0121612,-0.16759484,-0.13375399,-0.0551534,-0.04272021
CREATINE-KINASE_MEASURE__rate_per_day,0.019290151,-0.0043716026,-0.012419631,-0.044030458,0.04748346,-0.026147341,-0.019230751,0.047842562
CREATININE_SERUM_MEASURE__rate_per_day,0.034645766,-0.003642234,0.03829298,-0.0065908865,0.053822666,0.019066768,0.0063379384,-0.022182655
DEXTROSE_BITZUA__rate_per_day,-0.014353556,0.007873649,0.015721949,-0.0022910177,0.0668842,0.06128456,-0.0013985641,0.0011818159
DIABETES_DIAGNOSIS__rate_per_day,-0.019495534,-0.038758714,0.05385903,0.030332172,-0.042753045,0.030384894,0.03900383,0.047410816
DIALYSIS__rate_per_day,0.047561273,-0.023377502,0.06603407,0.06118899,-0.0982877,0.05269306,0.07431838,0.017731091
E-GFR_MEASURE__rate_per_day,-0.036472775,0.035701543,0.031105656,-0.0036491642,0.056856964,0.01283774,0.014718863,0.01760449
EGFR_MEASURE__rate_per_day,0.02005922,0.034193672,0.009223762,0.010690347,0.07021847,0.052164983,-0.018651202,-0.0020492326
GLUCOSE_MEASURE__rate_per_day,-0.008560045,-0.016266111,0.011596194,0.02827289,0.006131346,0.011991094,-0.00898103,0.027811008
HEART_RATE_MEASURE__rate_per_day,-0.05942881,0.0063661407,-0.015947243,-0.003721411,0.021276627,-0.024972303,-0.025084622,0.0067044427
HEMATOCRIT_MEASURE__rate_per_day,-0.03458631,0.026778469,0.006734263,0.051136322,-0.08989997,0.02014989,0.023601202,0.03077983
HEMOGLOBIN_MEASURE__rate_per_day,0.026084436,-0.03894371,0.07114842,0.011383112,0.07021749,-0.012543554,0.051368568,0.024482884
HEPARIN_IV_BITZUA__rate_per_day,0.050164558,-0.005388175,0.02593269,-0.06589599,0.078349225,0.041236684,0.032353625,-0.061891213
HYPERGLYCEMIA_EVENT__rate_per_day,-0.02781931,0.0035076402,-0.022569256,0.010177356,-0.03485216,-0.024795497,-0.0071959062,0.029599115
HYPERTONIC_SALINE_BITZUA__rate_per_day,0.084425814,0.0020437923,0.0022634447,0.012278336,-0.056018174,0.0022341793,0.0011061954,0.0693042
HYPOGLYCEMIA_EVENT__rate_per_day,-0.016399859,-0.0040143905,0.0008100108,0.010161478,-0.00205567,0.01092597,0.008946414,-0.0013949578
INFECTION_EVENT__rate_per_day,-0.0072205653,0.012323788,0.018697863,-0.007703499,-0.0064966553,-0.012693255,-0.01732294,0.011110015
INFECTION_WBC_MEASURE__rate_per_day,-0.014268289,-0.011348279,0.004695361,-0.0053831106,-0.07207894,-0.010754675,-0.01325505,-0.04008219
KETONES_SERUM_MEASURE__rate_per_day,0.023573883,-0.02662173,0.0031448638,0.03225384,-0.14453788,-0.06936068,0.02442998,0.06291434
KETONES_URINE_MEASURE__rate_per_day,0.047473326,0.042321235,-0.021677054,-0.024093518,-0.05715295,-0.049947623,0.015513404,-0.06486304
KIDNEY_COMPLICATION_EVENT__rate_per_day,-0.0189449,0.015248268,0.002908224,0.03612703,-0.053372186,0.081755124,0.021067062,0.037589572
KIDNEY_COMPLICATION_OBS__rate_per_day,0.0118153505,0.043985706,0.007628523,0.032305397,-0.041306432,-0.014202606,0.035387218,0.08575467
MEAL_Breakfast__rate_per_day,-0.01135407,0.01822161,0.04360562,0.0276641,0.043616604,0.010099695,0.008113248,0.010756472
MEAL_Dinner__rate_per_day,0.028065063,0.025056766,0.018716088,0.01793235,0.02472527,0.0334571,0.0109500745,0.034047585
MEAL_Lunch__rate_per_day,0.028563784,-0.0064836703,0.04229199,0.014768256,0.013650087,-0.0034076434,0.03476293,0.026980711
MEAL_Night-Snack__rate_per_day,0.02039572,0.02180674,0.01727268,0.045447107,0.02733162,0.0031523525,0.03839461,0.037708294
METFORMIN_HOME_BITZUA__rate_per_day,0.017331077,-0.047594924,-0.031025942,0.0046983524,-0.03097302,0.025917966,-0.06748266,0.0069816355
METFORMIN_HOSPITAL_BITZUA__rate_per_day,-0.017824164,0.08117132,-0.017266199,-0.0030796467,0.00536403,0.070569426,0.012119237,7.2427996e-05
NEUTROPHILS_MEASURE__rate_per_day,-0.027386585,-0.012097238,-0.020171994,-0.032307327,0.051065613,-0.008433401,-0.028964737,-0.012700057
PH_MEASURE__rate_per_day,-0.03550512,-0.01610949,-0.028177336,0.01436618,-0.19679947,-0.055932928,-0.012021805,0.07428558
PLT_MEASURE__rate_per_day,0.03593378,0.007685683,-0.09125462,-0.037414968,-0.010556608,-0.011160182,-0.06475731,-0.0014769188
POTASSIUM_MEASURE__rate_per_day,-0.03625213,0.021787288,0.006595737,-0.0230418,-0.016804546,-0.028191473,0.0026070212,-0.03720819
SEVERE_HYPERGLYCEMIA_EVENT__rate_per_day,0.027936367,-0.034376543,-0.048552357,-0.032011315,-0.028312646,-0.016622828,-0.025643412,-0.041757215
SEVERE_HYPOGLYCEMIA_EVENT__rate_per_day,-0.01629448,-0.003962317,0.0076516117,0.0035858962,0.039103583,0.011888319,-0.0009287621,0.022041282
SGLT2_HOME_BITZUA__rate_per_day,0.0053270874,0.073617406,-0.03550176,-0.0125743635,-0.026337618,-0.061184183,-0.026160931,-0.0060880706
SGLT2_HOSPITAL_BITZUA__rate_per_day,-0.017173896,0.031588703,-0.0012959959,-0.0012624392,0.022742573,0.02668643,0.023175541,0.03592356
SODIUM_MEASURE__rate_per_day,0.017003406,-0.027646929,-0.034500696,0.005420267,0.011585204,0.0052746288,-0.006284454,-0.0059017558
STEROIDS_IV_BITZUA__rate_per_day,0.07097303,-0.056218997,-0.029366888,0.034439135,0.00911864,-0.014257796,-0.0010791965,0.06001742
STEROIDS_PO_BITZUA__rate_per_day,-0.013987884,-0.0045037013,-0.008016066,-0.03822464,0.02857011,-0.02473098,0.0072043245,-0.022207938
TROPONIN_MEASURE__rate_per_day,-0.12726817,0.10776023,0.0009348511,-0.013679831,0.09949779,0.016755817,0.009696724,-0.010790936
UREA_MEASURE__rate_per_day,0.027121652,0.053069558,0.0013553707,0.025295628,-0.1157514,-0.0090276105,0.056910682,-0.01373061
URINE_CULTURE__rate_per_day,-0.03921053,0.044829853,-0.029836887,-0.01513047,-0.063831076,-0.016558029,-0.012922749,-0.016092887
WEIGHT_MEASURE__rate_per_day,-0.15551753,0.100885436,-0.026033673,0.065092996,-0.0273186,0.06915137,-0.004876817,0.11171717
ADMISSION__observed,0.0040562307,0.022469083,-0.02175917,0.0076484745,-0.0061667915,0.0075871586,0.025075333,0.013495375
ALANINE-AMINOTRANSFERASE_MEASURE__observed,-0.019743482,0.017839584,0.031772844,0.022767667,-0.012789102,0.015915697,0.018018764,0.01030831
ALBUMIN_SERUM_MEASURE__observed,0.017042125,0.008152977,0.012707568,0.009533572,0.008668348,0.0049870904,0.012126837,0.018317603
ANTIBIOTIC_IV_BITZUA__observed,-0.017701017,-0.010730789,0.033428878,-0.029072419,-0.016046403,-0.0071483147,-0.00814406,-0.010895835
ANTIBIOTIC_PO_BITZUA__observed,0.0084360195,-0.008344381,0.005147393,-0.011040297,-0.023567768,-0.005353965,-0.00093236077,0.005807095
ANTIDIABETIC_HIGH_HYPO_HOSPITAL_BITZUA__observed,-0.004706217,-0.0076655913,0.0019693887,0.0076585286,0.01454577,0.009202153,0.008149653,0.009760508
ASPARATE-AMINOTRANSFERASE_MEASURE__observed,-0.010231004,0.028065074,0.0018695584,-0.0010012302,0.024099136,0.023958722,-0.004645108,-0.0330462
BASAL_DOSAGE__observed,-0.023159493,0.0013852909,0.011058059,-0.007662749,-0.01109716,0.02019216,0.0034046536,0.012171685
BASAL_HOME_BITZUA__observed,0.00013869902,-0.0013759653,0.011336589,0.022989552,-0.00045177605,0.0002040438,-0.015280234,0.021121964
BASE_GLUCOSE_MEASURE__observed,0.014652746,-0.011002732,0.018832697,0.02796691,0.0028779902,-0.0073304838,-0.0043645347,0.014408398
BICARBONATE_MEASURE__observed,0.0064409776,0.019011134,0.022070084,0.027257297,0.030293101,0.024161162,0.025962388,0.03988717
BLOOD_CULTURE__observed,-0.023260996,0.009402037,0.03174591,0.0086406125,0.0075673466,0.005430047,0.008064921,0.021058064
BLOOD_PRESSURE_DIASTOLIC_MEASURE__observed,0.005762118,0.007170354,0.02002813,-0.01570286,-0.01661999,0.00814218,0.009416055,-0.012935271
BLOOD_PRESSURE_SYSTOLIC_MEASURE__observed,0.010720078,-0.0020569914,0.019904964,-0.0032092012,0.0133967325,0.0077050403,0.0075635454,0.0037754409
BMI_MEASURE__observed,-0.014988553,0.005396173,-0.0029316612,-0.021533513,-0.00036366488,-0.019356718,0.016976377,-8.836846e-05
BODY_TEMPERATURE_MEASURE__observed,-0.027412264,-0.027071893,0.0059759747,-0.0009787851,0.011738441,-0.002840094,0.008785923,0.012913074
BOLUS_DOSAGE__observed,-0.019792428,0.01655685,-0.014679142,-0.016318208,0.012037425,0.022797003,0.015150176,0.017504266
CALCIUM-GLUCONATE_BITZUA__observed,0.01369439,-0.011838051,0.011313509,-0.0069001075,0.004572282,-0.0023103997,0.018913308,-0.0024371727
CARDIO-VASCULAR_DISORDER_EVENT__observed,0.05722478,-0.020096285,-0.009008131,-0.016749498,0.003769883,0.00680739,0.0241166,-0.030207362
CARDIOVASCULAR_DISORDER_OBS__observed,0.028238729,-0.003121241,0.0056719584,0.04762862,0.0019450013,-0.008728128,-0.011015521,0.048021942
CHEST_XRAY__observed,0.02796829,0.010329944,0.011778982,-0.0027082292,-0.00046833185,0.0018859846,0.008057919,-0.030775929
CREATINE-KINASE_MEASURE__observed,0.015516011,-0.00570239,-0.029664766,0.024109134,-0.019111771,-0.015116425,-0.01128532,0.008602478
CREATININE_SERUM_MEASURE__observed,-0.017190699,-0.0052262098,-0.016612444,-0.020291751,0.008258561,0.0055258023,-0.012334206,-0.01977812
DEXTROSE_BITZUA__observed,0.018566778,-0.0065726726,-0.011460539,-0.011912573,0.0058146925,0.0011167229,0.016191404,-0.020165814
DIABETES_DIAGNOSIS__observed,-0.0008498956,0.008668493,0.010040218,0.019648857,-0.0017827523,0.0041587055,0.009438686,-0.015068302
DIALYSIS__observed,0.008133534,0.04562261,-0.0015420758,0.010277663,0.049111612,0.008487667,0.0073571457,0.014987654
E-GFR_MEASURE__observed,-0.00838808,0.035061944,-0.030038636,0.014551177,-0.026111884,0.008717873,-0.033346973,0.023627011
EGFR_MEASURE__observed,-0.005030215,-0.0061247866,-0.0013987782,0.012311055,-0.017141199,-0.008959855,-0.018244084,-0.00558573
GLUCOSE_MEASURE__observed,0.0037550197,0.0071457825,-0.02504324,2.3662018e-05,-0.01571161,-0.006108644,-0.0037733074,-0.001066397
HEART_RATE_MEASURE__observed,0.021499531,0.024305856,-0.00991693,-0.012819194,-0.0005843546,0.017722165,-0.012976196,-0.009546647
HEMATOCRIT_MEASURE__observed,-0.01913116,-0.020413347,-0.0011342755,-0.0008927619,0.030656407,-0.024251986,-0.0043315412,0.009839915
HEMOGLOBIN_MEASURE__observed,0.03055971,0.026840804,0.027304897,-0.0026348447,0.008802907,-0.016700746,0.0009673142,0.01919263
HEPARIN_IV_BITZUA__observed,-0.0010150687,0.018754812,-0.025147563,-0.00729356,0.013957388,-0.0148734925,0.0012141006,-0.0027681119
HYPERGLYCEMIA_EVENT__observed,-0.01824463,-0.0014164295,0.0014541508,-0.003266455,0.027562674,-1.0747975e-05,0.014201431,-0.021639869
HYPERTONIC_SALINE_BITZUA__observed,-0.014903933,0.022127755,-0.0095035555,-0.03485823,0.009921845,0.00042254786,0.0042837905,-0.020399334
HYPOGLYCEMIA_EVENT__observed,-0.013714935,-0.001311264,0.015198444,0.022921864,0.002349423,-0.0073739123,-0.015921025,0.030452013
INFECTION_EVENT__observed,-0.013212948,0.022878522,-0.0061036437,-0.012794678,0.021878991,0.020137437,-0.016423123,0.019955533
INFECTION_WBC_MEASURE__observed,-0.003088228,-0.0039791884,-0.001975622,-0.02035386,-0.014910199,0.02688273,-0.004965835,0.007095909
KETONES_SERUM_MEASURE__observed,-0.0020044276,-0.010250054,-0.017578725,-0.032728013,0.0033093276,0.015308655,0.019078251,0.020064542
KETONES_URINE_MEASURE__observed,-0.010460095,-0.0045474567,0.0014364469,-0.018162573,0.038700607,0.009708076,-0.017386625,0.029815622
KIDNEY_COMPLICATION_EVENT__observed,0.0031966139,0.00060494867,-0.020625852,0.03591235,-0.03182394,0.030798228,0.00819732,-0.0013411449
KIDNEY_COMPLICATION_OBS__observed,0.010240602,-0.003551173,-0.012749088,-0.01872787,-0.014280395,0.031441707,0.017580168,-0.02173587
MEAL_Breakfast__observed,-0.01093238,0.0012648912,-0.012033764,0.013560976,-0.0062765433,0.005748961,0.007959948,0.013002076
MEAL_Dinner__observed,-0.018128682,-0.020613858,-0.024929358,-0.024191441,-0.0029400268,0.014135274,0.0031787734,0.009303839
MEAL_Lunch__observed,0.016104007,-0.022080582,-0.023432817,0.016365066,-0.014393615,-0.01228257,0.01690972,-0.0253959
MEAL_Night-Snack__observed,0.01848522,-0.008690211,-0.0031908727,0.023171118,-0.02323244,-0.0062774727,-0.015657045,0.003770154
METFORMIN_HOME_BITZUA__observed,-0.00091118534,-0.01797041,0.016068446,0.008656965,-0.014528107,0.0104760425,-0.02138291,0.005973047
METFORMIN_HOSPITAL_BITZUA__observed,-0.0029102464,-0.03510112,0.019459398,-0.014637014,0.010813257,-0.030923178,-0.028113432,0.0055115074
NEUTROPHILS_MEASURE__observed,-0.020806145,-0.012862753,-0.006521705,-0.016921189,-0.020925479,0.016909804,-0.013132,-0.014039679
PH_MEASURE__observed,0.0058855303,0.007969795,0.0065712878,-0.047339503,0.013397818,-0.01256306,0.0022569073,-0.051099952
PLT_MEASURE__observed,-0.007824923,2.5064017e-05,0.0033453805,-0.0053483876,-0.023950417,-0.023225283,0.014794332,-0.007920033
POTASSIUM_MEASURE__observed,-0.0014199837,0.018363299,0.007687024,-0.024724446,0.018454282,0.018333334,0.032126736,-0.023396866
SEVERE_HYPERGLYCEMIA_EVENT__observed,-0.007826653,0.021019287,0.030061388,0.017494071,-0.008050503,0.008622131,0.015748292,0.019300321
SEVERE_HYPOGLYCEMIA_EVENT__observed,0.0018537007,0.010791859,-0.011272519,-0.0119357845,-0.00010330811,0.0037933742,0.019010564,-8.236907e-05
SGLT2_HOME_BITZUA__observed,0.026793927,-0.010237586,0.015771536,0.01828412,0.012761379,-0.00032369813,-0.0004322113,-0.00093339477
SGLT2_HOSPITAL_BITZUA__observed,0.013883428,0.0031418276,0.021076549,-0.0153541565,0.015881617,-0.024432028,0.019311048,-0.033304
SODIUM_MEASURE__observed,-0.032478463,-0.0077705975,-0.012680283,-0.020381492,-0.027464535,-0.00478863,0.0028378847,-0.01703117
STEROIDS_IV_BITZUA__observed,-0.025046522,0.003884981,-0.012747876,-0.008769148,0.026188778,0.00092352723,-0.0020779509,0.009350132
STEROIDS_PO_BITZUA__observed,-0.0045397636,-0.014854867,-0.017028013,0.025193153,-0.013954536,-0.025636952,0.003997815,0.018843573
TROPONIN_MEASURE__observed,-5.6104764e-06,-0.004231058,-0.008014738,0.012087916,-0.007605203,-0.031616095,-0.0069344128,-0.009247996
UREA_MEASURE__observed,-0.022277743,0.022866037,0.02585505,0.006680222,0.018522393,0.019216405,-0.0037852877,0.014262992
URINE_CULTURE__observed,0.011573186,-0.002967923,-0.02537608,0.033501964,0.004284927,0.011555528,-0.005160269,-0.019084062
WEIGHT_MEASURE__observed,-0.014772564,-0.020162066,0.02686237,0.024984512,0.012891565,0.007909916,-0.0017947883,8.3055456e-05
gender_code,0.05047945,0.097777225,0.03161451,0.029911248,0.07299036,0.050332695,0.027095705,0.03753222
age_years,-0.041451547,0.41209,0.057768438,-0.14058068,0.16425872,0.05608775,0.01312878,-0.15562376
past6m_visits,-0.009142978,-0.0366361,0.016823463,-0.07349833,-0.050571166,0.07515752,0.012976168,-0.11216703
past6m_emerg,0.030578382,0.07579638,0.018254384,0.008368756,0.10230422,-0.060550068,0.016102415,0.015335206
past6m_inpt,-0.0072140577,0.056046244,-0.015399597,0.08797267,0.020191526,0.01727277,-0.034300964,0.10992963
BMI_MEASURE,-0.008194607,0.06506402,-0.032326687,-0.20837148,-0.076837905,0.02638141,-0.02683622,-0.13537046
WEIGHT_MEASURE,-0.08802057,-0.02709966,0.023848856,-0.09583919,-0.05343427,0.0005563125,-0.027709467,-0.12461482
HEIGHT_MEASURE,-0.07210413,0.021011636,0.013855512,-0.12795216,0.025450554,0.014413112,0.018100213,-0.123210125
HEMOGLOBIN-A1C_MEASURE,-0.042585272,-0.037644833,-0.040816404,-0.0065905517,-0.12425146,-0.09035373,-0.03452278,-0.022576252
GTT_MEASURE,0.01580361,-0.012196123,-0.013552636,0.006243051,-0.059011683,-0.0015527095,-0.00018317356,-0.002190918
RDW-CV_MEASURE,0.054096866,0.25655118,0.0406021,0.06368582,0.090161,0.05624504,0.03052511,0.06433913
ALCOHOL_ABUSE,-0.012961865,-0.025230693,0.008985916,-0.0019568338,-0.016923755,-0.06108817,-0.018342368,-0.011963459
ANEMIA,-0.040992126,-0.08946853,0.00066837197,-0.02876814,-0.03194391,0.0085485615,0.012448244,0.009407273
CANCER_DIAGNOSIS,3.3690096e-05,0.041739568,0.006034324,-0.11212139,-0.029935211,-0.023522371,0.007303508,-0.06102401
CHRONIC_KIDNEY_CONDITION,-0.14472102,-0.20723711,0.02407413,-0.0038226938,-0.057126522,-0.060573693,0.027795544,0.07067095
CHRONIC_LIVER_DISEASE,-0.029015994,-0.11060256,-0.0067387843,-0.08990096,-0.12365519,0.020378899,-0.012756078,-0.11355528
DIABETES_DIAGNOSIS,0.018605413,-0.13348521,-0.042059645,-0.026914356,0.11662873,0.0700492,-0.054298587,-0.05059249
HEART_DISEASE,0.0002701455,-0.031869844,0.0077758897,-0.12324239,0.116704546,0.0017861215,0.027628781,-0.15570018
DEMENTIA,0.029222367,-0.0031388167,0.008865197,-0.021097254,0.078616165,-0.011897124,0.0030096201,-0.00031361202
RESPIRATORY_DISEASE,-0.0041921083,-0.006183409,-0.004685279,-0.08059847,-0.055901837,-0.029762765,-0.018648762,-0.057487916
NERVOUS_SYSTEM_DISORDER,0.01324929,-0.011673103,-0.009977699,0.019346852,0.022065729,0.025880663,0.007973487,0.009764335
BASAL_HOME_BITZUA,0.08063237,-0.04280751,0.082198255,-0.095657356,0.035898678,-0.010959088,0.080444954,-0.08067305
SGLT2_HOME_BITZUA,-0.0038748183,0.01936525,-0.023642857,0.06683795,0.094239876,0.03392574,-0.0030271339,0.009489692
METFORMIN_HOME_BITZUA,0.12264852,0.067365386,-0.011213384,-0.032749664,-0.01760229,-0.011971639,0.017950282,-0.09369655
ANTIDIABETIC_HIGH_HYPO_HOME_BITZUA,0.01585839,0.011791837,-0.0012883877,-0.04336175,-0.05589328,0.010218455,-0.0021421637,0.03935733
ASPIRIN_CONTEXT,0.09645562,-0.028479302,0.029023375,-0.035092838,0.021368444,0.04938905,0.03178938,-0.046772704
BP_ACE_CONTEXT,-0.00211455,-0.028943306,0.0022194826,0.0001030681,0.03897317,-0.0034671368,0.009350855,0.0010761549
BP_ARB_CONTEXT,-0.03964173,-0.047674052,0.0103782285,-0.027900716,0.04068877,0.058602404,0.03081252,-0.028123112
BP_BETA-BLOCKERS_CONTEXT,0.02822694,-0.031108962,0.02410242,0.021070633,-0.03370117,-0.0046826345,0.013723639,-0.0076499796
BP_CCB_CONTEXT,-0.0040839124,-0.03667397,0.0124172745,0.0076328875,0.03223151,-0.0225731,-0.015056042,0.056670237
BP_LOOPS_CONTEXT,0.04631304,0.06287605,0.010951817,0.10366982,0.052764554,0.106634445,0.042472582,0.104848675
BP_OTHER_CONTEXT,0.024069995,-0.12323444,0.01651092,0.038550165,-0.12126188,0.014736051,0.010859737,0.027868723
BP_THIAZIDES_CONTEXT,0.05485483,-0.06788817,-0.001163528,-0.010923336,-0.08505206,-0.027494904,0.0008182551,-0.0011111341
MH_ANTIDEPRESSANT_CONTEXT,0.06449982,-0.015128773,0.011753368,-0.039019614,0.016841095,0.015832223,0.016746469,-0.025742609
MH_ATYPICAL_CONTEXT,-0.03814228,0.037811086,-0.0027257553,0.03968656,-0.0012415831,-0.017995305,-0.0043980177,0.021385022
MH_MOOD_STABLIZER_CONTEXT,0.00313908,0.043888785,-0.0016942283,-0.027822565,0.023825746,0.062280312,-0.0018017566,-0.00964315
MH_TYPICAL_CONTEXT,-0.0030067086,-0.007885496,-0.011157447,-0.11255374,0.010020314,-0.03369367,0.006904872,-0.101371564
P2Y12_CONTEXT,0.21812658,0.12088754,0.028439913,-0.016561134,0.013422485,0.061360434,0.04140253,0.018423194
STATINE_CONTEXT,0.023993572,-0.08628396,0.0016679682,0.04242491,-0.036673814,0.0028326532,-0.00391397,0.06722083
CCI_LIKE_SCORE,0.06348203,0.25511283,-0.0397783,0.23713711,-0.0019490456,0.010222967,-0.016039703,0.2269766
CCI_LIKE_CATEGORY,-0.021007758,-0.061603606,0.0038803197,0.05816448,0.012997912,0.009380867,0.012110703,0.060980976
context_days,-0.020461751,0.009835442,-0.069438815,-0.11380369,-0.07430916,-0.01884232,-0.10928673,-0.09929124
label_window_days,0.011032284,-0.003423711,0.0662155,0.12004044,0.07741297,0.01190649,0.109208114,0.0959671
ALANINE-AMINOTRANSFERASE_MEASURE__mean__missing,-0.017177599,-0.018420957,-0.004403456,-0.0058690878,0.010019047,-0.002046603,0.00974427,0.0030449962
ALBUMIN_SERUM_MEASURE__mean__missing,-0.0034613537,0.010796876,0.026008265,0.028844427,-0.0012677278,-0.0037072897,0.0042335247,0.0044416636
ANTIBIOTIC_IV_BITZUA__mean__missing,-0.0055895075,-0.005902158,-0.031952843,0.01763816,0.004556499,-0.00826709,-0.020992618,0.011769502
ANTIBIOTIC_PO_BITZUA__mean__missing,0.008096573,-0.010645469,0.026460415,-0.011699906,0.017449392,-0.002099397,0.013314281,0.013428296
ANTIDIABETIC_HIGH_HYPO_HOSPITAL_BITZUA__mean__missing,0.015105676,-0.021994242,-0.012242798,-0.000601967,0.010287639,-0.0057138084,-0.014420835,-0.016891222
ASPARATE-AMINOTRANSFERASE_MEASURE__mean__missing,-0.014946709,-0.0030707668,-0.007982741,-0.0026168902,-0.023836002,0.020912372,-0.0065268744,0.023039015
BASAL_DOSAGE__mean__missing,0.0038341605,-0.018751657,-0.012417346,-0.038186703,-0.011613226,-0.017121684,-0.0016788633,-0.038341668
BASAL_HOME_BITZUA__mean__missing,0.0020132721,0.003739795,0.006532917,-0.00024351786,0.0013025117,-0.021021321,-0.016489467,-0.011766707
BASE_GLUCOSE_MEASURE__mean__missing,0.033331662,0.015359723,0.0010638994,0.009356919,-0.004897462,-0.036267586,-0.01722354,-0.02141608
BICARBONATE_MEASURE__mean__missing,-0.015788084,-0.012967099,-0.012282775,-0.012152657,-0.019965112,-0.030085662,-0.023458425,-0.06264292
BLOOD_CULTURE__mean__missing,-0.008595286,-0.033480044,-0.017405748,-0.021718493,0.0015736012,0.0041941833,-0.0141954385,-0.02370072
BLOOD_PRESSURE_DIASTOLIC_MEASURE__mean__missing,0.03181912,-0.012726825,-0.00020765243,-0.0177049,0.021311576,-0.027723119,0.016034534,0.013943986
BLOOD_PRESSURE_SYSTOLIC_MEASURE__mean__missing,-0.0066082804,-0.02537848,0.012406067,0.010355705,0.019377857,0.007316915,0.006203141,-0.0007137461
BMI_MEASURE__mean__missing,-0.0051716194,-0.0017174393,0.025822204,0.0076001654,0.015018407,-0.0064698444,-0.0031238873,0.034409773
BODY_TEMPERATURE_MEASURE__mean__missing,-0.0174872,0.0058305203,0.00792406,0.024870718,0.0029204178,0.00037610374,0.019663518,0.014297412
BOLUS_DOSAGE__mean__missing,0.016659196,0.003369484,0.00039683114,-0.031814173,-0.018964868,-0.011774639,-0.0052194125,-0.035027362
CALCIUM-GLUCONATE_BITZUA__mean__missing,-0.012152212,0.02500467,-0.01734626,-0.019072123,0.014164938,-0.012182158,-0.011644786,0.0016771884
CARDIO-VASCULAR_DISORDER_EVENT__mean__missing,-0.075610034,-0.0050933463,0.0077926232,0.016455824,-0.021634912,-0.0024745218,-0.017335212,0.013815474
CARDIOVASCULAR_DISORDER_OBS__mean__missing,-0.0133492425,0.012635929,-0.0052803373,-0.028374191,0.018953336,0.006653017,-0.003081586,-0.043249987
CHEST_XRAY__mean__missing,-0.015533453,-0.038283546,0.014254779,0.021446621,-0.011128523,-0.0066027665,0.021199951,-0.011734841
CREATINE-KINASE_MEASURE__mean__missing,-0.0131325275,-0.0008210693,0.002381401,0.0026697188,0.018239122,-0.010192518,0.008567954,0.00061352254
CREATININE_SERUM_MEASURE__mean__missing,-0.01743134,0.010224619,0.031405635,0.032421604,0.018057434,0.017666573,6.57549e-05,-0.0113193635
DEXTROSE_BITZUA__mean__missing,0.01014921,-0.0052829417,-0.00058570143,0.009480036,-0.000244383,-0.016860148,-0.0047398717,-0.010638244
DIABETES_DIAGNOSIS__mean__missing,0.0077978647,-0.016478777,0.0004468973,0.011809531,0.01520018,0.03614072,-0.024924943,-0.028482214
DIALYSIS__mean__missing,0.010149966,-0.023237495,-0.013936393,0.02228752,-0.016540775,-0.012611423,0.0038558983,-0.005548762
E-GFR_MEASURE__mean__missing,-0.019009152,-0.035564993,0.011772052,-0.0069250525,0.028153371,0.022463351,0.016276399,-0.0010287573
EGFR_MEASURE__mean__missing,0.013230245,0.010406605,-0.009537555,-0.022872487,0.035005998,-0.021948151,0.012510227,-0.017441623
GLUCOSE_MEASURE__mean__missing,-0.008020506,0.020315923,0.015799616,-0.012981602,0.005385381,0.00305882,-0.018194048,-0.0076032034
HEART_RATE_MEASURE__mean__missing,0.020334465,0.025393033,-0.01391483,-0.017710406,0.0072770836,-0.0030227946,-0.01833305,-0.011915502
HEMATOCRIT_MEASURE__mean__missing,0.01132706,-0.008402338,0.0031613111,0.030332796,-0.014210809,-0.0006463695,0.015246807,0.0042228415
HEMOGLOBIN_MEASURE__mean__missing,-0.0038078828,-0.027026318,0.01725678,-0.012198203,-0.0045563937,-0.020824198,-0.01814545,-0.0102025075
HEPARIN_IV_BITZUA__mean__missing,0.01614158,0.007597892,0.013463459,0.0058234497,-0.0044938526,0.01739336,0.009357671,-0.026013834
HYPERGLYCEMIA_EVENT__mean__missing,-0.01732081,-0.023626454,-0.008959142,-0.025141776,-0.03004276,-0.008081467,-0.01974905,0.02171877
HYPERTONIC_SALINE_BITZUA__mean__missing,0.025421675,0.020510336,0.012264469,-0.0095468415,0.011954496,-0.015500424,0.006994149,-0.027071679
HYPOGLYCEMIA_EVENT__mean__missing,-0.0012166521,-0.0077708857,-0.008866013,-0.023151137,0.017405758,0.0045289844,0.008548086,-0.00923696
INFECTION_EVENT__mean__missing,0.005472197,-0.0094216615,-0.006177207,-0.010627878,-0.012415872,-0.024996735,-0.014517883,0.01561012
INFECTION_WBC_MEASURE__mean__missing,0.022612557,-7.1328046e-05,0.003838029,0.018814728,-0.022194324,-0.024392385,-0.020199986,0.026961358
KETONES_SERUM_MEASURE__mean__missing,-0.0062268255,-0.007871042,-0.010032317,-0.016442608,0.0053389203,0.0026015851,-0.018438527,0.012386314
KETONES_URINE_MEASURE__mean__missing,0.022643749,-0.030550724,-0.009898293,0.0030521725,-0.027750082,0.007670201,0.016505757,-0.033102944
KIDNEY_COMPLICATION_EVENT__mean__missing,-0.024368074,0.013711753,-0.013463265,-0.03196643,0.031123433,-0.0501142,-0.0042642765,-0.010414382
KIDNEY_COMPLICATION_OBS__mean__missing,0.005385488,-0.031633917,-0.0035387527,0.010772214,-0.016149824,-0.033815477,0.0129639935,0.021487776
METFORMIN_HOME_BITZUA__mean__missing,0.03696614,0.021470075,-0.0003432872,-0.004704583,0.025484001,0.025972616,0.008953851,-0.023368996
METFORMIN_HOSPITAL_BITZUA__mean__missing,-0.007830034,0.03573921,0.008936082,0.01732911,0.020332921,0.005187248,-0.00043243554,0.038655404
NEUTROPHILS_MEASURE__mean__missing,-0.022419922,-0.01042109,-0.018963441,-0.0036855023,-0.0072642057,0.0008244029,-0.021146595,0.0081522055
PH_MEASURE__mean__missing,0.03417435,-0.011081326,0.021446306,0.02333961,-0.0010046321,-0.009589638,0.0016406091,0.055769596
PLT_MEASURE__mean__missing,0.020784225,-0.012363995,0.015616592,0.0061891223,0.017656201,-0.016054807,0.010331729,0.021507012
POTASSIUM_MEASURE__mean__missing,-0.01235055,0.010835405,-0.025480676,-0.00080636825,-0.022491982,-0.01037663,0.01189951,-0.0028147341
SEVERE_HYPERGLYCEMIA_EVENT__mean__missing,-0.010971548,-0.024104351,-0.0077500246,-0.033513807,-0.007011395,-0.008961767,-0.014398164,-0.010571126
SEVERE_HYPOGLYCEMIA_EVENT__mean__missing,0.017906167,-0.018922953,-0.008347826,-0.01311595,-0.022169754,0.010499619,0.0044076154,0.021558365
SGLT2_HOME_BITZUA__mean__missing,-0.007247948,0.004017398,-0.011441865,-0.010168262,0.013930636,-0.021525899,-0.019461852,-0.008118369
SGLT2_HOSPITAL_BITZUA__mean__missing,-0.024688363,0.025711915,0.008042435,0.016764352,0.02776881,-0.002288645,0.00693207,0.0006734956
SODIUM_MEASURE__mean__missing,0.012166444,0.011942476,-0.011984341,0.017449003,0.014522723,0.014267567,-0.008137842,0.02224544
STEROIDS_IV_BITZUA__mean__missing,-0.015526892,-0.015598425,0.010300158,0.021347983,0.000277135,0.006564521,0.00072002783,0.010427693
STEROIDS_PO_BITZUA__mean__missing,0.002356895,0.01926106,-0.010993071,-0.0048182765,0.0144131705,0.022358557,0.012776535,0.002026966
TROPONIN_MEASURE__mean__missing,-0.032098927,0.0059054005,-0.0034065156,-0.00087443844,0.01464496,-0.012891738,-0.012125989,0.01563105
UREA_MEASURE__mean__missing,0.0034329183,0.0020152773,-0.0048947125,-0.028733153,-0.01958543,-0.00084017025,0.0036592388,-0.01817237
URINE_CULTURE__mean__missing,-0.03693487,0.005885489,-0.00031441118,0.008761333,0.0005388892,-0.020072106,-0.0071164807,0.0077165305
WEIGHT_MEASURE__mean__missing,-0.02932845,0.021933837,-0.022299323,-0.0047883317,0.011111499,0.0024925484,-0.009642561,-0.033219047
ADMISSION__std__missing,-0.0019151432,0.019555591,-0.002480864,0.00937332,0.0088882055,-0.010041427,-0.023493953,0.000640597
ALANINE-AMINOTRANSFERASE_MEASURE__std__missing,-0.0032945601,0.019906918,-0.02105449,-0.027177237,-0.0035472105,-0.010880945,-0.0052488414,-0.003109691
ALBUMIN_SERUM_MEASURE__std__missing,0.045024205,-0.046323154,-0.027026383,-0.04868839,-0.008178049,-0.03951546,-0.015335717,-0.092314646
ANTIBIOTIC_IV_BITZUA__std__missing,0.04328597,0.1029713,0.057976324,-0.06064654,-0.06346105,-0.060131457,0.05063258,-0.020580808
ANTIBIOTIC_PO_BITZUA__std__missing,-0.052374743,0.014557813,-0.01652871,-0.006355996,0.008899468,-0.08436519,0.025158074,0.016333625
ANTIDIABETIC_HIGH_HYPO_HOSPITAL_BITZUA__std__missing,0.035754748,-0.019678874,-0.026467003,-0.06903148,-0.038255773,-0.043333642,0.02657667,-0.0860828
ASPARATE-AMINOTRANSFERASE_MEASURE__std__missing,-0.028231246,0.01134129,0.056783713,-0.024298364,-0.1994179,0.04160216,0.03337932,-0.090585135
BASAL_DOSAGE__std__missing,-0.017449757,-0.021002019,-0.023254994,-0.03354662,0.027314922,0.008992861,-0.016285872,-0.026716119
BASAL_HOME_BITZUA__std__missing,-0.03521734,0.07628212,0.0820879,0.09924314,0.046652913,0.036309227,0.10338206,0.029600363
BASE_GLUCOSE_MEASURE__std__missing,0.0072595724,-0.009244983,-0.039574012,0.02890659,0.061937068,0.041900635,-0.026493268,0.028094063
BICARBONATE_MEASURE__std__missing,-0.10982833,0.015653417,0.0417512,-0.10887802,0.15018652,-0.041575216,0.021349039,-0.0637637
BLOOD_CULTURE__std__missing,0.03673766,-0.055019658,-0.019818714,-0.07053336,-0.2504146,-0.077471994,-0.011049588,-0.0742348
BLOOD_PRESSURE_DIASTOLIC_MEASURE__std__missing,0.0073894463,0.019278945,-0.0065249624,-0.02632771,-0.043068264,0.02414623,-0.04643733,-0.028215023
BLOOD_PRESSURE_SYSTOLIC_MEASURE__std__missing,-0.018071102,0.027757315,0.009793963,-0.050763022,-0.027799774,0.00083552,0.018057795,-0.044262562
BMI_MEASURE__std__missing,0.12636797,-0.035629768,0.015319868,0.0050672484,-0.034968864,0.078888506,0.0445232,0.0505784
BODY_TEMPERATURE_MEASURE__std__missing,-0.0096562635,-0.022316776,0.019583456,0.08635548,-0.13424869,-0.02687294,0.0054360563,0.024879599
BOLUS_DOSAGE__std__missing,-0.007201713,0.0011805608,-0.029088844,-0.02552261,0.0006054723,-0.013269728,-0.014074276,-0.030812107
CALCIUM-GLUCONATE_BITZUA__std__missing,-0.0017005306,-0.014215775,0.04883503,0.034807015,0.0024021743,-0.007247345,0.052844327,0.05051124
CARDIO-VASCULAR_DISORDER_EVENT__std__missing,-0.03884942,0.040211387,-0.013569209,-0.034012306,0.13860181,0.015292583,0.005683511,-0.079815656
CARDIOVASCULAR_DISORDER_OBS__std__missing,-0.08189652,0.0052592293,0.04616596,0.0018224515,0.09558108,0.02089717,0.047496602,0.02907955
CHEST_XRAY__std__missing,-0.006225086,-0.007235524,0.00586242,0.027506774,-0.08412282,-0.006857156,0.0011430494,0.032133818
CREATINE-KINASE_MEASURE__std__missing,-0.047664646,0.020987842,0.04939709,0.09429444,-0.073196225,-0.0004750545,0.04124259,0.04484853
CREATININE_SERUM_MEASURE__std__missing,0.0058594914,-0.042965002,0.014143009,-0.054996185,-0.004729538,-0.03483477,-0.0015979791,-0.03443886
DEXTROSE_BITZUA__std__missing,0.021067139,0.007805844,0.0043749106,-0.046181906,-0.11137529,-0.054500688,0.037391767,-0.03615919
DIABETES_DIAGNOSIS__std__missing,-0.015892869,0.024883049,0.05898259,0.008750577,-0.113548584,-0.012138079,0.045727596,-0.019862209
DIALYSIS__std__missing,-0.06928791,0.035921544,-0.041697793,0.025806002,0.10950196,-0.021258445,-0.04718211,0.08138017
E-GFR_MEASURE__std__missing,-0.041839186,0.18418156,0.021168958,0.0896182,-0.13995714,0.0214567,0.03919133,0.16846143
EGFR_MEASURE__std__missing,-0.023939395,-0.007751509,-0.0058135767,0.019259285,0.029769573,0.03272285,0.011839012,0.038021896
GLUCOSE_MEASURE__std__missing,-0.0020720037,-0.0025553647,0.0026287718,0.0056696446,0.024786828,0.011525719,0.007642759,0.023846067
HEART_RATE_MEASURE__std__missing,-0.02856728,-0.019855412,0.015804365,-0.004773411,-0.06482678,0.0873291,0.030858116,0.032639064
HEMATOCRIT_MEASURE__std__missing,-0.012602796,-0.011382004,0.03790358,-0.0029983358,0.014118034,0.061804052,0.024286306,-0.02669138
HEMOGLOBIN_MEASURE__std__missing,0.07654991,-0.030026967,0.010545322,-0.052888766,0.010873936,0.04952326,-0.0026045095,-0.08576739
HEPARIN_IV_BITZUA__std__missing,-0.01124789,0.023153113,-0.054181136,-0.0130620925,-0.1281963,-0.077864185,-0.043475714,0.048476513
HYPERGLYCEMIA_EVENT__std__missing,-0.011665258,-0.022408806,-0.06086524,-0.025126616,-0.021109981,-0.014897422,-0.065434225,-0.0008860158
HYPERTONIC_SALINE_BITZUA__std__missing,-0.1646285,-0.008533069,0.018059399,-0.01569667,-0.045016862,0.031507485,0.024387224,-0.04832814
HYPOGLYCEMIA_EVENT__std__missing,-0.002207368,0.022890758,0.02974759,-0.085087076,0.18306158,0.052052096,0.015342304,-0.04092997
INFECTION_EVENT__std__missing,-0.037181363,-0.04396075,0.015855126,0.1992948,-0.103767484,-0.024139853,-0.025677713,0.17185886
INFECTION_WBC_MEASURE__std__missing,0.006446121,-0.011456959,0.0046191383,0.008628465,-0.02072006,-0.006978817,-0.028763833,-0.019772157
KETONES_SERUM_MEASURE__std__missing,0.025859185,0.08961525,-0.013278409,-0.012967665,0.0067499387,-0.04077615,-0.0008648769,-0.102469675
KETONES_URINE_MEASURE__std__missing,-0.0027826845,0.0149465,-0.0041749626,-0.021671759,-0.008304603,0.006139193,0.025520224,-0.0138950925
KIDNEY_COMPLICATION_EVENT__std__missing,-0.013925912,0.017111465,-0.022733683,0.013913524,-0.05455869,0.0008543297,0.0029373153,0.01367163
KIDNEY_COMPLICATION_OBS__std__missing,0.014419668,0.035759136,-0.0053189807,-0.026505018,0.024637999,-0.06626861,-0.02023237,0.07008083
MEAL_Breakfast__std__missing,-0.0027650371,-0.018134063,0.00050270755,0.028285565,0.040489554,-0.0047831247,0.011566945,0.031278584
MEAL_Dinner__std__missing,0.003073392,0.013904738,0.042633995,0.009614363,0.040227868,0.035219744,0.041423548,0.027960766
MEAL_Lunch__std__missing,-0.010508457,-0.016595894,0.030124167,0.025428524,0.015008972,-0.017243009,0.013358358,0.042098276
MEAL_Night-Snack__std__missing,-0.01718524,0.0006324606,0.036785133,0.031064346,0.0056409584,0.026374033,0.051647097,0.009990512
METFORMIN_HOME_BITZUA__std__missing,-0.02696973,0.025375942,0.0060386104,0.091425195,-0.1872126,-0.022397263,-0.008333698,0.09217201
METFORMIN_HOSPITAL_BITZUA__std__missing,0.010581752,-0.13642035,-0.0008325718,-0.015568627,-0.10887041,-0.06917318,0.0034546496,-0.0588926
NEUTROPHILS_MEASURE__std__missing,-0.0028688482,0.005199602,-0.019801758,-0.004042981,0.019641794,-0.027846862,-0.009024959,0.010955826
PH_MEASURE__std__missing,-0.105809875,-0.025327161,0.07386499,0.024892215,0.033763804,0.0035755632,0.057849213,0.07337646
PLT_MEASURE__std__missing,-0.0011016291,-0.014565245,0.018400451,-0.013165027,-0.011482253,0.0008948037,-0.008921074,0.011265366
POTASSIUM_MEASURE__std__missing,-0.034971043,0.09045242,0.023505509,-0.053238954,-0.0005293483,0.0064258613,-0.004736886,-0.07504661
SEVERE_HYPERGLYCEMIA_EVENT__std__missing,0.042908892,-0.0071789073,-0.07061708,-0.07189996,-0.043969683,0.018174065,-0.1025279,-0.096419156
SEVERE_HYPOGLYCEMIA_EVENT__std__missing,-0.032056645,-0.056821354,-0.033345345,0.035428364,0.04529151,-0.026304344,-0.024313264,0.03427427
SGLT2_HOME_BITZUA__std__missing,0.029090578,0.02285001,0.009988467,0.0528512,0.06841959,0.02988046,-0.0005967363,0.056795977
SGLT2_HOSPITAL_BITZUA__std__missing,0.042125892,0.05233857,0.006768411,0.048133403,0.14962207,0.043774992,-0.024147775,0.03522777
SODIUM_MEASURE__std__missing,-0.018337205,0.008799456,-0.010410916,-0.004335473,-0.0020318597,0.025628524,0.013121934,0.010654653
STEROIDS_IV_BITZUA__std__missing,0.018628553,-0.047255754,-0.010829229,0.05009378,-0.0129195275,-0.035014026,-0.063171275,0.0036676647
STEROIDS_PO_BITZUA__std__missing,-0.029940462,0.0066722212,0.031377077,-0.011625558,0.044679355,0.0041658953,0.025719011,-0.068631925
TROPONIN_MEASURE__std__missing,-0.0870622,-0.045974363,-0.006906929,-0.014584411,0.21106306,-0.058549486,0.004890739,0.0042564534
UREA_MEASURE__std__missing,-0.017763417,0.0051431214,-0.02746857,-0.025504528,-0.02514119,0.010831583,-0.007650827,0.017949367
URINE_CULTURE__std__missing,0.030476423,0.080892466,0.051022433,9.295282e-06,0.03030519,-0.027463255,0.017168717,0.059800584
WEIGHT_MEASURE__std__missing,-0.095286064,0.09467431,0.017553318,0.04011016,-0.085626155,-0.0673031,-0.0029322442,0.031150592
ALANINE-AMINOTRANSFERASE_MEASURE__min__missing,0.021929715,0.0010576253,-0.005567879,-0.027521614,0.002818734,0.033883516,-0.019900102,-0.03671483
ALBUMIN_SERUM_MEASURE__min__missing,0.003419963,0.024894308,0.0061634034,-0.007377765,-0.020530334,0.008837795,-0.0077327956,0.02606445
ANTIBIOTIC_IV_BITZUA__min__missing,-0.004294384,-0.015639741,-0.021756245,0.028085278,-0.028541075,0.018821213,-0.008203418,0.011410377
ANTIBIOTIC_PO_BITZUA__min__missing,0.020265909,0.0062675993,0.008368985,0.019845288,0.023051176,0.002094796,0.009002837,0.011348233
ANTIDIABETIC_HIGH_HYPO_HOSPITAL_BITZUA__min__missing,0.0004310884,-0.023772562,0.017770577,-0.027850682,0.007984268,-0.034660365,-0.020138063,-0.0053264047
ASPARATE-AMINOTRANSFERASE_MEASURE__min__missing,0.0061474284,-0.0020975026,-0.013333591,0.047093656,-0.03830915,-0.008471719,-0.008776894,0.005931541
BASAL_DOSAGE__min__missing,0.018473608,3.7199243e-05,0.0007121529,-0.022528142,-0.0008751848,-0.016735878,-0.020504564,-0.016939238
BASAL_HOME_BITZUA__min__missing,-0.024933165,-0.02575436,-0.019456178,-0.0038087438,0.022409186,0.013519582,-0.013138846,-0.035704393
BASE_GLUCOSE_MEASURE__min__missing,0.0030718301,-0.012435153,0.010905709,-0.020989938,0.011544673,-0.009396903,-0.011124048,-0.015934108
BICARBONATE_MEASURE__min__missing,-0.011642588,-0.028402105,-0.019643504,-0.037066694,0.0026807326,-0.030377505,0.0036917548,-0.02643941
BLOOD_CULTURE__min__missing,-0.0112528615,-0.0027956574,0.017468508,-0.032446582,-0.01097194,0.015601817,-0.0121085225,0.013032104
BLOOD_PRESSURE_DIASTOLIC_MEASURE__min__missing,0.01943036,0.017431736,-0.0034967114,-0.013710026,-0.00857073,0.010464502,-0.0023816123,-0.017803218
BLOOD_PRESSURE_SYSTOLIC_MEASURE__min__missing,-0.007623521,0.005593427,0.002421043,-0.016842213,-0.015594006,0.024773207,0.007730247,-0.024908379
BMI_MEASURE__min__missing,-0.01725108,0.0056806686,0.006806632,0.008524782,0.041815862,0.009909904,0.014670649,0.0039750743
BODY_TEMPERATURE_MEASURE__min__missing,-0.003553965,-0.015247495,0.017002255,-0.017994177,-0.016293485,0.0017436824,-0.020612396,0.00087570713
BOLUS_DOSAGE__min__missing,0.014154606,0.0001964067,0.0063820984,0.0024801113,0.0055708596,-0.015183736,0.010077778,-0.023228798
CALCIUM-GLUCONATE_BITZUA__min__missing,0.001835344,0.014505153,-0.008852319,0.0069436887,-0.0033590733,-0.005448426,0.009370969,-0.014588224
CARDIO-VASCULAR_DISORDER_EVENT__min__missing,-0.062300894,0.0047066677,0.018000457,0.032863606,0.010003828,0.0003594759,-0.0024470605,-0.0049904357
CARDIOVASCULAR_DISORDER_OBS__min__missing,-0.002574295,-0.012295935,-0.027943559,-0.029000737,-0.024652876,-0.011774029,-0.02177636,-0.03851445
CHEST_XRAY__min__missing,-0.042712893,-0.004768634,-0.015293075,0.01640138,-0.020906454,-0.026355542,-0.016578011,0.00015391638
CREATINE-KINASE_MEASURE__min__missing,0.004750895,-0.015366892,0.0050228247,0.010678536,0.009879666,0.015196659,-0.0035673685,0.035397105
CREATININE_SERUM_MEASURE__min__missing,-0.01629536,0.0005030295,-0.002669906,0.01489634,0.031191662,0.010729085,0.014571851,0.02014962
DEXTROSE_BITZUA__min__missing,0.00057731854,7.320456e-05,0.00896641,0.018954078,-0.025181662,-0.01177175,0.022718513,0.028745765
DIABETES_DIAGNOSIS__min__missing,0.011012511,-0.013016986,-0.01079289,0.0131955715,0.0071672485,-0.0016499722,-0.014644631,0.014004444
DIALYSIS__min__missing,0.0028818657,-0.004182728,0.028252412,0.0051220036,-0.02574235,-0.017571773,0.02181709,-0.019526865
E-GFR_MEASURE__min__missing,0.006073407,-0.005285972,-0.008418328,0.011275083,0.031573586,0.027187731,-0.015904592,-0.0008631325
EGFR_MEASURE__min__missing,-0.004695757,0.031867016,0.0021644414,-0.008122327,0.028502813,0.013786476,0.008436951,0.011952747
GLUCOSE_MEASURE__min__missing,0.00015363563,0.024465876,0.00199886,0.0076277624,0.019502623,0.0072604967,-0.0065184585,-0.026145158
HEART_RATE_MEASURE__min__missing,-0.009502882,-0.0029101495,0.006348975,-0.020262595,0.011128059,-0.011871028,0.009561082,0.0009661082
HEMATOCRIT_MEASURE__min__missing,-0.0026873031,0.022363877,-0.007886263,-0.013575315,0.0016598955,-0.01652827,0.002739444,0.03362041
HEMOGLOBIN_MEASURE__min__missing,-0.02945416,-0.009785708,-0.012759807,-0.0019530732,-0.013749712,-0.0146597875,0.008146117,-0.00763346
HEPARIN_IV_BITZUA__min__missing,-0.008654309,-0.0069566197,-0.010378196,0.015216631,0.015647309,0.008468883,-0.0025005424,0.022135442
HYPERGLYCEMIA_EVENT__min__missing,0.017097872,0.01150392,-0.018825172,-0.022633132,0.015972095,-0.020928469,-0.024124809,0.017745063
HYPERTONIC_SALINE_BITZUA__min__missing,0.01058953,0.013239093,0.00863457,-0.013463717,-0.01719061,-0.023964413,-0.010087702,0.0051368647
HYPOGLYCEMIA_EVENT__min__missing,-0.008639613,-0.023026811,0.010105871,0.0067647006,0.007778095,0.0010345799,0.0012191337,-0.010678781
INFECTION_EVENT__min__missing,-0.02070444,-0.016654141,0.013429438,0.007852727,0.021930385,-0.024844922,0.0011631631,0.0039803307
INFECTION_WBC_MEASURE__min__missing,-0.0148719605,0.004027219,0.0069911634,-0.0068646516,0.0040894123,0.014730447,0.016748033,0.017746074
KETONES_SERUM_MEASURE__min__missing,-0.007529219,0.007141707,-0.007946718,-0.0038354,0.019182641,0.0011171448,0.013673259,0.020555843
KETONES_URINE_MEASURE__min__missing,0.016554197,-0.03188969,-0.0034857509,0.005743308,-0.05100937,0.01567636,0.017491555,0.012345499
KIDNEY_COMPLICATION_EVENT__min__missing,-0.029227788,0.018850924,-0.0060004545,-0.034647334,-0.0015100708,-0.0525569,0.021987777,-0.030408181
KIDNEY_COMPLICATION_OBS__min__missing,0.01282812,-0.014247741,0.004550423,-8.854163e-05,0.0015721828,-0.03648601,-0.011578803,0.031656004
METFORMIN_HOME_BITZUA__min__missing,0.035198223,-0.009704037,-0.0039101713,-0.0015612725,-0.0007796769,0.020739235,-0.01204262,-0.03779013
METFORMIN_HOSPITAL_BITZUA__min__missing,-0.010339782,-0.0017871761,0.0052872724,-0.003943806,0.009312092,0.0018427263,0.004040525,-0.0056952625
NEUTROPHILS_MEASURE__min__missing,0.024741974,0.011515002,-0.013319695,0.008637808,0.000886771,0.013608247,-0.016257903,-0.027568992
PH_MEASURE__min__missing,0.0047799028,0.01956021,0.0026782604,0.039124396,-0.00883452,0.016944097,-0.017371213,0.022800943
PLT_MEASURE__min__missing,0.007882134,0.020279437,0.0008869488,-0.0043555694,0.011018487,0.018785711,0.018107632,0.019437872
POTASSIUM_MEASURE__min__missing,-0.016112266,0.021754093,0.016360233,-0.0130366525,0.00552107,-0.016174093,0.013755249,-0.019601338
SEVERE_HYPERGLYCEMIA_EVENT__min__missing,-0.006820363,-0.012007688,0.0032921638,-0.030960094,-0.015310693,-0.013332529,-0.011477391,-0.030851647
SEVERE_HYPOGLYCEMIA_EVENT__min__missing,-0.00756553,0.0034581274,-0.023281194,-0.019101351,-0.01853163,0.0033761652,0.013553177,-0.011388505
SGLT2_HOME_BITZUA__min__missing,-0.023873933,0.00346626,0.020700913,0.019806532,0.033250038,0.0033033062,0.020981515,0.013743023
SGLT2_HOSPITAL_BITZUA__min__missing,-0.0066273776,0.023409203,-0.00920016,0.0065830024,-0.005358272,0.008985001,0.007336369,-0.0012901016
SODIUM_MEASURE__min__missing,-0.004604498,0.004262565,0.0027807541,-0.008632099,-0.00501614,0.005316264,0.014951819,0.0067050755
STEROIDS_IV_BITZUA__min__missing,0.026536623,0.003968946,0.014594673,0.013825155,0.011342095,-0.016451104,0.024814991,0.015197938
STEROIDS_PO_BITZUA__min__missing,-0.014165364,0.006660577,-0.017490853,-0.037052497,-0.009807335,-0.022524526,-0.0154779535,0.00531719
TROPONIN_MEASURE__min__missing,-0.033512257,0.023557486,-0.008525345,-0.0069464324,-0.008906416,0.0013001341,0.00386149,-0.023150891
UREA_MEASURE__min__missing,-0.018943004,-0.034580156,-0.022350824,0.006738944,-0.036646735,-0.010571593,-0.028159488,0.009130937
URINE_CULTURE__min__missing,0.009899405,-0.03477081,-0.016502434,-0.021391686,-0.018266741,-0.010684444,-0.0017339434,-0.012065708
WEIGHT_MEASURE__min__missing,-0.026489401,0.0066949567,0.0110477675,0.0036344235,-0.020261649,-0.013345704,-0.013458823,-0.027757168
ALANINE-AMINOTRANSFERASE_MEASURE__max__missing,-0.0095201135,0.0007118747,-0.02727329,-0.016375579,0.034102943,0.027133409,0.022945981,0.00584695
ALBUMIN_SERUM_MEASURE__max__missing,-0.028163627,0.010094658,0.00063757005,-0.00026579868,-0.0312991,-0.0029635634,-0.003107043,0.006870121
ANTIBIOTIC_IV_BITZUA__max__missing,0.026053045,-0.010099265,-0.035620034,-0.00030098105,0.015128585,-0.0039950036,0.009014216,-0.020342141
ANTIBIOTIC_PO_BITZUA__max__missing,0.020845331,0.009514212,-0.00076628156,0.028105564,-0.0072278054,-0.0011740873,-0.0027699708,-0.010723943
ANTIDIABETIC_HIGH_HYPO_HOSPITAL_BITZUA__max__missing,-0.019089784,-0.0021164895,-0.032285485,-0.0046595084,-0.035690237,0.00060546043,-0.02095986,-0.022609703
ASPARATE-AMINOTRANSFERASE_MEASURE__max__missing,0.0042339712,0.010600235,0.016994577,0.008994651,0.0063950894,0.010877875,0.00016217129,0.027749771
BASAL_DOSAGE__max__missing,-0.0131005375,-0.004500685,-0.04093519,-0.0369902,0.011157285,-0.010928829,-0.012464253,-0.0109235225
BASAL_HOME_BITZUA__max__missing,0.010499788,-0.0042616683,-0.0033197852,0.0053220224,0.00048153056,0.009536633,-0.0027826095,0.010717208
BASE_GLUCOSE_MEASURE__max__missing,-0.0145307835,0.0069813537,0.011401655,0.011892725,0.014087557,0.010825529,0.008976895,0.0020044877
BICARBONATE_MEASURE__max__missing,0.029574543,0.00014459898,0.006330251,-0.03678603,-0.0015515408,-0.012875332,0.0046208566,-0.025230777
BLOOD_CULTURE__max__missing,0.02740918,-0.014844657,0.014266118,0.004626537,0.02007711,0.01576386,-0.006814845,-0.029495785
BLOOD_PRESSURE_DIASTOLIC_MEASURE__max__missing,-0.008809537,-0.012486899,-0.019306503,0.010957651,0.019528413,0.018317917,-0.02614795,0.018424999
BLOOD_PRESSURE_SYSTOLIC_MEASURE__max__missing,0.014040666,-0.014156074,0.015569832,0.010203958,0.029373292,-0.0005871283,-0.0011029714,-0.012961814
BMI_MEASURE__max__missing,-0.011956378,0.0026084362,0.006286165,-0.015046512,0.040330693,0.008433396,0.020026108,0.034267616
BODY_TEMPERATURE_MEASURE__max__missing,-0.018093135,-0.009633336,-0.026552565,-0.01555686,-0.028339215,0.021107884,-0.010352118,-0.0102297235
BOLUS_DOSAGE__max__missing,0.005520328,-0.027556568,-0.0054613133,-0.019284878,0.026973775,-0.00071018527,-0.014523939,-0.0011891512
CALCIUM-GLUCONATE_BITZUA__max__missing,-0.004043311,0.006262012,0.018360293,-0.0054593217,-0.0044785487,0.024017617,-0.0176297,0.010864271
CARDIO-VASCULAR_DISORDER_EVENT__max__missing,-0.036504526,-0.0110777505,-0.00035474054,0.025238685,-0.0104008345,-0.009981979,-0.02497608,0.026875865
CARDIOVASCULAR_DISORDER_OBS__max__missing,-0.014561679,-0.008243729,0.013794355,-0.038283356,-0.017388664,-0.009262266,-5.599993e-05,-0.022780295
CHEST_XRAY__max__missing,-0.03674835,-0.026624424,-0.013109219,0.0049858326,-0.03062009,4.632341e-05,0.017858379,0.005557695
CREATINE-KINASE_MEASURE__max__missing,-0.010607648,3.0344107e-05,-0.011217963,0.0073815067,0.036271453,-0.029546542,-0.008680021,-0.0010127752
CREATININE_SERUM_MEASURE__max__missing,0.0011608199,-0.0067615267,0.0012252004,0.0027535418,-0.007223253,0.00046045953,-0.0110657355,-0.024519265
DEXTROSE_BITZUA__max__missing,0.012518234,0.0052558766,-0.0007940951,-0.017953273,0.0032548555,0.010846919,0.008739195,-0.017553018
DIABETES_DIAGNOSIS__max__missing,-0.0046545723,-0.000102218764,-0.015204138,-0.00526959,0.028201707,0.037985373,-0.0086065205,0.013674987
DIALYSIS__max__missing,0.027852494,-0.018005347,0.0095816,-0.009222131,-0.037375554,0.019706517,0.013304245,-0.005659291
E-GFR_MEASURE__max__missing,-0.0137682,-0.026330393,-0.013900092,-0.010078968,0.027100632,-0.010848765,-0.0061850557,-0.032128237
EGFR_MEASURE__max__missing,-0.020255227,0.032646928,-0.0067179473,-0.012164706,0.015508058,-0.02268515,-0.0017352857,-0.0070379414
GLUCOSE_MEASURE__max__missing,0.0016239533,0.007654073,-0.0045504984,0.01105882,0.017501248,0.023079056,-0.017544169,-0.023401327
HEART_RATE_MEASURE__max__missing,-0.011205863,0.0055712597,0.008483294,-0.01801391,-0.018124998,0.0020075408,-0.00017927954,-0.025197282
HEMATOCRIT_MEASURE__max__missing,-0.015512014,-0.0061893184,-0.003937552,0.015844576,0.007927302,-0.006646684,0.022609226,-0.0027751506
HEMOGLOBIN_MEASURE__max__missing,-0.0115400255,-0.016229669,-0.011316246,-0.041724246,-0.0026885637,-0.027704822,-0.029173676,-0.040652916
HEPARIN_IV_BITZUA__max__missing,0.008174151,0.02164456,-0.0033244684,-0.009326561,0.023253025,-0.012237906,-0.00024357329,0.00973919
HYPERGLYCEMIA_EVENT__max__missing,-0.018473204,-0.0047205514,0.00011234001,0.0005302654,0.012597926,-0.024998398,-0.03798125,-0.004103128
HYPERTONIC_SALINE_BITZUA__max__missing,-0.008167943,-0.011690989,-0.017178526,0.014383706,-0.028084762,0.0027565537,0.009510054,0.022094019
HYPOGLYCEMIA_EVENT__max__missing,-0.0011271021,0.001790665,0.0057809306,-0.028350059,0.0024625522,-0.0044578644,0.0001456786,-0.025855089
INFECTION_EVENT__max__missing,0.013434098,-0.02325952,0.016378181,0.0069444096,-0.011735418,-0.0006098833,0.009208948,-0.00288299
INFECTION_WBC_MEASURE__max__missing,-0.0075755804,-0.007797102,-0.022679424,0.017217508,-0.011792156,0.0031439965,0.016266288,0.015824007
KETONES_SERUM_MEASURE__max__missing,-0.021726279,-0.009942738,0.003552302,0.0065705352,0.02329669,0.0044492893,0.0023958755,-0.012570439
KETONES_URINE_MEASURE__max__missing,0.04025128,0.00083916326,0.0036846148,-0.0040009026,-0.015460793,0.021811545,-0.007118973,0.004001616
KIDNEY_COMPLICATION_EVENT__max__missing,-0.009471873,0.007603844,0.00371197,-0.021458684,-0.017259693,-0.066013314,-0.014754415,-0.032805767
KIDNEY_COMPLICATION_OBS__max__missing,0.0070428057,0.013673377,0.009851873,0.016224032,-0.012691364,-0.040489674,0.030459771,0.018470587
METFORMIN_HOME_BITZUA__max__missing,0.0087901205,-0.0033906996,0.013528774,0.008734957,0.008597549,-0.014664122,-0.020222168,-0.025040522
METFORMIN_HOSPITAL_BITZUA__max__missing,0.012416146,-0.0027203166,0.012136156,0.012408316,0.0033323923,0.030836213,0.022491904,0.023555666
NEUTROPHILS_MEASURE__max__missing,-0.016233921,0.023122106,0.025666699,0.008473589,-0.01795993,-0.027079402,0.01716322,0.004235434
PH_MEASURE__max__missing,-0.012658939,0.01920291,0.012255592,0.026847206,-0.013620377,0.02431447,0.009704121,0.054172285
PLT_MEASURE__max__missing,0.004701575,0.026413301,-0.01683356,-0.015898963,-0.009457408,-0.014327251,-0.011947232,0.0090293875
POTASSIUM_MEASURE__max__missing,0.0075899092,0.008773206,-0.011864984,0.03040017,0.0021791183,-0.009048484,-0.017706225,-0.010130561
SEVERE_HYPERGLYCEMIA_EVENT__max__missing,-0.0058117644,0.005302594,-0.028499007,-0.027675856,-0.0029450648,0.02013849,-0.012591429,-0.028634656
SEVERE_HYPOGLYCEMIA_EVENT__max__missing,0.0024068812,-0.0064931912,-0.012407299,-0.016573353,-0.0028977373,0.0077821556,0.014048916,-0.02042105
SGLT2_HOME_BITZUA__max__missing,-0.0016361556,0.048296854,-0.023934705,-0.025374318,0.006782947,0.019333791,0.009448885,0.012007046
SGLT2_HOSPITAL_BITZUA__max__missing,-0.0149164945,-0.009917865,-0.003910383,-0.0040789098,0.016591748,0.013398035,0.018138925,0.028098693
SODIUM_MEASURE__max__missing,0.021383604,-0.0026890906,-0.020259546,0.028838595,0.019979717,0.015181352,0.008597297,0.0062487023
STEROIDS_IV_BITZUA__max__missing,-0.012846904,-0.022356706,0.008032797,0.019636279,0.010320866,0.008746579,0.016957816,0.008415064
STEROIDS_PO_BITZUA__max__missing,0.014327991,-0.0039777877,-0.002217642,-0.024676617,-0.012391891,-0.008446166,-0.004520218,-0.02146531
TROPONIN_MEASURE__max__missing,-0.020567425,0.0070964606,-0.004576326,0.019773062,-0.0027686076,0.016371233,0.012991524,-0.004693728
UREA_MEASURE__max__missing,0.0077658882,0.01316646,0.0016057099,-0.038710978,-0.052192364,0.008698299,0.018635089,0.007155482
URINE_CULTURE__max__missing,-0.006735366,0.0014530498,-0.015498871,0.0068012164,0.0023682194,0.013054869,-0.016858635,-0.010719004
WEIGHT_MEASURE__max__missing,-0.014270934,0.03630226,0.0011346622,0.00060037547,-0.02756181,-0.017143425,-0.0068279733,-0.014493691
ALANINE-AMINOTRANSFERASE_MEASURE__first__missing,-0.012489427,-0.008421811,0.007468542,0.00023746928,-0.002227807,-0.008277792,-0.018151645,0.009006859
ALBUMIN_SERUM_MEASURE__first__missing,0.011831576,0.007215722,0.00019735083,0.013797837,-0.012789037,-0.006906902,-0.0036630598,0.016078886
ANTIBIOTIC_IV_BITZUA__first__missing,0.0034296243,-0.019267894,0.009751576,0.0040103192,-0.006297753,0.015399073,-0.00950559,0.012079345
ANTIBIOTIC_PO_BITZUA__first__missing,-0.029826172,0.024244076,0.009863844,-0.0074114352,0.0019294949,0.013628864,0.0095095355,0.025634274
ANTIDIABETIC_HIGH_HYPO_HOSPITAL_BITZUA__first__missing,0.020689342,-0.0024648905,-0.0049540945,-0.01712787,-0.01035237,-0.009861608,-0.006197305,-0.031048294
ASPARATE-AMINOTRANSFERASE_MEASURE__first__missing,0.014094045,-0.0067856363,-0.004259733,0.0064543495,-0.0057526524,0.014583267,0.0014755566,0.01912447
BASAL_DOSAGE__first__missing,0.0061520846,-0.0025099602,-0.0036111511,-3.2873573e-05,-0.011624806,0.0059232283,-0.014349023,-0.016833797
BASAL_HOME_BITZUA__first__missing,0.011671204,0.007597517,0.03112516,-0.025678804,-0.0056005963,-0.0017509948,-0.0010711799,-0.023119364
BASE_GLUCOSE_MEASURE__first__missing,0.03277183,0.012299815,-0.0019775347,-0.0076166713,0.007397992,0.009226106,-0.006314545,0.012624194
BICARBONATE_MEASURE__first__missing,0.015903968,-0.012995778,-0.005985343,-0.016407488,-0.018086381,-0.0043194457,0.021074457,-0.03186005
BLOOD_CULTURE__first__missing,0.019734416,-0.009914094,0.005699653,-0.021982575,0.03698382,-0.0025705278,0.024914829,-0.016303726
BLOOD_PRESSURE_DIASTOLIC_MEASURE__first__missing,0.028754922,0.010515405,0.015592009,-0.0038064895,-0.019031601,0.0023945037,-0.003846888,-0.0068718884
BLOOD_PRESSURE_SYSTOLIC_MEASURE__first__missing,0.015566584,0.018281791,0.010885061,-0.0044761826,0.016924156,0.01810629,0.00536941,0.0042118845
BMI_MEASURE__first__missing,0.010292848,0.0058783665,-0.020292057,0.025671305,0.026537195,0.028992172,0.011546775,-0.0094459485
BODY_TEMPERATURE_MEASURE__first__missing,-0.015328565,-0.0005815287,0.0017074415,-0.021895684,0.019059533,-0.004299944,-0.0080506615,-0.01584962
BOLUS_DOSAGE__first__missing,-0.0041737747,-0.015856402,0.004169421,0.008675886,-0.005275831,-5.594776e-05,0.008974608,0.0032588309
CALCIUM-GLUCONATE_BITZUA__first__missing,-0.0016347219,-0.014673042,-0.012659829,0.010083448,-0.026055232,0.017879315,0.009567221,0.013573542
CARDIO-VASCULAR_DISORDER_EVENT__first__missing,-0.06902734,-0.008586054,-0.010214198,0.03164964,-0.0014437804,0.005483923,0.017833076,-0.0024015475
CARDIOVASCULAR_DISORDER_OBS__first__missing,0.011639669,0.0075087184,-0.0086408015,-0.017322637,0.020757796,0.005751635,-0.01505259,-0.017690707
CHEST_XRAY__first__missing,-0.0044251587,0.0021913769,0.027162509,0.003008953,-0.026782457,-0.0011180385,0.0022953334,-0.014654147
CREATINE-KINASE_MEASURE__first__missing,0.00892283,-0.019733343,0.00042376676,-0.02049,0.021547036,-0.017716186,-0.004154653,-0.011599222
CREATININE_SERUM_MEASURE__first__missing,0.00010229394,-0.00041398974,0.019564671,0.0023575595,0.0072810138,0.017998997,0.021635722,0.0042986027
DEXTROSE_BITZUA__first__missing,0.009140224,-0.0035051266,-0.0128624765,0.02544665,0.0039300397,0.017658941,-0.020512387,0.0040059537
DIABETES_DIAGNOSIS__first__missing,0.01363182,0.020426825,0.023380049,-0.005209172,0.008829171,0.027059114,-0.0065132044,-0.023777125
DIALYSIS__first__missing,0.010130085,-0.0066889026,-0.010495529,0.026474124,-0.00190589,0.0016194496,0.019255264,-0.02265549
E-GFR_MEASURE__first__missing,0.00553226,-0.03908547,0.0017182773,0.0018609863,-0.006958783,0.018002741,0.0260962,0.0023320832
EGFR_MEASURE__first__missing,-0.008551156,0.030661462,0.0075819744,0.013247745,0.031163566,0.011412074,0.023604393,-0.0036591957
GLUCOSE_MEASURE__first__missing,0.0066095353,-0.010473612,-0.0066283448,0.013151785,-0.016977217,0.01103246,0.02169335,0.015750147
HEART_RATE_MEASURE__first__missing,0.001965771,0.021467278,0.008380019,-0.01621207,-0.03267495,0.022067113,-0.015835512,-8.058429e-05
HEMATOCRIT_MEASURE__first__missing,0.0046207663,0.010153944,-0.010711912,0.018310199,0.0044487854,-0.006412678,0.006100195,0.034760073
HEMOGLOBIN_MEASURE__first__missing,0.017987162,-0.009803029,-0.020451337,0.0017989664,-0.0241815,-0.009180512,0.010609433,-0.024478717
HEPARIN_IV_BITZUA__first__missing,0.02354208,-0.009934939,0.013503076,0.0111318035,-0.010547712,0.013671114,0.00310784,0.0061335526
HYPERGLYCEMIA_EVENT__first__missing,0.018528037,0.021530904,-0.021411713,0.0061402945,0.013594768,0.007457837,-0.025681129,-0.025015045
HYPERTONIC_SALINE_BITZUA__first__missing,0.023772022,0.018771067,-0.009726127,0.0006872997,-0.02567241,0.016544271,-0.002879165,-0.011586554
HYPOGLYCEMIA_EVENT__first__missing,-0.007768158,-0.009365087,0.0091397995,-0.03583179,0.010714041,0.0059219245,-0.0022603995,-0.036473174
INFECTION_EVENT__first__missing,-0.012373026,-0.001890641,-0.017521674,-0.015814876,0.009880104,-0.025484066,0.004799919,-0.008532198
INFECTION_WBC_MEASURE__first__missing,-0.0067467443,0.027673729,0.0054493938,0.014257927,0.017651139,-0.011450116,-0.022033405,-0.012874658
KETONES_SERUM_MEASURE__first__missing,-0.00039307988,-0.024555318,-0.021932373,-0.014177907,0.031539388,0.00518475,0.013191519,0.020375295
KETONES_URINE_MEASURE__first__missing,-0.0028319024,0.014938083,-0.014607894,-0.019928753,-0.01455213,0.022065422,-0.019519236,-0.0021564427
KIDNEY_COMPLICATION_EVENT__first__missing,-0.0093614925,0.010442786,0.0070534353,-0.009734258,-0.0012779474,-0.062339626,0.022375776,-0.024431372
KIDNEY_COMPLICATION_OBS__first__missing,-0.014547774,0.012139951,0.006080777,-0.010558004,0.017649857,-0.03625292,0.029193282,0.01317705
METFORMIN_HOME_BITZUA__first__missing,0.009044338,-0.0012732818,0.010988049,-0.0074503603,-0.007805116,-0.010267446,-0.015069734,-0.022683352
METFORMIN_HOSPITAL_BITZUA__first__missing,0.0013344442,-0.0034571078,-0.0064130453,0.03176638,0.013260639,0.008013911,-0.0059736543,0.025769604
NEUTROPHILS_MEASURE__first__missing,0.017535092,0.005954498,0.018654503,0.028078977,-0.00060765515,0.0005155,0.011581313,0.02117782
PH_MEASURE__first__missing,0.030005366,0.019254278,-0.009851871,0.06871318,-0.018265938,0.011927766,0.01137029,0.03529569
PLT_MEASURE__first__missing,0.025391588,0.0200969,-0.019008081,0.030213885,0.031679817,0.02123449,0.0044281017,0.0075012585
POTASSIUM_MEASURE__first__missing,0.013220786,-0.01500429,-0.0010474027,-0.008335961,0.020945879,-0.016930275,0.0077107837,-0.0068394872
SEVERE_HYPERGLYCEMIA_EVENT__first__missing,-0.010060296,0.007418367,0.014966621,-0.009917625,0.026836993,0.00016312159,-0.0056147566,0.0024193816
SEVERE_HYPOGLYCEMIA_EVENT__first__missing,-0.013436548,0.006816948,-0.02358721,-0.011500006,-0.007593137,-0.0103631755,-0.01140942,-0.02064794
SGLT2_HOME_BITZUA__first__missing,0.015954366,0.014481137,-0.020926736,0.010249542,0.011299364,-0.0086452365,-0.019983225,0.012234855
SGLT2_HOSPITAL_BITZUA__first__missing,-0.004154176,0.01749625,-0.023940595,0.024737028,0.0003374323,-0.0014569866,0.019858759,0.03613201
SODIUM_MEASURE__first__missing,0.0020234636,-0.025571294,0.008645493,-0.007555499,0.028782122,0.020009544,0.016095886,0.026028259
STEROIDS_IV_BITZUA__first__missing,0.016424589,-0.017612332,-0.012695947,-0.019820271,0.007487757,0.021038532,0.019363895,-0.0021955755
STEROIDS_PO_BITZUA__first__missing,0.015529173,0.030479034,0.004506247,-0.02092729,0.0028795672,0.01901255,-0.007274075,-0.027299795
TROPONIN_MEASURE__first__missing,-0.010905953,0.015241903,0.01570845,0.02830423,-0.001300965,0.025699334,0.020221842,0.0022139957
UREA_MEASURE__first__missing,-0.027000764,-0.011246267,0.00048382216,-0.011465941,-0.040519692,0.0046312767,-0.012436702,-0.019348485
URINE_CULTURE__first__missing,-0.0033068121,-0.0014112522,-0.02149684,-0.013078001,-0.03386527,-0.00066864846,-0.0077037676,-0.0020666905
WEIGHT_MEASURE__first__missing,-0.0100374,0.015727889,-0.028385848,-0.017239263,0.018358875,-0.01035446,0.024617651,-0.010586522
ALANINE-AMINOTRANSFERASE_MEASURE__last__missing,0.022146849,0.015338249,0.0047967965,-0.027090877,0.008731053,0.013382613,-0.022054657,-0.003606672
ALBUMIN_SERUM_MEASURE__last__missing,-0.015404698,0.011880907,0.0063664177,-0.01526175,0.013433254,0.018735906,0.0077969856,-0.02016028
ANTIBIOTIC_IV_BITZUA__last__missing,-0.005374331,-0.011497742,-0.0181179,-0.015236938,-0.015089815,0.030199654,-0.018043935,-0.01755911
ANTIBIOTIC_PO_BITZUA__last__missing,0.0002436447,0.0054366128,0.00831139,0.011557065,0.028572641,-0.008765414,0.013433942,0.029111266
ANTIDIABETIC_HIGH_HYPO_HOSPITAL_BITZUA__last__missing,0.021952359,0.009679226,0.0026263003,-0.02908866,-0.006132238,0.0038544945,0.0013735043,-0.03856414
ASPARATE-AMINOTRANSFERASE_MEASURE__last__missing,0.019653141,0.0010591291,0.003708057,0.0351986,-0.01126505,-0.0018645144,-0.011096639,0.02569878
BASAL_DOSAGE__last__missing,-0.0011082205,-0.008507737,-0.01778849,-0.027888361,0.0009930688,-0.016875448,-0.004519808,-0.029847773
BASAL_HOME_BITZUA__last__missing,0.01739244,0.008058226,-0.017334145,-0.0018276016,-0.010601079,-0.019887393,-0.009750257,0.007510289
BASE_GLUCOSE_MEASURE__last__missing,-0.0068392223,0.02111232,-0.012763357,-0.023624253,0.0026986338,0.014540673,0.018884005,0.0033317234
BICARBONATE_MEASURE__last__missing,0.02153098,-0.006266474,-0.026159177,-0.02754427,-0.02297292,-0.0048983283,-0.013451077,-0.05788643
BLOOD_CULTURE__last__missing,0.006464211,-0.0011534857,-0.029809475,-0.021175623,-0.0019083299,-0.0025477412,-0.019256433,0.0043194126
BLOOD_PRESSURE_DIASTOLIC_MEASURE__last__missing,0.030328158,-0.025171945,-0.026759682,-0.027559452,-0.0066688494,-0.02394136,-0.02198971,-0.0032096333
BLOOD_PRESSURE_SYSTOLIC_MEASURE__last__missing,-0.00784744,0.009137958,0.013868089,-0.027798347,-0.015951447,0.01166737,0.0030483843,0.015802998
BMI_MEASURE__last__missing,-0.0073979087,-0.02419885,-0.0027272904,0.018484553,0.028218558,0.028041184,-2.2551898e-05,-0.0022938163
BODY_TEMPERATURE_MEASURE__last__missing,0.026920104,0.02668205,0.0072943415,-0.017495977,0.01607594,0.022509037,0.009772858,0.0002576534
BOLUS_DOSAGE__last__missing,-0.007853805,0.0045364257,0.002436852,-0.0073386673,0.0126346275,-0.001054299,-0.02395177,-0.0058664875
CALCIUM-GLUCONATE_BITZUA__last__missing,0.0086448975,0.0036035855,-0.013521965,0.0028998146,0.009406453,0.013861612,0.0072327396,0.018008439
CARDIO-VASCULAR_DISORDER_EVENT__last__missing,-0.08151509,3.6483758e-05,-0.016842736,0.011037787,-0.0028595494,0.006089375,0.013480177,0.029427322
CARDIOVASCULAR_DISORDER_OBS__last__missing,-0.0033514514,0.0073838364,-0.0080924565,-0.031178813,0.0071484656,0.009882492,-0.009460175,-0.018431732
CHEST_XRAY__last__missing,-0.05169719,-0.028464548,-0.0012550947,0.0018316252,-0.038418893,-0.0026390736,0.023560805,0.006420583
CREATINE-KINASE_MEASURE__last__missing,0.012301748,-0.0032050298,0.015114856,0.009487377,-0.004951581,-0.018900469,0.015719661,0.016719963
CREATININE_SERUM_MEASURE__last__missing,0.022369094,0.0048937076,-0.007056891,0.0016546849,0.024599727,-0.0010428379,-0.0039494894,0.0025952032
DEXTROSE_BITZUA__last__missing,-0.003359896,-0.011243422,0.0070455293,-0.019391512,-0.029082574,0.012084267,0.0097615225,0.0153899565
DIABETES_DIAGNOSIS__last__missing,-0.0073305387,0.012102758,0.0219719,0.01322877,0.0013205973,0.03141799,0.00095018465,0.007788692
DIALYSIS__last__missing,-0.0019944138,-0.003287462,0.025837058,-0.010987072,-0.045473296,-0.025932873,0.017289117,0.009030172
E-GFR_MEASURE__last__missing,-0.016399622,-0.021469157,0.024324808,0.0036229538,0.020278541,-0.014798236,-0.01461095,-0.006974376
EGFR_MEASURE__last__missing,0.0072064833,0.024698768,-0.014360349,-0.00034892876,0.037300147,-0.013868303,0.018054923,-0.025273707
GLUCOSE_MEASURE__last__missing,0.017328216,-0.006786063,0.009165,-0.0054096826,0.0024503919,0.021895535,-0.0031329526,-0.008238021
HEART_RATE_MEASURE__last__missing,-0.0054138657,-0.011296025,0.0016037099,0.017334415,0.010649292,0.010325102,0.008345055,-0.007625691
HEMATOCRIT_MEASURE__last__missing,-0.012084714,-0.006914881,0.008245741,0.010365134,-0.010460442,0.0026544472,0.007708552,0.031823244
HEMOGLOBIN_MEASURE__last__missing,-0.018511,-0.00921547,0.018124953,-0.02585504,2.4346913e-05,0.0150850145,-0.011218574,-0.030590754
HEPARIN_IV_BITZUA__last__missing,0.01456609,-0.00558864,0.0075363354,-0.008431877,0.00046953722,-0.008799757,0.028883558,-0.015798638
HYPERGLYCEMIA_EVENT__last__missing,-0.019326793,-0.019685969,-0.0059136096,0.009141006,-0.014744364,0.004635619,0.0017759972,0.007903684
HYPERTONIC_SALINE_BITZUA__last__missing,0.029874567,-0.023801375,-0.026508797,-0.009891713,-0.00022033542,-0.02950196,-0.0022828677,-0.012506867
HYPOGLYCEMIA_EVENT__last__missing,-0.001410696,0.016407927,0.015539741,0.0069279224,0.022284012,-0.0148256635,5.8899495e-05,-0.04197332
INFECTION_EVENT__last__missing,-0.010359963,-0.017977769,-0.01580222,-0.00022253855,-0.0073870476,0.01858786,0.018641252,-0.02488691
INFECTION_WBC_MEASURE__last__missing,-0.018756792,0.005305133,0.006016574,0.026608443,-0.021423765,-0.022131298,-0.028975489,0.0071780793
KETONES_SERUM_MEASURE__last__missing,-0.018638507,0.014858801,-0.007970684,-0.015929911,0.02227493,-0.02329828,0.0137410695,-0.027177623
KETONES_URINE_MEASURE__last__missing,-0.0060640173,0.005158177,-0.006844487,-0.013848043,-0.04197994,0.01799757,0.008327013,-0.02405486
KIDNEY_COMPLICATION_EVENT__last__missing,0.0059129708,-0.014398266,-0.018903524,-0.025566874,-0.011101852,-0.039217908,-0.022821076,-0.022599569
KIDNEY_COMPLICATION_OBS__last__missing,-0.020281125,-0.022681458,0.023021974,0.010084676,-0.0073148585,-0.03555054,-0.009157433,0.037244722
METFORMIN_HOME_BITZUA__last__missing,0.025529444,-0.010084696,-0.001091445,-0.023079582,0.025674015,-0.014206461,0.0031458598,-0.032772504
METFORMIN_HOSPITAL_BITZUA__last__missing,0.022934217,0.005630856,0.01610467,0.023655148,0.03724654,0.018942093,0.02646621,0.015226292
NEUTROPHILS_MEASURE__last__missing,-0.01313555,0.0061379294,0.000810176,0.025106715,-0.024151511,-0.013704419,0.0067372466,-0.01563246
PH_MEASURE__last__missing,-0.011593534,-0.009317114,-0.018033963,0.027048977,0.007808339,-0.019347867,0.0056856466,0.04644756
PLT_MEASURE__last__missing,0.023150988,-0.013532479,-0.00794065,0.01874749,0.03338212,0.014992167,-0.0020309843,0.013517359
POTASSIUM_MEASURE__last__missing,-0.020604774,-0.006720308,-0.016816592,0.011491983,-0.018204022,-0.0020939768,-0.030410524,0.008454067
SEVERE_HYPERGLYCEMIA_EVENT__last__missing,0.012072656,-0.013719112,0.008005614,-0.011989958,-0.008885636,0.016092448,-0.003998449,0.0002004709
SEVERE_HYPOGLYCEMIA_EVENT__last__missing,-0.0065959785,-0.018052643,-0.0017587672,0.009444918,-0.036073778,0.0026979921,-0.008570282,-0.006715393
SGLT2_HOME_BITZUA__last__missing,-0.016147545,0.03851052,-0.015204113,0.018657478,-0.013886791,-0.013392879,-0.008163374,-0.0065440545
SGLT2_HOSPITAL_BITZUA__last__missing,0.013344663,-0.0010051137,-0.010023045,0.025771232,0.0020546347,0.018437305,0.010693776,0.013849561
SODIUM_MEASURE__last__missing,-0.007289394,0.011426342,0.018743942,-0.009451347,-0.0021911492,0.014112117,-0.013661737,0.01704199
STEROIDS_IV_BITZUA__last__missing,-0.005590101,-0.022464674,-0.004654908,-0.012195646,0.00034779732,-0.015904617,-0.0023156316,-0.012230002
STEROIDS_PO_BITZUA__last__missing,0.0008652993,0.0038596373,-0.003764299,0.004643158,0.0026971425,0.0057250164,0.017583594,0.0021737455
TROPONIN_MEASURE__last__missing,-0.00038755417,0.004408998,0.013295983,-0.012686039,0.023540786,0.013157626,0.00068064075,0.010527751
UREA_MEASURE__last__missing,-0.01381593,0.0072032455,-0.020247784,-0.023183253,-0.045086276,0.016919434,-0.011872769,0.008771216
URINE_CULTURE__last__missing,-0.0042696144,-0.02529679,-0.0067644506,-0.030886643,-0.0037769948,0.0020000874,-0.009210887,-0.0035347752
WEIGHT_MEASURE__last__missing,0.016240982,0.008103533,0.012111958,0.014872865,0.009403565,-0.0031305358,-0.014365801,0.009248153
ALANINE-AMINOTRANSFERASE_MEASURE__p25__missing,-0.009677157,-0.016632756,0.011057505,-0.03149951,0.030551672,0.01393608,-0.014354602,-0.01663829
ALBUMIN_SERUM_MEASURE__p25__missing,-0.024708688,0.0024878357,-0.014026617,0.0071823667,-0.035772964,0.0066767605,0.0015278999,0.023194415
ANTIBIOTIC_IV_BITZUA__p25__missing,0.0191049,0.022290947,0.011423899,-0.010089237,0.011171607,0.0152576845,-0.009092456,-0.0216752
ANTIBIOTIC_PO_BITZUA__p25__missing,-0.02386165,0.009600734,0.0024394684,0.0026596177,0.030388888,0.014182989,0.023301203,-0.011576002
ANTIDIABETIC_HIGH_HYPO_HOSPITAL_BITZUA__p25__missing,-0.01745119,-0.015823256,-0.0004617733,-0.022887293,0.0073585534,-0.006477793,-0.01789156,-0.054589793
ASPARATE-AMINOTRANSFERASE_MEASURE__p25__missing,0.027990198,-0.0072497916,0.012814752,0.015639363,0.0022338403,0.011103004,0.0017889858,0.024785265
BASAL_DOSAGE__p25__missing,-0.026450828,-0.026856469,-0.0028261067,-0.027867284,-0.010222408,-0.004333226,-0.026697207,-0.010006061
BASAL_HOME_BITZUA__p25__missing,0.019165581,-0.012073672,0.0062462343,0.0005417882,-0.0102074845,-0.012913191,0.031230904,-0.0068601416
BASE_GLUCOSE_MEASURE__p25__missing,-0.010696667,-0.008640743,-0.0056338813,0.0066569,-0.010738462,0.007881999,-0.0033930638,-0.014249869
BICARBONATE_MEASURE__p25__missing,0.03173548,0.0007608753,-0.00051635853,-0.019412464,-0.014534652,0.013084443,-0.005126332,-0.04953183
BLOOD_CULTURE__p25__missing,0.02315405,-0.020679396,-0.0017875859,-0.03217836,0.030855509,0.024853222,-0.013416697,-0.027275484
BLOOD_PRESSURE_DIASTOLIC_MEASURE__p25__missing,0.02177861,0.0094358185,0.0038456798,-0.0069875894,-0.010062148,-0.022904746,-0.022138549,0.017123988
BLOOD_PRESSURE_SYSTOLIC_MEASURE__p25__missing,-0.0012413777,-0.023151338,-0.024645498,0.0095907105,-0.0075019295,-0.015160703,0.009834909,-0.025275271
BMI_MEASURE__p25__missing,0.02422417,-0.012644094,-0.010830245,0.035609145,0.013100882,0.02321279,0.02338756,0.029126193
BODY_TEMPERATURE_MEASURE__p25__missing,-0.011656242,-0.0104812505,-0.026054723,-0.018259065,-0.0064724227,-0.0018649083,-0.020634519,0.005757259
BOLUS_DOSAGE__p25__missing,-0.01857126,0.00661431,0.0055628186,-0.028823083,-0.0057096016,0.0023542498,0.01590628,-0.01728459
CALCIUM-GLUCONATE_BITZUA__p25__missing,-0.029234612,-0.0028739774,-0.02341021,-0.0042236373,0.015421642,-0.023450622,0.0082968725,-0.015300543
CARDIO-VASCULAR_DISORDER_EVENT__p25__missing,-0.079832226,0.0017396152,-0.006093028,-0.0017450778,-0.021213058,-0.0031702917,-0.028013043,-0.009627694
CARDIOVASCULAR_DISORDER_OBS__p25__missing,0.00029973913,-0.007854662,0.0053592776,-0.0354982,-0.015828304,0.015321064,-0.00411076,-0.050624616
CHEST_XRAY__p25__missing,-0.026009345,-0.023566186,-0.015961573,-0.006211257,-0.045627773,-0.018507658,0.009436058,0.020726403
CREATINE-KINASE_MEASURE__p25__missing,-0.00071703026,0.029466214,-0.018985935,0.026791684,0.026421688,-0.023508755,0.009934861,0.0008811523
CREATININE_SERUM_MEASURE__p25__missing,0.005900316,-0.008368395,0.02423061,0.031565048,0.007768474,0.007776151,-0.015282366,0.01418561
DEXTROSE_BITZUA__p25__missing,-0.019914465,0.0054497756,0.009317503,0.0029120909,-0.0077663334,0.011607042,-0.025452135,0.00012145947
DIABETES_DIAGNOSIS__p25__missing,-0.0012926349,0.0021733257,0.00091664516,-0.02228119,0.012231109,0.028039953,0.009365393,0.0042976104
DIALYSIS__p25__missing,0.004721704,-0.020619858,-0.0052222586,0.01819098,-0.050239384,0.009519101,-0.0022955223,-0.0055944296
E-GFR_MEASURE__p25__missing,0.007566459,-0.049854096,0.01979385,-0.014676396,0.03596779,-0.0077060102,0.012564138,-0.032006253
EGFR_MEASURE__p25__missing,-0.007853213,0.040334884,-0.016072683,0.010121472,0.022829492,-0.01092157,-0.0081244735,-0.031192804
GLUCOSE_MEASURE__p25__missing,0.007851993,-0.014535535,-0.007895433,-0.02949797,-0.0056453496,-0.024480442,0.02406187,-0.008715397
HEART_RATE_MEASURE__p25__missing,0.023786895,-0.00029507154,-0.008351607,-0.007859635,-0.0007536676,0.011023943,0.015008224,-0.011159069
HEMATOCRIT_MEASURE__p25__missing,-0.0085035125,0.01758241,-0.0040048915,0.0064763585,-0.03700932,0.00028934507,-0.007512115,0.0015688045
HEMOGLOBIN_MEASURE__p25__missing,-0.00052822795,-0.016288657,-0.0061044022,-0.027915567,-0.003600112,-0.012275337,0.007600027,-0.016587013
HEPARIN_IV_BITZUA__p25__missing,-0.0036275676,-0.0022807843,0.029273476,0.009138716,-0.010931048,-0.0063128876,0.036404133,-0.016537704
HYPERGLYCEMIA_EVENT__p25__missing,0.021060716,-0.0061546145,-0.019245245,-0.014285805,0.015693039,0.015446452,-0.009941489,-0.010123007
HYPERTONIC_SALINE_BITZUA__p25__missing,0.002577224,-0.019035881,-0.010239023,-0.004667658,0.00802252,0.009844218,0.010881437,0.005122929
HYPOGLYCEMIA_EVENT__p25__missing,0.028254062,0.01100544,0.0037909388,-0.004586678,-0.004614524,0.019300317,0.013261393,-0.039113313
INFECTION_EVENT__p25__missing,0.006685383,0.023235843,-0.011496312,-0.017307092,-0.007405382,-0.022574237,-0.018175308,0.0015301717
INFECTION_WBC_MEASURE__p25__missing,-0.005122654,0.018279027,-0.025458151,0.005013763,0.0155481,0.012853243,-0.019370753,0.01604733
KETONES_SERUM_MEASURE__p25__missing,0.0012297931,-0.0064499886,-0.015942765,0.0077150636,0.012236425,0.0143582495,0.024066465,-0.01781085
KETONES_URINE_MEASURE__p25__missing,0.003304723,0.0030707396,-0.003295843,-0.020184316,-0.014982635,-0.0184004,-0.012691624,0.008533962
KIDNEY_COMPLICATION_EVENT__p25__missing,-0.01962898,-0.027256774,0.006205399,-0.0031026641,-0.006536382,-0.07592638,0.025902104,-0.015383265
KIDNEY_COMPLICATION_OBS__p25__missing,0.01036891,0.010081513,-0.015303523,-0.0027509055,-0.018498104,-0.03329862,0.013227357,0.044531073
METFORMIN_HOME_BITZUA__p25__missing,-0.0046296776,-0.013678547,-0.006827336,0.003267267,0.0104827285,0.012707048,-0.0061091674,-0.02051113
METFORMIN_HOSPITAL_BITZUA__p25__missing,0.005930477,0.031676583,0.0120767085,-0.014055745,-0.006472632,0.018767776,-0.008235408,0.0018625082
NEUTROPHILS_MEASURE__p25__missing,-0.021694424,0.01992273,0.010653195,-0.0053207777,-0.02480368,0.013834102,-0.00209505,-0.008764695
PH_MEASURE__p25__missing,-0.008634684,-0.023673026,0.003732359,0.05348405,-0.012464952,-0.020574376,-0.0062230267,0.009509142
PLT_MEASURE__p25__missing,0.012661124,0.005743961,0.012573762,0.007254266,0.0147212865,-0.021551657,-0.0019899544,4.4702887e-05
POTASSIUM_MEASURE__p25__missing,-0.010859359,-0.0013158023,0.01868677,-0.015256608,0.01834162,-0.007680861,-0.009963829,0.009955458
SEVERE_HYPERGLYCEMIA_EVENT__p25__missing,0.015515909,0.0002924041,0.012704907,-0.004149729,0.025206774,0.020300454,-0.0047014314,-0.025871567
SEVERE_HYPOGLYCEMIA_EVENT__p25__missing,0.012519565,0.02137542,0.003150683,-0.010397583,0.0030665942,0.014799276,0.017813046,0.0086863255
SGLT2_HOME_BITZUA__p25__missing,-0.015580065,0.010983333,0.018030928,-0.011295039,0.030188521,0.005433047,-0.00072365,0.017665373
SGLT2_HOSPITAL_BITZUA__p25__missing,0.012730486,0.033798557,0.009895702,0.033944175,0.018137122,0.022835273,-0.008309488,0.02208058
SODIUM_MEASURE__p25__missing,0.024781765,-0.0018482317,-0.020131625,0.0056382734,-0.0054085357,-0.004051029,-0.011352466,0.024342736
STEROIDS_IV_BITZUA__p25__missing,0.016048005,0.0037747787,0.020891866,0.014262049,-0.00796212,0.026408114,-0.0160419,0.027963238
STEROIDS_PO_BITZUA__p25__missing,-0.0036197226,-0.006056578,0.0020834224,0.010824489,0.0017961565,-0.008987659,-0.023995563,0.0045859017
TROPONIN_MEASURE__p25__missing,-0.0029436278,0.031040935,-0.011468672,-0.016045773,-0.0066793864,-0.018419996,0.0024969121,0.010026931
UREA_MEASURE__p25__missing,-0.0004899664,0.00021257534,-0.015959857,0.0046985387,-0.053137492,0.0077817673,-0.0247927,0.0049725766
URINE_CULTURE__p25__missing,-0.029414764,-0.025356185,-0.022161817,-0.003107939,-0.036079008,0.0014677694,0.012331083,-0.022766413
WEIGHT_MEASURE__p25__missing,-0.0046289163,0.017736617,0.01331343,-0.02349565,-0.019629456,-0.006829313,-0.013596544,-0.018079808
ALANINE-AMINOTRANSFERASE_MEASURE__median__missing,0.00957923,0.0205006,0.014886565,-0.00075185474,0.007912574,-0.012663275,0.021266801,-0.002806136
ALBUMIN_SERUM_MEASURE__median__missing,0.006622489,0.0044889674,-0.015446186,0.008911836,-0.017450577,-0.0011084655,0.002457524,0.0061205965
ANTIBIOTIC_IV_BITZUA__median__missing,0.0018285499,0.021607336,0.011251775,0.011812922,-0.013412367,0.005429502,-0.017152878,-0.0023384546
ANTIBIOTIC_PO_BITZUA__median__missing,0.00040061944,0.0029425398,0.014028168,0.022880293,0.022283249,-0.013952445,-0.020665754,0.023590859
ANTIDIABETIC_HIGH_HYPO_HOSPITAL_BITZUA__median__missing,-0.01844186,0.007970753,0.016584137,-0.04111073,0.010857756,-0.019203635,-0.010375105,-0.010425395
ASPARATE-AMINOTRANSFERASE_MEASURE__median__missing,0.01283699,-0.0244793,0.0068788864,0.027467655,0.0035858313,-0.009269205,0.01882055,0.007971152
BASAL_DOSAGE__median__missing,-0.01473634,0.0004216463,-0.0011099607,-0.028542671,0.006179912,0.0055154576,-0.0029626677,-0.032408718
BASAL_HOME_BITZUA__median__missing,0.006189661,0.013000304,0.018950092,-0.02452088,0.03192752,-0.012210623,-0.008160779,0.004603761
BASE_GLUCOSE_MEASURE__median__missing,0.021116579,0.009821464,0.00706337,-0.03563066,0.032176852,-0.006679926,-0.025425099,0.0047666165
BICARBONATE_MEASURE__median__missing,0.0037084827,0.018154148,-0.0060048588,-0.05429366,-0.007771254,0.001271352,0.0050871004,-0.015467278
BLOOD_CULTURE__median__missing,-0.018284312,0.008138599,0.0069699525,-0.00563058,0.037594244,0.0019142454,0.026373386,-0.006196703
BLOOD_PRESSURE_DIASTOLIC_MEASURE__median__missing,0.02258921,-0.026799938,0.008823513,-0.011819352,0.0010150748,0.012835244,-0.011048774,-0.009770553
BLOOD_PRESSURE_SYSTOLIC_MEASURE__median__missing,-0.024282409,0.0015787688,-0.008969837,0.00805236,0.006125207,0.0062976754,0.02412407,-0.022927092
BMI_MEASURE__median__missing,0.025145007,-0.0074476874,0.0026993824,-0.0004006096,0.04362138,-0.0012382437,-0.0154296765,0.027233465
BODY_TEMPERATURE_MEASURE__median__missing,0.0013131185,0.004932257,-0.014948632,0.01875451,0.013777642,-0.019035552,0.013207272,-0.007909322
BOLUS_DOSAGE__median__missing,-0.010301527,0.0053198496,-0.022946535,-0.016122723,-0.0104250405,-0.0025985488,0.003211513,0.0023633393
CALCIUM-GLUCONATE_BITZUA__median__missing,-0.017871171,-0.0070480723,0.017817812,0.011057005,-0.01858131,-0.022802861,0.0012508268,0.020247933
CARDIO-VASCULAR_DISORDER_EVENT__median__missing,-0.053252462,-0.007836503,0.01367391,0.027496817,0.0085643865,0.02271656,0.0038672597,0.016257158
CARDIOVASCULAR_DISORDER_OBS__median__missing,-0.031100947,0.021659715,-0.028101137,-0.030268632,0.015949327,-0.0010295358,-0.027952032,-0.035370775
CHEST_XRAY__median__missing,-0.03272516,-0.022443097,0.0072989888,-0.0049074152,-0.0206306,-0.042482167,-0.01972172,0.009323134
CREATINE-KINASE_MEASURE__median__missing,-0.007381344,-0.010231874,0.015772814,-0.0024981522,0.038158122,-0.0065457136,0.004251311,-0.010874766
CREATININE_SERUM_MEASURE__median__missing,0.0020062788,-0.005809859,0.007968787,0.028376848,0.004765669,0.012072456,-0.0050725886,-0.0023614292
DEXTROSE_BITZUA__median__missing,-0.0020722786,0.0046262755,0.010906448,-0.005779093,0.0036641578,0.025514474,-0.0032934076,0.023630334
DIABETES_DIAGNOSIS__median__missing,0.02709301,-0.009068756,0.013692785,-0.011052908,0.00016442689,-0.0028504385,-0.007099707,-0.0077607897
DIALYSIS__median__missing,-0.0007103065,-0.004327265,0.013096477,-0.006322236,-0.0033945167,-0.012176505,0.014046622,-0.024320323
E-GFR_MEASURE__median__missing,0.0036195952,-0.03946234,0.0031616855,0.01913712,0.012872679,0.003182436,0.023414241,0.015542435
EGFR_MEASURE__median__missing,0.0024695655,-0.0057279496,0.01961561,-0.03138917,0.04064144,0.008352155,-0.012474459,0.0056758933
GLUCOSE_MEASURE__median__missing,-0.006165646,0.0095728375,-0.014149832,0.012346678,0.015959138,-0.016815718,-0.00431714,0.0054625757
HEART_RATE_MEASURE__median__missing,0.018366767,0.01510914,-0.003812479,0.004599699,-0.020298319,-0.016513435,0.0065053287,0.01936747
HEMATOCRIT_MEASURE__median__missing,-0.00043781137,0.037335306,0.0053400034,0.008929825,-0.030339682,-0.016880356,-0.0033734434,0.029193142
HEMOGLOBIN_MEASURE__median__missing,0.008933562,-0.03670868,-0.020663649,-0.041224867,0.003260743,-0.031454135,-0.0029286381,-0.037496127
HEPARIN_IV_BITZUA__median__missing,-0.0013846767,0.00056265143,0.010438843,-0.004913916,0.02984029,0.01115797,0.010477919,0.013637727
HYPERGLYCEMIA_EVENT__median__missing,0.020038778,0.012797446,-0.016569547,0.0026288715,-0.0038962087,-0.0041600578,0.0012662662,0.0027497944
HYPERTONIC_SALINE_BITZUA__median__missing,-0.019640176,0.003368154,0.017253779,0.0022261573,0.009293709,-0.0069213505,-0.016882045,0.010025386
HYPOGLYCEMIA_EVENT__median__missing,-0.0073823044,-0.0033466124,0.011606533,0.008635648,0.0030134653,-0.0062055504,0.006910019,-0.017578518
INFECTION_EVENT__median__missing,-0.0062431553,-0.006859425,0.0030875728,-0.022926345,0.010228052,0.005545319,-0.016588103,-0.00977674
INFECTION_WBC_MEASURE__median__missing,0.015054377,0.006659085,0.0046573454,0.031038275,0.017643644,0.0043925443,-0.0285856,-0.013356129
KETONES_SERUM_MEASURE__median__missing,0.02282144,-0.013052844,-0.0015367962,0.030771915,0.03427448,0.02135395,-0.012291159,0.022356583
KETONES_URINE_MEASURE__median__missing,0.0027125427,0.00982084,0.013098229,-0.0036757165,-0.018241085,-0.0033210374,-0.015076574,-0.022028895
KIDNEY_COMPLICATION_EVENT__median__missing,-0.006639359,-0.017511945,0.009392716,-0.0011605797,-0.012910843,-0.043581843,-0.017909702,-0.036736853
KIDNEY_COMPLICATION_OBS__median__missing,-0.006497256,-0.015438158,-0.012809307,0.01919841,-0.023659155,-0.072223485,-0.01451203,0.005000749
METFORMIN_HOME_BITZUA__median__missing,0.021854324,0.01158936,0.0035475832,-0.019113136,0.005768471,0.023412319,0.017714893,0.007259942
METFORMIN_HOSPITAL_BITZUA__median__missing,-0.021821406,0.042703155,-0.012722389,0.00042292548,-0.006327222,0.0028740873,0.00535505,0.03685393
NEUTROPHILS_MEASURE__median__missing,0.027765526,-0.009771743,0.011835909,0.026434893,-0.008653517,-0.013588957,-0.0005115061,-0.023192368
PH_MEASURE__median__missing,-0.00050232257,0.015629746,0.016058777,0.03224738,-0.010740142,-0.0023770665,0.0102460515,0.047374416
PLT_MEASURE__median__missing,0.014385531,0.020926282,-0.018050224,0.02173192,0.030173834,0.008604454,0.006210358,0.0003359238
POTASSIUM_MEASURE__median__missing,0.014633976,0.030186126,0.0025320458,-0.0013762016,0.018306304,0.0041222502,0.01330866,-0.008333969
SEVERE_HYPERGLYCEMIA_EVENT__median__missing,-0.022449235,0.0198976,-0.015613616,0.01155524,-0.022679111,0.021374809,-0.012461317,-0.0041826256
SEVERE_HYPOGLYCEMIA_EVENT__median__missing,0.02165192,0.0001977015,0.011258991,0.014683092,-0.024934148,-0.020201467,-0.016066082,0.022470705
SGLT2_HOME_BITZUA__median__missing,0.005601254,0.0040062964,-0.017433848,-0.0013008569,0.018202612,-0.02573161,0.015670687,-0.007436433
SGLT2_HOSPITAL_BITZUA__median__missing,-0.01012337,0.03750365,-0.0024213167,0.004096912,-0.0064747385,-0.0050511914,-0.0014922224,0.019314311
SODIUM_MEASURE__median__missing,-0.013114936,-0.018231736,0.021869326,0.028765699,0.00026402847,0.016973458,0.0011339289,0.0039340938
STEROIDS_IV_BITZUA__median__missing,0.008662381,-0.009855789,-0.018260676,-0.015603375,0.017830458,-0.01400938,0.031978678,-0.0002308101
STEROIDS_PO_BITZUA__median__missing,0.015606947,0.013215323,0.0026018135,0.00031684767,-0.020091131,0.018089255,-0.013989963,0.00039449992
TROPONIN_MEASURE__median__missing,-0.013549336,-0.0028839568,-0.005934628,0.015767237,0.021373104,-0.014388124,-0.021479513,-0.021722808
UREA_MEASURE__median__missing,0.006048143,-0.030131731,-0.0030159862,-0.007326696,-0.0457332,0.01212754,0.019943599,0.019015128
URINE_CULTURE__median__missing,0.009462466,-0.011342138,-0.005813223,0.01335512,-0.03457454,-0.0058676577,0.020986507,0.0091148475
WEIGHT_MEASURE__median__missing,-0.021446373,0.002805793,-0.00065772416,-0.021658594,0.013494862,0.027052917,-0.025598498,-0.0042083915
ALANINE-AMINOTRANSFERASE_MEASURE__p75__missing,-0.014325942,0.013821147,0.016451653,-0.0016572112,0.02901425,-0.0154049145,-0.008214936,-0.019778514
ALBUMIN_SERUM_MEASURE__p75__missing,0.014204259,-0.010963336,-0.012924109,0.031248238,0.0074511254,0.0032337646,0.0120155765,0.0026327472
ANTIBIOTIC_IV_BITZUA__p75__missing,-0.0015506597,0.017912973,-0.0035900543,0.028652994,0.00059790147,0.010929032,-0.014911754,-0.023095366
ANTIBIOTIC_PO_BITZUA__p75__missing,-0.021314465,0.007813479,-0.0018255773,-0.0018672126,-0.018614171,0.01623384,-0.01809115,0.00079051155
ANTIDIABETIC_HIGH_HYPO_HOSPITAL_BITZUA__p75__missing,-0.022705592,-0.025456388,-0.014805675,-0.023870198,-0.029010253,-0.0144343255,0.007181559,-0.017701438
ASPARATE-AMINOTRANSFERASE_MEASURE__p75__missing,0.004309211,0.012436558,-0.0032641224,-0.00019482641,-0.0048768693,-0.013555097,-0.019076373,0.0033897033
BASAL_DOSAGE__p75__missing,0.0065542688,0.0100889,-0.010569831,-0.002613577,0.00022782854,0.025570149,-0.0044163745,-0.04203229
BASAL_HOME_BITZUA__p75__missing,-0.02286766,0.004643818,0.005096458,-0.009205151,0.0032359285,0.016025644,0.010274521,-0.015085409
BASE_GLUCOSE_MEASURE__p75__missing,-0.012927093,-0.025737857,-0.031666715,-0.0032492955,0.010465995,-0.0062721074,0.0036177367,-0.029568275
BICARBONATE_MEASURE__p75__missing,-0.0073490813,-0.0073960684,0.00790916,-0.054467097,-0.030884638,-0.015693324,-0.011177658,-0.05029188
BLOOD_CULTURE__p75__missing,-0.007025672,-0.009279529,0.012465733,-0.025592975,0.039363366,-0.007343558,-0.00015497985,-0.0072666355
BLOOD_PRESSURE_DIASTOLIC_MEASURE__p75__missing,0.014258703,0.014557594,-0.0036601545,0.0021633047,-0.002810083,0.001056178,-0.021260716,-0.0093271
BLOOD_PRESSURE_SYSTOLIC_MEASURE__p75__missing,-0.021137295,-0.0036832602,-0.010236098,0.0027470689,-0.007916245,0.023638314,0.034177065,0.0013932965
BMI_MEASURE__p75__missing,-0.014476125,-0.0020905507,0.016330166,-0.015441899,0.007935553,-0.008245951,-0.0076812655,0.034553915
BODY_TEMPERATURE_MEASURE__p75__missing,0.00020254805,-0.008641182,0.021091232,0.010843815,0.016192317,0.0043097134,0.013515173,0.029180365
BOLUS_DOSAGE__p75__missing,0.018402122,0.00035316678,0.013718833,0.008204994,0.0138624525,0.011697353,0.009493568,-0.011150908
CALCIUM-GLUCONATE_BITZUA__p75__missing,-0.0012780974,0.010811971,-0.0046076253,0.0025082428,-0.01664934,0.0031721373,-0.020684458,-0.009319206
CARDIO-VASCULAR_DISORDER_EVENT__p75__missing,-0.08333068,-0.014611808,-0.026590072,0.009342904,-0.021656547,-0.010476986,0.009201232,-0.0018709773
CARDIOVASCULAR_DISORDER_OBS__p75__missing,-0.008868863,-0.01785179,-0.019065583,-0.015419247,0.01715899,0.012872738,0.007252688,-0.050841056
CHEST_XRAY__p75__missing,-0.024202168,-0.031086514,-0.0047511607,-0.007413814,-0.020637194,-0.03163007,0.00096915645,-0.0035986837
CREATINE-KINASE_MEASURE__p75__missing,-0.01742587,-0.002367292,-0.017125273,-0.021932922,0.029755423,-0.026377719,0.008256217,0.032452054
CREATININE_SERUM_MEASURE__p75__missing,0.010879581,-0.026324378,0.03433569,0.023043396,0.024758559,0.0086780945,-0.015654894,-0.0014769275
DEXTROSE_BITZUA__p75__missing,0.00015674869,0.027587563,-0.017984567,-0.016091404,-0.00868474,0.025967572,-0.015457407,0.009685304
DIABETES_DIAGNOSIS__p75__missing,-0.0066663763,-0.005937221,-0.012840954,-0.0069931434,-0.013626036,0.040529903,-0.003934225,-0.022311566
DIALYSIS__p75__missing,0.02703818,-0.007175458,0.021227552,-0.009400137,-0.031633295,-0.021454044,-0.008711249,0.017381683
E-GFR_MEASURE__p75__missing,-5.7093644e-06,-0.037314106,-0.004941735,0.011081027,0.038430765,-0.0155687025,0.0007291592,0.015378811
EGFR_MEASURE__p75__missing,-0.026817085,-0.009930874,0.0242713,0.0018219895,0.018168176,-0.014692778,-0.002675224,0.002214542
GLUCOSE_MEASURE__p75__missing,-0.0065255095,0.020463005,0.0035846285,-0.026863737,0.0074956776,-0.022896864,-0.016684758,0.0019062597
HEART_RATE_MEASURE__p75__missing,-0.010329673,0.0016768043,-0.0039422633,0.019661302,0.012776585,0.008131436,-0.0131213665,-0.010642224
HEMATOCRIT_MEASURE__p75__missing,-0.02297689,0.002818598,0.03184704,0.024214847,0.0010290358,6.529627e-05,-0.008148888,-0.001412693
HEMOGLOBIN_MEASURE__p75__missing,-0.026976176,-0.016563984,-0.027608223,-0.0383963,-0.018914757,0.012433542,-0.0016306357,-0.026247134
HEPARIN_IV_BITZUA__p75__missing,-0.012329318,-0.007580294,0.009067173,0.022286555,0.014642377,0.02200992,0.029917654,-0.0071278336
HYPERGLYCEMIA_EVENT__p75__missing,0.013518954,0.0050296136,-0.02591256,-0.0278905,-0.013720247,0.006849874,-0.0023050471,-0.014405275
HYPERTONIC_SALINE_BITZUA__p75__missing,-0.0049474672,0.009673591,-0.0049637654,-0.006971927,-0.0056348075,0.006823725,-0.032798838,-0.012104475
HYPOGLYCEMIA_EVENT__p75__missing,0.0018715032,0.0069143428,-0.005030272,-0.03628226,-0.012228227,0.012621325,-0.015301802,-0.019576967
INFECTION_EVENT__p75__missing,-0.0129634375,-0.008367325,-0.018736552,-0.02275541,0.011471008,0.01757322,-0.012440184,-0.017877169
INFECTION_WBC_MEASURE__p75__missing,-0.013611038,0.010303453,0.0010874558,-0.004739296,0.019586997,-0.028569698,-0.011175375,0.005673973
KETONES_SERUM_MEASURE__p75__missing,-0.027740411,0.013689871,-0.014214704,-0.0033500267,0.005786196,-0.018575983,-0.023086766,0.017642435
KETONES_URINE_MEASURE__p75__missing,-0.007147217,0.0110313175,-0.0066444604,0.0028441346,-0.009590585,-0.016862951,0.017491262,-0.030973338
KIDNEY_COMPLICATION_EVENT__p75__missing,0.005845074,-0.011882207,-0.0071709855,-0.010042886,0.03086784,-0.04660744,-0.0062391497,-0.0062336754
KIDNEY_COMPLICATION_OBS__p75__missing,-0.014588329,0.00983694,-0.020089593,0.023220703,-0.00917273,-0.025806883,0.011510963,0.011849651
METFORMIN_HOME_BITZUA__p75__missing,0.017331969,-0.01234407,-0.01596379,-0.017928163,-0.0064497953,-0.020053448,0.0010785344,-0.036396366
METFORMIN_HOSPITAL_BITZUA__p75__missing,0.0049337274,0.016957385,-0.010185135,-0.008487312,0.008830686,0.029484611,-0.017500842,0.026055876
NEUTROPHILS_MEASURE__p75__missing,-0.012748858,0.022979872,-0.019330785,0.018766679,0.010727606,-0.0061901473,-0.00783799,0.011403741
PH_MEASURE__p75__missing,0.016608102,0.0061251204,-0.019968243,0.020693475,0.025177587,0.024879586,-0.015856784,0.005830569
PLT_MEASURE__p75__missing,-0.0071524284,0.01612088,0.011987895,0.012502239,-0.00081939885,0.01740685,-0.006091134,0.0054370933
POTASSIUM_MEASURE__p75__missing,0.004744587,-0.01658025,0.00014570456,-0.013333557,0.019948741,-0.0073910663,0.013022632,-0.0030083058
SEVERE_HYPERGLYCEMIA_EVENT__p75__missing,0.022949092,-0.011792015,-0.0275787,-0.008545866,-0.009407149,-0.0036523102,-0.009684187,-0.010706433
SEVERE_HYPOGLYCEMIA_EVENT__p75__missing,-0.012750908,0.0048347604,0.017149474,0.023067169,-0.015050296,-0.0056069447,-0.027831592,0.014858662
SGLT2_HOME_BITZUA__p75__missing,0.00029602452,0.024775561,-0.0049316287,0.007852329,0.00041044693,-0.0063484297,-0.0084875235,0.009595779
SGLT2_HOSPITAL_BITZUA__p75__missing,-0.0133132,0.0051007043,0.020241328,-0.00411615,0.02828305,-0.005828797,-0.01898008,-0.006379055
SODIUM_MEASURE__p75__missing,0.030405896,-0.013023404,0.017320119,0.00085079815,0.0036043713,0.0043350905,-0.021660563,0.005140474
STEROIDS_IV_BITZUA__p75__missing,-0.02181634,-0.0008881264,-0.002565235,-0.02707967,-0.0020087417,0.02782038,0.020412266,0.02461369
STEROIDS_PO_BITZUA__p75__missing,-0.010743565,0.007997287,-0.0058541866,-0.0039304066,0.0013323736,-0.024252713,0.0033549499,0.0035661499
TROPONIN_MEASURE__p75__missing,-0.03090089,0.0066189235,0.0072856783,0.022589896,0.029224489,0.025428938,-0.009185243,-0.013132974
UREA_MEASURE__p75__missing,-0.013379126,-0.026371788,-0.025654456,-0.014913637,-0.029431045,0.0071790824,0.0114558535,0.029098585
URINE_CULTURE__p75__missing,-0.018886216,0.008479688,-0.004770846,-0.009974575,-0.013869888,-0.0028475728,-0.018746749,-0.027447993
WEIGHT_MEASURE__p75__missing,-0.017471604,0.0017977495,0.010280508,-0.01604548,0.011680921,0.0082083875,0.0005006795,0.010977798
ALANINE-AMINOTRANSFERASE_MEASURE__slope__missing,0.0018049671,-0.004562613,-0.006689064,-0.0034124171,0.04062914,0.031072933,0.008957576,-0.030204622
ALBUMIN_SERUM_MEASURE__slope__missing,0.01696542,-0.011499814,-0.011672124,-0.012996474,0.0036728843,-0.0021364454,-0.02966104,0.0032352281
ANTIBIOTIC_IV_BITZUA__slope__missing,-0.0027310778,-0.0078059947,-0.021349374,-0.01841607,-0.028918073,0.006056755,-0.014574497,-0.006918814
ANTIBIOTIC_PO_BITZUA__slope__missing,-0.008994905,-0.0113108745,0.001576782,-0.0039549735,0.00469811,-0.001359376,0.007603714,0.00035566743
ANTIDIABETIC_HIGH_HYPO_HOSPITAL_BITZUA__slope__missing,0.0032158669,-0.011920785,0.015492496,-0.04551329,-0.03675485,-0.012359126,0.020732835,-0.0126299
ASPARATE-AMINOTRANSFERASE_MEASURE__slope__missing,0.0107998075,-0.011509021,0.0044769156,0.029524796,-0.0030470074,-0.021604981,0.015852112,0.015294838
BASAL_DOSAGE__slope__missing,-0.001214138,-0.0043457416,-0.0035029147,-0.026245425,0.0028239158,-0.019124247,-0.018257493,-0.009660914
BASAL_HOME_BITZUA__slope__missing,-0.018556459,-0.013430247,0.020687595,-0.044360105,0.013919818,0.014431715,0.026747659,-0.01066864
BASE_GLUCOSE_MEASURE__slope__missing,-0.00040226206,0.013535274,0.0003364916,0.002903322,-0.0028652865,-0.006097796,0.0127310455,0.018481128
BICARBONATE_MEASURE__slope__missing,-0.0070061716,0.0105434805,-0.0055401702,-0.018112084,-0.036018353,-0.0018967933,-0.020125864,-0.049619045
BLOOD_CULTURE__slope__missing,-0.014500025,0.0021603978,0.011722424,0.005871991,-0.0042129746,-0.019619249,0.0019919625,0.012902469
BLOOD_PRESSURE_DIASTOLIC_MEASURE__slope__missing,0.025785908,0.008626922,0.0023362974,0.012725149,-0.009413855,0.006943985,-0.009514252,-0.009142098
BLOOD_PRESSURE_SYSTOLIC_MEASURE__slope__missing,-0.02141273,0.015677262,0.020775903,0.0057067904,0.031659886,0.01796443,0.010295617,0.013433103
BMI_MEASURE__slope__missing,-0.019961355,0.0078387745,0.021688974,0.00792585,0.045887973,0.015023203,0.0120128775,-0.011404087
BODY_TEMPERATURE_MEASURE__slope__missing,0.005100016,0.004790979,0.007888506,0.014709025,-0.0057370486,-0.020839559,0.0041568684,0.027443849
BOLUS_DOSAGE__slope__missing,0.0045364257,0.010124468,0.010892566,-0.02346321,0.0054651094,-0.0011999342,-0.004739355,-0.0010152985
CALCIUM-GLUCONATE_BITZUA__slope__missing,-0.03575639,-0.012498026,0.006388674,0.0039718836,0.016555658,-0.008896366,-0.010328426,-0.0156140495
CARDIO-VASCULAR_DISORDER_EVENT__slope__missing,-0.05942857,-0.013513196,0.0060185483,0.0053520445,-0.018031916,-0.02644468,-0.022897592,0.011490173
CARDIOVASCULAR_DISORDER_OBS__slope__missing,0.0053558988,-0.00045648977,0.017189093,-0.039880574,-9.5724674e-05,-0.0043699127,0.01308602,-0.013800325
CHEST_XRAY__slope__missing,-0.0058919457,-0.013531336,0.009261626,0.017927255,-0.021756468,-0.045520835,-0.007708652,-0.011807089
CREATINE-KINASE_MEASURE__slope__missing,0.015713904,0.007778913,-0.011952018,0.0012730189,-0.004616167,-0.017865712,-0.021986108,0.01227749
CREATININE_SERUM_MEASURE__slope__missing,-0.014951857,-0.0047320495,0.035062715,0.027628811,0.031088818,-0.016623352,0.026391279,-0.028874094
DEXTROSE_BITZUA__slope__missing,0.014995699,-0.0047457754,-0.016771618,-0.006147083,-0.011397464,0.009247655,-0.008728475,-0.009857338
DIABETES_DIAGNOSIS__slope__missing,0.031337973,0.012073812,-0.010616817,-0.01631747,0.009549779,-0.0020752745,0.0041356795,-0.0048645367
DIALYSIS__slope__missing,-0.00044779986,-0.017449934,0.017462477,-0.021028772,-0.029257165,-0.010133186,0.011431216,0.022063525
E-GFR_MEASURE__slope__missing,-0.029232409,-0.018384479,0.024011506,0.009020416,0.021023538,-0.0034509364,0.0009234066,0.01357595
EGFR_MEASURE__slope__missing,0.01826524,0.036139477,0.013578875,-0.031513765,-0.006300296,0.015748069,-0.007980666,-0.019586965
GLUCOSE_MEASURE__slope__missing,0.019519381,0.008326521,-0.014384916,-0.008461174,-0.010901213,0.021077609,0.025172107,-0.0074185804
HEART_RATE_MEASURE__slope__missing,-0.008091868,-0.0037900608,0.0072095073,0.015680233,-0.034298103,0.00053691433,0.0021616402,0.013550225
HEMATOCRIT_MEASURE__slope__missing,0.006669601,0.0066821226,-0.01067011,0.01625137,-0.0043532685,-2.757346e-05,-0.012130942,0.008726468
HEMOGLOBIN_MEASURE__slope__missing,0.0025509503,-0.02188243,-0.015297351,-0.031148538,-0.035473265,-0.033696406,0.006806839,-0.047001597
HEPARIN_IV_BITZUA__slope__missing,0.009809358,0.02228566,0.0007130938,0.010983827,0.01808738,-0.0048559783,0.0066782995,0.010437209
HYPERGLYCEMIA_EVENT__slope__missing,0.023438493,0.012257013,-0.0033055719,-0.022927722,-0.02626166,0.007014948,-0.03992674,-0.020824451
HYPERTONIC_SALINE_BITZUA__slope__missing,-0.01361128,-0.025090218,0.0021636991,-0.0016868244,-0.018169453,-0.029626718,0.010614799,0.017202929
HYPOGLYCEMIA_EVENT__slope__missing,0.017979993,-0.02329254,-0.032687046,-0.0035829917,0.0046386076,9.9889e-05,-0.007310097,-0.0072721723
INFECTION_EVENT__slope__missing,-0.011041724,0.014453093,-0.0039652386,-0.012946621,0.0018200992,0.011461326,-0.0009840213,0.011186687
INFECTION_WBC_MEASURE__slope__missing,-0.0032677203,0.001487652,-0.0057590124,-0.0041691945,0.0041019744,-0.015289353,0.0014084221,0.020033877
KETONES_SERUM_MEASURE__slope__missing,0.0018468953,0.008207226,-0.0011359759,0.013632252,0.0018034108,-0.0019688774,0.024045149,-0.007573101
KETONES_URINE_MEASURE__slope__missing,0.027789755,-0.003298161,0.032361243,-0.005794321,-0.008967874,-0.014453512,-0.017026458,0.0037901485
KIDNEY_COMPLICATION_EVENT__slope__missing,-0.027740112,-0.021306945,0.020660302,0.008550043,0.016772486,-0.0636122,0.017543646,0.0019104539
KIDNEY_COMPLICATION_OBS__slope__missing,0.003809212,-0.022314109,0.013353759,0.02641448,-0.023765102,-0.030759398,0.030050732,0.02422966
METFORMIN_HOME_BITZUA__slope__missing,0.005289274,0.0018642654,-0.01725393,-0.025683384,0.00280398,-0.010226128,-0.017819097,0.0006108383
METFORMIN_HOSPITAL_BITZUA__slope__missing,-0.022281755,0.027109645,0.022923475,0.0057212333,0.0042473474,3.986757e-05,0.024276108,-0.0034394911
NEUTROPHILS_MEASURE__slope__missing,0.0061491523,0.029057255,0.027816622,0.017781377,0.0025630814,-0.03162087,0.01679493,0.0050437143
PH_MEASURE__slope__missing,-0.010579383,-0.017762497,0.013059592,0.048040427,-0.0048625134,-0.014663286,0.006097522,0.054406412
PLT_MEASURE__slope__missing,0.013536156,-0.0044652214,0.021937229,-0.0053893,0.0044055614,0.014202736,-0.0006230481,0.011168243
POTASSIUM_MEASURE__slope__missing,-0.020685941,-0.016344052,-0.025836922,-0.014771543,-0.02521844,0.010011439,0.016212514,-0.0071317647
SEVERE_HYPERGLYCEMIA_EVENT__slope__missing,-0.020144045,0.0010936704,0.009040446,-0.0047877673,0.017951056,0.0062016267,-0.03445814,-0.03989389
SEVERE_HYPOGLYCEMIA_EVENT__slope__missing,-0.012176711,-0.022890981,-0.0035998914,0.0018282344,0.009299879,0.0017020035,-0.0076165874,0.022009157
SGLT2_HOME_BITZUA__slope__missing,-0.003901417,0.025923612,0.00084639684,0.017097263,-0.004277261,0.0034579807,0.010988463,-0.01164807
SGLT2_HOSPITAL_BITZUA__slope__missing,-0.0042426707,-0.009006511,0.013754585,0.036775835,-0.01203844,0.016548485,0.014921533,0.00975895
SODIUM_MEASURE__slope__missing,0.010030291,-0.02900856,0.0033376394,0.01578268,-0.0056110537,-0.016219674,0.0034832512,0.029170556
STEROIDS_IV_BITZUA__slope__missing,0.024302723,0.011180924,-0.004783639,-0.010081515,-0.0067596356,-0.0042258245,-0.016549276,0.021063903
STEROIDS_PO_BITZUA__slope__missing,-0.017845063,-0.00591711,-0.012525116,0.009217827,-0.008892782,-0.0059018955,-0.003710681,-0.007536375
TROPONIN_MEASURE__slope__missing,-0.0020042215,0.024280204,-0.002476436,0.0052297353,-0.005687595,-0.0024460703,0.019389931,-0.026085885
UREA_MEASURE__slope__missing,-0.011283288,-0.023768827,-0.020486856,-0.012387637,-0.043624766,-0.0024268588,-0.025569867,-0.014626485
URINE_CULTURE__slope__missing,-0.020816669,0.010177694,-0.013482014,0.0026894945,-0.003294224,-0.027483836,0.0100505175,-0.02117791
WEIGHT_MEASURE__slope__missing,0.009497283,0.02278559,-0.01162066,0.006526524,-0.014235899,0.010716674,0.014739116,-0.0067892154
