,CARDIO-VASCULAR_DISORDER_EVENT,DEATH_EVENT,HYPERGLYCEMIA_EVENT,HYPOGLYCEMIA_EVENT,INFECTION_EVENT,KIDNEY_COMPLICATION_EVENT,SEVERE_HYPERGLYCEMIA_EVENT,SEVERE_HYPOGLYCEMIA_EVENT
ADMISSION__count,-0.003631823,0.010478416,0.004597144,0.0024215025,0.01935631,0.012212594,-0.019640293,-0.0110816
ALANINE-AMINOTRANSFERASE_MEASURE__count,0.02454389,0.018834237,-0.014303839,-0.07322376,0.077545226,-0.023981139,0.043659125,-0.088183805
ALBUMIN_SERUM_MEASURE__count,0.07690733,0.095420055,0.06504371,-0.032958265,-0.093909405,0.15943854,0.0439094,0.02366898
ANTIBIOTIC_IV_BITZUA__count,0.07845678,0.044842243,-0.008811412,0.04242108,0.057299726,0.06608266,0.021655718,-0.004074111
ANTIBIOTIC_PO_BITZUA__count,-0.04430337,-0.03189671,0.03822005,0.15944038,0.13029312,0.039068878,-0.02051225,0.103503965
ANTIDIABETIC_HIGH_HYPO_HOSPITAL_BITZUA__count,-0.029872712,0.03340727,0.013685907,-0.08944248,-0.106029645,0.008216973,0.023383053,-0.024664382
ASPARATE-AMINOTRANSFERASE_MEASURE__count,-0.029453494,-0.07237265,-0.041768055,0.011364357,0.17718707,-0.031018224,-0.05528148,-0.0512969
BASAL_DOSAGE__count,-0.12046408,-0.031721283,0.025210457,-0.1982098,0.02277796,-0.08336303,0.028685153,-0.20457809
BASAL_HOME_BITZUA__count,-0.017391313,0.017746415,-0.017675258,0.023995997,0.010366784,0.0036129036,0.005984718,0.0006382688
BASE_GLUCOSE_MEASURE__count,-0.021803726,-0.019878183,0.0072963582,-0.018911775,-0.042236928,-0.022116492,-0.0066630268,-0.013462264
BICARBONATE_MEASURE__count,-0.029431732,-0.0035175164,-0.028241074,-0.00971551,-0.22263113,-0.06800961,0.04478063,0.06735635
BLOOD_CULTURE__count,-0.06423551,0.007448288,0.025174834,-0.004527826,0.1433604,0.056340314,-0.016910696,0.03582266
BLOOD_PRESSURE_DIASTOLIC_MEASURE__count,-0.041951105,0.01075649,0.015002489,0.03163198,-0.030269105,0.04221272,0.022765703,0.05001835
BLOOD_PRESSURE_SYSTOLIC_MEASURE__count,-0.033199556,-0.014303382,0.022343114,0.062177695,-0.061095204,0.039037034,0.041700695,0.022417523
BMI_MEASURE__count,-0.14406039,-0.042207606,0.013033905,-0.024979094,0.19027622,0.05216095,0.016087273,-0.09737903
BODY_TEMPERATURE_MEASURE__count,0.04444215,-0.01521722,0.032140728,0.033613432,0.14426672,-0.04181574,0.0890507,-0.027485542
BOLUS_DOSAGE__count,0.109067604,0.024764787,0.008011566,-0.0930791,-0.07139475,-0.046763398,-0.010465612,-0.10572044
CALCIUM-GLUCONATE_BITZUA__count,0.033318285,-0.010739084,0.017297965,-0.06914625,0.071940295,0.006028846,0.03874472,-0.07788036
CARDIO-VASCULAR_DISORDER_EVENT__count,0.054864977,-0.076684915,-0.011410699,-0.121809006,-0.11916913,0.061552975,-0.061140392,-0.09544936
CARDIOVASCULAR_DISORDER_OBS__count,0.022107262,0.046299435,-0.029988743,-0.012478617,0.12967414,0.021511769,-0.021314183,-0.022363521
CHEST_XRAY__count,-0.01463674,0.031103626,0.025651047,0.06654813,-0.071499795,0.05971092,0.062089607,-0.016653515
CREATINE-KINASE_MEASURE__count,0.06545916,0.07110771,-0.016092082,0.04939482,0.07224745,0.04410755,-0.00082872703,0.1353487
CREATININE_SERUM_MEASURE__count,-0.0027035428,-0.025205366,0.013656531,0.054931052,-0.23280367,0.031032605,0.026791992,0.044904
DEXTROSE_BITZUA__count,-0.06853459,0.026678765,-0.06821696,-0.089252464,0.22642726,-0.014969395,-0.039641526,-0.07021562
DIABETES_DIAGNOSIS__count,-0.0404086,0.06630785,0.050645854,0.011693329,-0.063829236,-0.0055777524,0.03785163,0.04223069
DIALYSIS__count,0.03983782,-0.03372325,0.04139155,-0.07641468,-0.29915422,0.08110569,0.035524413,-0.047129087
E-GFR_MEASURE__count,-0.069784835,0.119169354,0.015597582,0.18255922,0.122884616,-0.16040802,0.031978324,0.23477171
EGFR_MEASURE__count,-0.003045847,0.013157104,0.023131093,-0.028260313,-0.22961502,0.00433074,0.071445376,-0.029936822
GLUCOSE_MEASURE__count,0.013000962,-0.036395177,0.119420476,0.35719016,0.033185646,0.06510208,0.12947045,0.2615989
HEART_RATE_MEASURE__count,0.04795375,0.18672149,-0.046026237,-0.08948386,0.15906033,-0.059926424,-0.07637887,-0.019160409
HEMATOCRIT_MEASURE__count,0.10908979,-0.0055790767,0.013624729,-0.056071725,0.013796376,0.11902625,0.032631785,-0.049692873
HEMOGLOBIN_MEASURE__count,0.06890549,0.08046486,0.01682068,0.056237325,-0.038505428,0.0018967916,-0.025452422,0.041055806
HEPARIN_IV_BITZUA__count,0.019833267,0.00746099,0.037525833,0.014115321,-0.10381367,0.034865316,0.06296797,-0.036474198
HYPERGLYCEMIA_EVENT__count,0.05243095,-0.052174177,0.08983191,-0.1049713,0.08293391,0.082427226,0.07813639,-0.09659428
HYPERTONIC_SALINE_BITZUA__count,-0.019266145,0.08031983,0.026867012,0.07734268,-0.03635501,0.06281412,-0.017324297,0.10773065
HYPOGLYCEMIA_EVENT__count,-0.007235958,-0.026490733,-0.027183497,0.029218303,-0.035381455,-0.052563775,-0.0072785183,0.024530381
INFECTION_EVENT__count,-0.009909552,0.01743436,-0.0045016916,-0.0018901341,0.01695943,-0.012330061,0.0062742974,0.011609164
INFECTION_WBC_MEASURE__count,-0.073625535,-0.08978247,0.00068588095,-0.049315035,0.05219093,-0.038108394,0.013245084,-0.115864694
KETONES_SERUM_MEASURE__count,-0.009266534,0.05123327,-0.043889515,-0.016730554,0.048983414,0.025974844,-0.018308476,-0.12416152
KETONES_URINE_MEASURE__count,0.014032234,-0.010912607,-0.02585019,0.05936212,-0.010002591,0.035743386,-0.0073616463,-0.039727166
KIDNEY_COMPLICATION_EVENT__count,-0.04061523,-0.059287485,0.005189885,-0.028940108,0.10202268,0.013185174,-0.026922604,-0.012185681
KIDNEY_COMPLICATION_OBS__count,-0.120577075,-0.05938083,0.0454371,-0.0084489025,0.056861885,0.14013086,0.08030384,0.09971835
MEAL_Breakfast__count,-0.03810918,-0.013449971,-0.054769333,-0.122408256,-0.077134654,-0.030798633,-0.108598724,-0.104574785
MEAL_Dinner__count,-0.0056110523,-0.015955634,-0.082989335,-0.117570214,-0.10676965,-0.053427868,-0.08685161,-0.06705733
MEAL_Lunch__count,-0.038630974,-0.0014144281,-0.089069165,-0.12490339,-0.12334531,-0.04053484,-0.08341884,-0.1131311
MEAL_Night-Snack__count,-0.04225926,-0.0020692826,-0.080828816,-0.11031242,-0.0846337,-0.03854901,-0.06908739,-0.10744179
METFORMIN_HOME_BITZUA__count,-0.034284156,-0.043037035,0.005004835,-0.059513055,0.03170451,0.004921042,-0.012061182,0.015829077
METFORMIN_HOSPITAL_BITZUA__count,0.018527957,0.028818753,0.046021655,0.10929367,0.012975148,0.030178871,0.03385791,0.1283823
NEUTROPHILS_MEASURE__count,-0.10319179,-0.096969515,-0.006403512,-0.040421348,0.07796581,-0.076304935,-0.008386071,-0.044647396
PH_MEASURE__count,-0.035793725,0.09819667,0.09102888,0.11364811,0.11037336,0.0061449436,0.00033001683,0.120576724
PLT_MEASURE__count,-0.00026683396,-0.08542668,-0.056576196,0.1239247,0.09449857,-0.011230289,-0.10052049,0.097485624
POTASSIUM_MEASURE__count,-0.05082038,-0.0022608333,-0.043171503,-0.07311339,0.13601762,-0.038940884,-0.021621658,-0.09560231
SEVERE_HYPERGLYCEMIA_EVENT__count,-0.04354445,0.02320897,-0.017975986,-0.029857267,0.06547774,0.020084294,0.007766371,0.040163428
SEVERE_HYPOGLYCEMIA_EVENT__count,0.014070428,0.038372386,-0.024148785,-0.06842718,0.0006490067,-0.0129585145,0.0023681053,-0.02864811
SGLT2_HOME_BITZUA__count,-0.007028671,0.16924341,0.03772673,-0.034975782,-0.03795833,-0.0074114827,0.078251384,0.0047322707
SGLT2_HOSPITAL_BITZUA__count,0.027726782,0.13159755,0.012631743,0.100054555,-0.034633026,-0.020318825,-0.051585674,0.048105583
SODIUM_MEASURE__count,-0.00961987,0.05303183,-0.039169412,-0.088307925,0.09910524,-0.028686978,-0.047820836,-0.06828621
STEROIDS_IV_BITZUA__count,0.060280513,-0.1511443,0.031744294,0.031556796,0.009252293,-0.14066808,0.04590005,0.02765126
STEROIDS_PO_BITZUA__count,0.014491715,0.08994693,0.0004031021,-0.04910533,-0.12389282,-0.037814513,0.0019990206,-0.043337874
TROPONIN_MEASURE__count,0.077295355,-0.013087219,-0.015911615,0.06388012,0.12300051,-0.06252728,-0.019173127,-0.005013284
UREA_MEASURE__count,0.027507305,0.018517168,0.052237842,-0.01637391,-0.13191015,-0.0009611364,-0.048171546,0.008507969
URINE_CULTURE__count,-0.0528419,-0.006631753,-0.046432935,-0.0784452,-0.02415934,-0.05448345,-0.0023883325,0.00922405
WEIGHT_MEASURE__count,0.07662098,0.07799923,0.008917585,-0.03998822,-0.03653557,0.001491924,0.013777963,0.03104153
ADMISSION__mean,-0.0067972783,0.023659796,-0.0037512318,-0.011551762,-0.024551392,0.010300072,0.011773298,0.017360626
ALANINE-AMINOTRANSFERASE_MEASURE__mean,-0.012362257,-0.03069161,-0.022560097,-0.00040603758,0.031634986,0.013689174,-0.023876281,-0.02864866
ALBUMIN_SERUM_MEASURE__mean,0.018791994,-0.04494393,0.014004181,-0.047192104,-0.009805564,-0.0047675874,0.013913315,-0.047624413
ANTIBIOTIC_IV_BITZUA__mean,0.014235942,-0.036852606,-0.020764332,-0.06030081,0.01756483,0.031769212,0.01982486,-0.0035553754
ANTIBIOTIC_PO_BITZUA__mean,0.021605372,0.004415327,0.002077251,0.010686806,-0.035904195,-0.017542988,-0.005025251,-0.007002755
ANTIDIABETIC_HIGH_HYPO_HOSPITAL_BITZUA__mean,-0.0142750135,-0.013018276,-0.0023903793,-0.019655054,-0.02006551,-0.003227775,0.0069999113,-0.0021406377
ASPARATE-AMINOTRANSFERASE_MEASURE__mean,-0.024547582,0.022261567,0.0006751994,-0.014105405,-0.02031021,-0.053933322,0.06694047,0.025856417
BASAL_DOSAGE__mean,-0.028550753,0.025581848,0.03663031,0.038440432,-0.001570832,0.076035455,0.03793243,0.050976533
BASAL_HOME_BITZUA__mean,0.020367732,0.0029965318,-0.010094165,-0.012578851,0.01016222,0.014140163,0.0016763466,0.015669633
BASE_GLUCOSE_MEASURE__mean,-0.002032485,0.014340974,0.012593332,-0.008830164,0.019511912,0.014065105,0.004660449,0.018378412
BICARBONATE_MEASURE__mean,-0.02052654,0.0061558182,0.019121654,0.032244455,-0.025845056,0.014797079,-0.0012395727,0.052143656
BLOOD_CULTURE__mean,-0.01999764,-0.0067548025,0.00072802976,0.019836204,0.00026513,-0.02039048,0.022424154,-0.015068592
BLOOD_PRESSURE_DIASTOLIC_MEASURE__mean,0.0012361499,0.03808981,0.015951768,0.005701554,0.10389782,0.0407119,-0.02674397,0.01794462
BLOOD_PRESSURE_SYSTOLIC_MEASURE__mean,-0.010798826,0.0009128871,0.027779637,0.028116813,-0.18637428,0.001090046,0.032484405,0.029137135
BMI_MEASURE__mean,-0.01903636,-0.008696365,-0.03234915,-0.00878528,-0.000622938,0.03202403,-0.00806979,-0.029197337
BODY_TEMPERATURE_MEASURE__mean,-0.0028047634,0.030082168,0.038264778,-0.12846825,0.13622423,-0.17245641,0.018495217,0.056942813
BOLUS_DOSAGE__mean,-0.009426649,-0.046573363,0.06537272,0.044946015,-0.08756095,0.018299073,0.007589246,0.02294829
CALCIUM-GLUCONATE_BITZUA__mean,0.019461516,0.049026385,0.00090895785,0.07987508,0.027295467,0.039308924,0.021471666,0.078342915
CARDIO-VASCULAR_DISORDER_EVENT__mean,-0.0069285613,0.010173937,-0.019417504,0.020602755,0.019696752,-0.0081687765,0.014749591,-0.012906462
CARDIOVASCULAR_DISORDER_OBS__mean,0.018683707,-0.022687195,-0.0026831632,0.020062992,0.022285733,-0.012203056,-0.0048145386,0.012510274
CHEST_XRAY__mean,-0.019961609,-0.008438915,-0.009783732,0.014704305,-0.013846345,0.020563427,-0.01387859,-0.025190018
CREATINE-KINASE_MEASURE__mean,-0.0075050727,0.02346593,0.030016612,-0.04301425,-0.055150542,0.008915259,0.033461865,-0.0138210775
CREATININE_SERUM_MEASURE__mean,0.022292184,-0.028087173,-0.0040002433,0.008998239,-0.045381475,0.080929525,0.020016234,-0.00084526313
DEXTROSE_BITZUA__mean,-0.04015294,-0.050086528,-0.018778456,0.033839934,0.09176802,-0.031322345,-0.00077317253,0.043916278
DIABETES_DIAGNOSIS__mean,-0.0024556585,0.008523826,0.023179153,0.013039731,0.023417555,-0.01644686,0.0038940588,0.019433357
DIALYSIS__mean,-0.017259017,0.015127437,-0.02417118,-0.005574773,0.0205882,0.009463226,0.021811355,-0.0038697494
E-GFR_MEASURE__mean,-0.015311031,-0.00043060115,-0.0036940398,0.003677024,-0.02157821,0.011906393,-0.008048575,-0.0013429027
EGFR_MEASURE__mean,0.027107434,0.05742331,-0.020792365,-0.028537365,-0.03160336,-0.024674198,-0.021647668,-0.020129995
GLUCOSE_MEASURE__mean,-0.014104265,-0.15253483,-0.021191958,0.04767678,0.28707054,-0.009844971,0.057055965,0.037456255
HEART_RATE_MEASURE__mean,0.050036453,0.02312572,0.02044061,-0.06475133,0.05735938,0.025247764,0.046302162,-0.09569341
HEMATOCRIT_MEASURE__mean,-0.011918506,0.04056094,-0.0019118859,-0.013305097,0.084594145,0.013596876,-0.0047982074,0.0002631366
HEMOGLOBIN_MEASURE__mean,-0.015975403,-0.024922194,-0.02230523,-0.03982665,0.09803748,-0.028888494,-0.022814684,-0.016334433
HEPARIN_IV_BITZUA__mean,0.019766338,0.00973666,-0.000219372,0.01489629,-0.030966723,0.014219235,-0.032042008,0.06786881
HYPERGLYCEMIA_EVENT__mean,0.015428574,-0.0015215176,-0.019674044,-0.008024253,-0.006416127,0.006109805,0.02021449,-0.0035850818
HYPERTONIC_SALINE_BITZUA__mean,0.048632342,0.017216269,-0.006592177,0.0047128964,0.023882637,0.1723054,-0.0038434486,0.02494826
HYPOGLYCEMIA_EVENT__mean,0.018706268,0.02304836,0.021053907,-0.01452575,-0.0139049925,0.01716366,0.003713099,-0.024461402
INFECTION_EVENT__mean,0.024503324,0.011073456,0.011719272,0.016495163,0.016742958,-0.021165142,-0.013399976,-0.020700973
INFECTION_WBC_MEASURE__mean,0.013125105,-0.0005562598,-0.0022463794,0.0046507395,-0.1034233,-0.012964751,-0.019936536,-0.07045539
KETONES_SERUM_MEASURE__mean,-0.01269577,-0.018899063,0.0040308516,0.006048051,0.02581926,0.02191835,0.020866841,-0.008024948
KETONES_URINE_MEASURE__mean,0.009803187,-0.0077033127,-0.0036912567,0.03450294,0.0028192622,0.0053762067,0.0069546592,0.004650935
KIDNEY_COMPLICATION_EVENT__mean,-0.01757336,0.019402655,0.008173606,-0.016280072,-0.010652384,6.037379e-05,0.003101784,-0.009465707
KIDNEY_COMPLICATION_OBS__mean,-0.02515916,-0.011194413,0.0069721714,0.015269815,-0.0016953287,0.01789096,-0.023191422,0.0021583424
MEAL_Breakfast__mean,-0.0010335372,0.005965111,0.02021395,-0.013025515,0.005182435,0.014956527,0.0030699354,0.025261503
MEAL_Dinner__mean,-0.011233278,0.013454415,-0.023826646,-0.010617288,0.024883913,-0.016392754,-0.017409854,0.008417544
MEAL_Lunch__mean,0.022137742,0.021944916,0.008791709,-0.007922883,0.0070876754,0.024645073,-0.017416898,-0.015170089
MEAL_Night-Snack__mean,-0.016763195,0.016305849,-0.019728333,0.002959132,-0.0062758545,0.013896435,-0.006526094,-0.010643786
METFORMIN_HOME_BITZUA__mean,0.015875285,-0.0034081836,0.004452332,-0.009220423,0.016280016,0.00047404814,0.0017243812,-0.008483267
METFORMIN_HOSPITAL_BITZUA__mean,-0.0039213016,0.03421033,0.008303548,-0.013628098,0.044461235,0.0035044365,0.010977088,0.02274091
NEUTROPHILS_MEASURE__mean,-0.036090262,0.007101225,-0.0052843597,-0.010517519,0.02750103,-0.020510575,0.01902806,0.03585973
PH_MEASURE__mean,0.0125147635,0.038675986,0.025437368,-0.046373174,0.009987083,-0.03217412,0.0039035382,-0.048777524
PLT_MEASURE__mean,0.023820529,0.038513124,0.042578705,0.037673492,-0.0055338726,0.036937516,0.043777775,0.047375873
POTASSIUM_MEASURE__mean,0.015176605,-0.008111822,0.016640482,-0.06614553,-0.059353527,0.028266434,0.006901011,-0.030943725
SEVERE_HYPERGLYCEMIA_EVENT__mean,-0.0035931624,0.013472031,0.010445904,0.014301069,-0.0045992155,-0.024351493,-0.01788295,0.016982062
SEVERE_HYPOGLYCEMIA_EVENT__mean,0.025001273,-0.012639275,0.0046247104,0.01838318,0.01969888,0.00220611,2.0950925e-05,-0.024442175
SGLT2_HOME_BITZUA__mean,0.009819384,0.0049400246,-0.0017615124,-0.028772837,-0.0044620186,0.010841997,0.00419964,0.010175413
SGLT2_HOSPITAL_BITZUA__mean,-0.021041064,-0.02389887,-0.0052546603,0.010679786,-0.0010006127,-0.009110865,-0.0011709561,0.013367641
SODIUM_MEASURE__mean,0.019820655,0.030220702,0.016587622,0.0063989204,-0.015150673,-0.019800194,-0.01209323,0.010488636
STEROIDS_IV_BITZUA__mean,-0.03328207,0.01112368,0.01708198,-0.0059228307,0.06456849,0.00592084,0.047535487,-0.015823014
STEROIDS_PO_BITZUA__mean,0.013493646,-0.015212832,-0.017321585,-0.06188563,0.032738365,0.027186153,-0.020941136,-0.06552703
TROPONIN_MEASURE__mean,-0.016390733,-0.012010566,0.018078228,-0.025840268,-0.041696027,0.03127604,0.00872138,-0.06842982
UREA_MEASURE__mean,0.007922007,0.048862014,0.0027184126,0.024431074,0.005184464,-0.037003573,-0.0041646515,0.010429989
URINE_CULTURE__mean,-0.0006312727,0.01583822,-0.018022535,-0.007553721,-0.011807506,0.0064817504,0.011888449,-0.016061226
WEIGHT_MEASURE__mean,0.008646773,-0.008570894,0.0023239225,-0.019445354,0.023050917,-0.024870254,-0.013005439,-0.03065899
ADMISSION__std,0.017714554,-0.01571123,0.00013185175,-0.017077379,0.014701815,0.00027487485,0.023404753,-0.02024303
ALANINE-AMINOTRANSFERASE_MEASURE__std,-0.016977007,0.03235778,0.005214809,-0.01731074,0.115195915,0.0037198244,0.0070627066,0.0026001956
ALBUMIN_SERUM_MEASURE__std,-0.03561886,-0.047772266,-0.011471135,-0.030691294,-0.013738431,-0.04343357,-0.012636195,-0.087838136
ANTIBIOTIC_IV_BITZUA__std,0.018909018,-0.020579958,0.038136117,0.1549299,-0.133332,0.014996283,0.04185101,0.088177375
ANTIBIOTIC_PO_BITZUA__std,-0.034139626,-0.034644093,-0.014231374,-0.057615798,0.0037305523,-0.071535386,-0.01651119,-0.035252705
ANTIDIABETIC_HIGH_HYPO_HOSPITAL_BITZUA__std,-0.017910356,0.024096234,0.007405027,-0.2837114,-0.13153937,0.084038526,-0.05510255,-0.37175912
ASPARATE-AMINOTRANSFERASE_MEASURE__std,0.019519512,-0.022539396,0.03453192,0.004987844,-0.045488566,-0.0008263564,0.009024792,-0.012632338
BASAL_DOSAGE__std,-0.016114777,-0.061357487,0.021024046,0.00064792787,0.07614001,0.045898106,-0.0012241084,0.0037965204
BASAL_HOME_BITZUA__std,0.032215558,-0.007384996,0.03711657,0.0029701693,0.007950956,0.020370219,-0.013819966,0.005677635
BASE_GLUCOSE_MEASURE__std,0.015036323,-0.14877908,-0.027919877,-0.12463196,-0.122371055,-0.0073921825,0.004996894,-0.1224552
BICARBONATE_MEASURE__std,-0.079638906,0.050107073,-0.012251035,0.060882844,0.14011027,0.021081476,-0.023514928,0.014513655
BLOOD_CULTURE__std,0.013324596,-0.021861412,-0.016961403,-0.009420711,-0.005620115,-0.011507402,-0.008241216,0.0089988625
BLOOD_PRESSURE_DIASTOLIC_MEASURE__std,0.031705998,-0.053894475,0.035660226,0.0020762698,-0.13955517,0.0019493705,0.106345475,-0.0067309258
BLOOD_PRESSURE_SYSTOLIC_MEASURE__std,-0.0073722047,0.008993262,0.019038226,-0.018070905,0.1657442,-0.012853945,0.0022353656,-0.0027555872
BMI_MEASURE__std,-0.011182103,-0.028719157,0.006307103,0.008210532,-0.014034091,-0.005013151,0.012853038,0.011968752
BODY_TEMPERATURE_MEASURE__std,-0.028770229,-0.11343691,0.050123326,-0.08898791,-0.32596427,0.1737657,-0.03812561,-0.09378105
BOLUS_DOSAGE__std,-0.036847986,0.068437606,0.011585378,-0.01767652,-0.060112573,0.008492131,0.012877795,0.0721709
CALCIUM-GLUCONATE_BITZUA__std,-0.057596486,0.017999893,-0.0139586665,-0.01510575,-0.20358352,-0.0053498577,-0.015824214,-0.004274392
CARDIO-VASCULAR_DISORDER_EVENT__std,-0.004066576,0.013606151,0.024872992,0.0064886305,0.008083435,-0.014516543,0.0030617856,-0.025537299
CARDIOVASCULAR_DISORDER_OBS__std,-0.0014812668,0.011384598,0.009523767,0.014067443,-0.015319201,0.01630913,0.00014160312,0.02114195
CHEST_XRAY__std,-0.0015735234,-0.012375519,-0.00039868974,0.0011630966,-0.01649249,-0.001803364,-0.018896015,0.021981541
CREATINE-KINASE_MEASURE__std,0.015541597,0.05491362,0.019391919,-0.13219827,0.30450478,-0.018014092,-0.04438217,-0.1677947
CREATININE_SERUM_MEASURE__std,-0.04800731,0.053026523,-0.01360757,0.022773912,0.0070658005,0.028413737,-0.006841646,0.05212169
DEXTROSE_BITZUA__std,0.0007040114,0.045164015,0.005004062,0.011296042,-0.10545058,0.03847426,-0.00043947983,-0.006654224
DIABETES_DIAGNOSIS__std,-0.013523694,0.008338853,0.005999858,-0.00018650292,0.015494388,0.023784963,0.023975428,-0.0074154143
DIALYSIS__std,0.0208281,-0.011408965,-0.0066654254,-0.008206557,0.005154239,-0.005618102,0.022772748,-0.020769432
E-GFR_MEASURE__std,0.051516455,-0.015903806,0.015825208,-0.18650171,0.02767493,0.017221272,-0.1066996,-0.3087327
EGFR_MEASURE__std,-0.004686461,0.088158354,0.0010786179,0.07387845,-0.029619941,0.1291586,0.010636269,0.051096797
GLUCOSE_MEASURE__std,-0.017234314,-0.26484483,-0.22772567,0.10663908,0.35651207,0.073053464,-0.2963328,0.08092417
HEART_RATE_MEASURE__std,-0.071177825,-0.17614041,0.028547008,0.0034274445,-0.35797045,0.039005365,0.014790999,0.06232945
HEMATOCRIT_MEASURE__std,-0.02658539,-0.0018000896,0.001771324,0.043916337,-0.0810395,0.036497723,-0.030862976,-0.020337706
HEMOGLOBIN_MEASURE__std,0.046003763,-0.035534162,-0.0031603742,-0.07280715,-0.0018986205,-0.019828875,0.02094851,-0.08419209
HEPARIN_IV_BITZUA__std,-0.042336404,-0.08201456,0.016439416,0.026122984,-0.2598892,0.015899304,0.036694814,-0.10172239
HYPERGLYCEMIA_EVENT__std,0.0037710294,-0.023810806,-0.011506568,-0.015729075,0.023252675,0.005234596,-0.016297715,-0.017349651
HYPERTONIC_SALINE_BITZUA__std,0.032096703,-0.04071329,-0.026856616,-0.0032182226,-0.17005569,0.037580896,-0.062512666,-0.10279207
HYPOGLYCEMIA_EVENT__std,-0.008623289,-0.012373169,0.0067633395,0.014448095,0.009819524,0.008318485,-0.010383804,0.016616404
INFECTION_EVENT__std,0.010405232,-0.024376193,-0.020287503,0.017015118,-0.02216532,0.01476794,0.014770647,-0.019995656
INFECTION_WBC_MEASURE__std,-0.06876864,0.023827257,0.104877114,0.10303521,-0.11338362,0.050109703,0.018417362,0.034200143
KETONES_SERUM_MEASURE__std,0.018594999,0.07367067,0.09309713,-0.099651694,0.060765725,-0.055668805,0.015874438,-0.15519735
KETONES_URINE_MEASURE__std,-0.013352534,-0.041212644,-0.11551636,-0.123390414,-0.044035725,-0.014870529,-0.03083421,0.015501796
KIDNEY_COMPLICATION_EVENT__std,0.017768124,0.0001701442,-0.025142062,-0.0042679366,0.000104699655,0.016847033,0.008258166,0.024082651
KIDNEY_COMPLICATION_OBS__std,-0.012609783,0.023015311,0.023562945,0.009801151,-0.007977361,-0.02376493,-0.0016868546,0.002162469
MEAL_Breakfast__std,0.015802616,0.0070346757,0.0019579849,0.0056137154,-0.017618697,-0.014672152,0.022689743,0.014984102
MEAL_Dinner__std,-0.022691306,-0.010826139,0.012812653,0.016063917,-0.015957337,-0.011889491,0.024745068,0.0024644285
MEAL_Lunch__std,-0.0061059794,0.0050518494,-0.019254241,-0.02358524,-0.017991314,0.0015470891,-0.013227973,-0.024230335
MEAL_Night-Snack__std,0.0022070813,-0.013341942,0.015222261,-0.023937203,-0.019270148,-0.019159876,0.025108261,-0.015799653
METFORMIN_HOME_BITZUA__std,-0.0050827367,-0.0030941912,-0.0037370448,0.09295835,-0.095520414,-0.01649488,-0.026220635,-0.04746392
METFORMIN_HOSPITAL_BITZUA__std,0.016178366,0.0063071176,0.005713591,-0.07075776,0.0705012,-0.02056777,-0.00044242217,-0.12013479
NEUTROPHILS_MEASURE__std,-0.040477823,-0.04766471,-0.10542608,-0.08936156,-0.0031907759,0.00363328,-0.062189195,-0.043419372
PH_MEASURE__std,0.0054002637,-0.02395854,-0.049865697,-0.053507786,-0.15149084,0.0031648462,-0.028920427,-0.09689787
PLT_MEASURE__std,0.008979217,0.047653146,-0.005776112,0.016823111,0.108991995,-0.020837767,-0.039112993,0.0050410135
POTASSIUM_MEASURE__std,-0.06183206,0.020875031,0.018746845,-0.04847194,-0.04608437,-0.01250106,0.007562288,-0.035676207
SEVERE_HYPERGLYCEMIA_EVENT__std,-0.018701134,-0.018555325,0.006252475,-0.011587612,0.015262295,-0.0143681,-0.013336781,-0.0068515786
SEVERE_HYPOGLYCEMIA_EVENT__std,0.022161951,0.024107033,-0.003456928,-0.009771941,-0.009907454,0.019549329,-0.008101903,-0.0068293056
SGLT2_HOME_BITZUA__std,-0.002981162,-0.00715953,0.013475963,0.0008349566,-0.007458226,-0.078642786,0.0108163515,-0.003229624
SGLT2_HOSPITAL_BITZUA__std,-0.008053488,-0.022318013,-0.0018104033,-0.14968765,-0.06852656,-0.032129355,-0.006243896,-0.1230699
SODIUM_MEASURE__std,0.020257624,0.10509842,-0.052600056,-0.027606871,0.055485714,-0.02256522,-0.05376377,-0.024858274
STEROIDS_IV_BITZUA__std,0.025519272,0.013130103,-0.06891175,-0.1027483,-0.03380047,-0.035982013,-0.0053950655,-0.09164717
STEROIDS_PO_BITZUA__std,-0.005260327,-0.0063511985,0.00554366,-0.09735457,-0.013562103,0.018105363,-0.028094824,-0.08911571
TROPONIN_MEASURE__std,0.0036289848,-0.013684166,0.0088475,-0.04117485,-0.10785613,-0.003683926,-0.01601648,-0.029666686
UREA_MEASURE__std,0.0055023157,-0.040825628,-0.0024494054,-0.034405563,0.015074733,0.09087059,0.0045889462,-0.02298211
URINE_CULTURE__std,0.021497028,0.005405134,0.008235656,0.0167984,-0.013814837,-0.02085995,0.008764094,0.009131044
WEIGHT_MEASURE__std,-0.020034883,0.018858107,0.0017907743,0.04013376,0.0004855315,0.010436795,-0.012785201,0.086323105
ADMISSION__min,-0.024176866,0.0009654155,0.015657526,-0.021879852,-0.010518426,-0.008253764,0.013222194,-0.018607441
ALANINE-AMINOTRANSFERASE_MEASURE__min,-0.07474846,-0.028974932,0.01641826,-0.033506405,0.14880179,-0.06816631,0.02407082,-0.021008838
ALBUMIN_SERUM_MEASURE__min,0.0238906,-0.08634374,-0.05461344,-0.054782864,-0.025431508,-0.023806743,-0.030522007,-0.08282005
ANTIBIOTIC_IV_BITZUA__min,-0.014809938,0.11602783,0.057229538,0.1081911,-0.047438245,0.08078392,0.047382325,0.118178666
ANTIBIOTIC_PO_BITZUA__min,-0.006013086,0.1010729,-0.0027395939,0.006234809,-0.114563785,0.028932711,0.0121832965,0.04825329
ANTIDIABETIC_HIGH_HYPO_HOSPITAL_BITZUA__min,-0.0010465772,0.014525619,0.006818024,-0.0005624733,-0.011114837,-0.018686801,0.009379327,-0.022972325
ASPARATE-AMINOTRANSFERASE_MEASURE__min,0.014268346,0.17046806,0.0113564,0.219751,-0.022110604,0.13221575,0.021318728,0.23760113
BASAL_DOSAGE__min,0.05039554,-0.009398434,0.009440416,-0.01717554,0.008047463,0.16184022,0.019082287,0.089240156
BASAL_HOME_BITZUA__min,-0.005492354,0.011263612,-0.007698746,0.0029039907,-0.0013713338,-0.013682901,0.021371253,-0.022183653
BASE_GLUCOSE_MEASURE__min,0.0024072928,-0.0018180561,0.007062803,-0.005792472,0.015460966,0.016882334,0.0017880681,0.0014336981
BICARBONATE_MEASURE__min,-0.011055919,0.015747646,0.072610535,-0.0031904457,0.012713554,-0.03669197,0.009894395,-0.00015878557
BLOOD_CULTURE__min,0.014267049,0.01763811,0.015687441,0.00496586,0.014966889,0.003564399,0.008598818,-0.011928719
BLOOD_PRESSURE_DIASTOLIC_MEASURE__min,0.022462504,-0.0026966028,0.006787798,-0.034040157,-0.16532844,-0.060867384,-0.003276231,-0.060951646
BLOOD_PRESSURE_SYSTOLIC_MEASURE__min,0.06568151,-0.00038720816,0.038666446,-0.0083625,0.21876983,0.05132883,0.0014526133,0.0057015033
BMI_MEASURE__min,-0.018756974,-0.004407878,0.00034690506,-0.0041994397,0.0057139304,0.018036611,0.00417275,-2.4686198e-05
BODY_TEMPERATURE_MEASURE__min,0.0025420166,-0.06023314,0.019571701,0.024618119,0.034214918,-0.006026797,0.0034400108,0.053967956
BOLUS_DOSAGE__min,0.02792069,0.105608106,0.024380757,0.069565095,-0.020643309,0.04189229,0.0007211727,0.16420726
CALCIUM-GLUCONATE_BITZUA__min,-0.024860047,0.0059623895,-0.012008143,-0.07411649,-0.0039728316,-0.054835487,-0.041566364,-0.11162179
CARDIO-VASCULAR_DISORDER_EVENT__min,0.020676436,0.008351529,-0.0020673035,-0.012747184,-0.016409628,-0.0079288,-0.011462632,-0.00715453
CARDIOVASCULAR_DISORDER_OBS__min,0.0138831055,0.01187299,0.010647221,0.024459245,0.012059729,0.022968955,0.01921781,0.008353127
CHEST_XRAY__min,-0.01587377,-0.01775679,0.02002355,0.0027961165,0.02338022,0.0008581164,0.0015430294,0.0110599
CREATINE-KINASE_MEASURE__min,0.011574468,0.045168407,-0.0006897328,0.10858186,0.18031123,0.084261484,-0.022530125,0.17386755
CREATININE_SERUM_MEASURE__min,-0.055194028,-0.07184836,0.005132296,0.018931102,0.06073307,0.08637896,-0.012042875,-0.04925385
DEXTROSE_BITZUA__min,0.0059807086,0.053246286,-0.044102836,0.04149921,-0.047928724,0.0468006,-0.03144097,0.021479309
DIABETES_DIAGNOSIS__min,0.025304576,-0.010651202,0.022857973,0.019583587,-0.023741085,0.005950697,-0.010480179,-0.020918665
DIALYSIS__min,-0.019279901,0.008101927,0.020388624,-0.0008700697,-0.018988768,-0.008320258,0.009685213,0.008668317
E-GFR_MEASURE__min,-0.021210732,0.020679059,0.0044630347,0.13575071,-0.082986824,-0.049703497,-0.0050639296,0.10991953
EGFR_MEASURE__min,0.013247069,0.044155866,0.020477444,0.02291618,0.045376364,-0.063430056,0.031032616,0.042547382
GLUCOSE_MEASURE__min,0.03355718,0.13349889,0.028427724,-0.34616163,0.02288086,0.03469901,-0.03987894,-0.35992324
HEART_RATE_MEASURE__min,0.08103743,-0.096368074,0.025078952,0.08431227,0.029936207,0.015983557,0.04418895,0.034498207
HEMATOCRIT_MEASURE__min,0.06164591,0.05014467,0.055728443,0.0706933,0.10195669,0.018802311,0.051928088,0.025766606
HEMOGLOBIN_MEASURE__min,-0.008517533,-0.0057392567,0.002095369,0.009526142,0.04992132,0.013047053,0.007902608,-0.041001905
HEPARIN_IV_BITZUA__min,0.031018523,-0.038509116,0.053189486,-0.06907059,-0.048269134,-0.013537437,0.046999402,-0.11108947
HYPERGLYCEMIA_EVENT__min,0.0007081264,-0.014739353,0.018369097,0.013916918,0.004503946,0.002377663,0.01781172,-0.01944618
HYPERTONIC_SALINE_BITZUA__min,-0.020237247,-0.0033299169,0.042402864,0.008509697,-0.007107598,0.012347088,0.0066962256,-0.061050728
HYPOGLYCEMIA_EVENT__min,-0.010251133,0.022528565,-0.0010795118,0.010937074,0.019907268,0.022071108,0.008651331,0.007165511
INFECTION_EVENT__min,-0.0023939821,0.01580494,-0.013501013,-8.520345e-05,-0.005360659,0.003848576,0.012113921,0.016688768
INFECTION_WBC_MEASURE__min,0.0077453316,-0.062003642,-0.11195982,-0.27619302,-0.006912139,-0.0454525,-0.058245245,-0.20360786
KETONES_SERUM_MEASURE__min,-0.0005658852,0.014063332,-0.00995608,-0.012283795,0.029368753,0.0066909506,-0.02980872,3.2414984e-05
KETONES_URINE_MEASURE__min,-0.0046234364,-0.00990618,0.0063274535,0.0021460955,-0.0037386874,-0.02387816,-0.024717588,0.018031951
KIDNEY_COMPLICATION_EVENT__min,-0.008724891,0.0031864846,-0.0053945496,-0.024371797,0.018207917,-0.010346325,-0.0081631495,0.007473642
KIDNEY_COMPLICATION_OBS__min,-0.02489462,-0.011120383,0.0042887507,-0.0035810068,-0.0129527375,-0.0088475235,0.021087268,0.017726315
MEAL_Breakfast__min,0.0108252065,0.018808495,-0.0026214875,-0.013514834,0.0018451628,0.0048602535,-0.025025,-0.0151713565
MEAL_Dinner__min,-0.008835464,-0.0014712879,0.005400879,0.016225224,-0.0019184195,-0.012973882,-0.02445686,0.0050207693
MEAL_Lunch__min,0.021804761,0.022925444,-0.008864893,0.0027210668,0.021233998,-0.007363444,0.012496827,-0.0072352225
MEAL_Night-Snack__min,0.0016313096,-0.013868504,0.013023551,0.018277243,0.007122155,0.011305301,-0.010743555,-0.011822932
METFORMIN_HOME_BITZUA__min,0.038673177,0.035147846,-0.020676471,-0.019358443,0.050739847,0.00629789,-0.015393042,0.032990046
METFORMIN_HOSPITAL_BITZUA__min,-0.006509227,0.0055690585,-0.014802349,-0.018188028,0.26378214,0.024007749,0.029914662,0.025516367
NEUTROPHILS_MEASURE__min,-0.006459998,0.061796386,-0.037275206,0.072677925,0.07357943,0.052452955,-0.05044223,0.053216677
PH_MEASURE__min,-0.060998946,-0.007090904,-0.07801269,-0.00362583,-0.2458738,0.0978067,-0.06111747,-0.027641017
PLT_MEASURE__min,0.06636297,0.050822888,0.004027305,0.015204545,-0.14822409,0.022128757,-0.064322844,-0.050303992
POTASSIUM_MEASURE__min,-0.1408248,-0.09148112,0.050360546,-0.020993095,-0.08241487,-0.03747802,0.05743546,-0.061004587
SEVERE_HYPERGLYCEMIA_EVENT__min,-0.007987905,-0.00068133435,-0.008300161,0.019248907,-0.019994799,0.0061409096,0.015668973,0.01058095
SEVERE_HYPOGLYCEMIA_EVENT__min,-0.024314556,0.020641636,0.022405706,0.0094223665,-0.018648716,-0.01647788,-0.010347208,0.023418669
SGLT2_HOME_BITZUA__min,0.028043542,-0.0063361437,-0.0022485368,-0.0007491593,-0.022747569,-0.010316425,-0.00860751,-0.017382294
SGLT2_HOSPITAL_BITZUA__min,0.0025788774,0.022011524,0.00030767306,0.022999007,0.01129282,0.003988531,-0.020367276,0.048661258
SODIUM_MEASURE__min,0.10394583,-0.03318526,-0.049786244,-0.028253699,0.0955575,-0.067864016,-0.023070568,0.009487568
STEROIDS_IV_BITZUA__min,0.0070296554,0.0068475218,-0.0883683,-0.12142328,-0.04375629,-0.08877471,-0.025517315,-0.18876617
STEROIDS_PO_BITZUA__min,-0.00011319088,-0.023592506,0.023220822,0.05001644,-0.026697945,-0.017505467,0.04476483,0.07261149
TROPONIN_MEASURE__min,0.04419478,0.074534275,0.0031011174,-0.108532466,0.093946666,0.016366543,0.017269442,-0.033699904
UREA_MEASURE__min,-0.042609926,0.122664005,0.015182351,0.054821245,-0.0057425383,-0.017445743,0.010468052,0.05245753
URINE_CULTURE__min,0.020427207,0.011425433,-0.0009345638,0.0062045655,0.01886455,0.023267923,-0.01908298,0.004809
WEIGHT_MEASURE__min,0.053500682,-0.015066947,-0.0248407,0.002633904,0.06815135,-0.020813147,-0.014131334,-0.04806477
ADMISSION__max,0.016425146,-0.011253976,0.005028052,0.0063089877,-0.018103942,-0.016161753,0.0030270156,-0.007992411
ALANINE-AMINOTRANSFERASE_MEASURE__max,-0.021489732,0.0298999,-0.059481524,-0.048319377,-0.05314298,-0.00802045,-0.021213628,-0.0112443715
ALBUMIN_SERUM_MEASURE__max,0.0409671,-0.08951501,0.0073764804,-0.06620283,0.010209061,0.034553528,0.02992625,-0.06993229
ANTIBIOTIC_IV_BITZUA__max,-0.043394282,0.03756498,-0.012320605,-0.14893274,0.024063937,-0.008231211,-0.04654601,-0.12072282
ANTIBIOTIC_PO_BITZUA__max,0.02520169,-0.005166399,0.012851362,-0.0064879577,0.009897952,0.04307977,-0.005737406,-0.046947673
ANTIDIABETIC_HIGH_HYPO_HOSPITAL_BITZUA__max,-0.0048826784,-0.027101664,-0.00411304,-0.03892628,-0.009246367,0.007593052,0.0071305865,-0.029742684
ASPARATE-AMINOTRANSFERASE_MEASURE__max,-0.003766031,0.010338038,-0.053469293,0.10592491,-0.16482966,0.042847935,-0.039315414,0.098165266
BASAL_DOSAGE__max,-0.0056579313,0.041872915,-0.051553473,0.04392698,-0.0018503814,0.020600712,-0.012520525,0.012120057
BASAL_HOME_BITZUA__max,-0.010489987,-0.03034104,-0.008708151,-0.00658609,-0.017502155,0.00045272103,-0.016633846,-0.010377738
BASE_GLUCOSE_MEASURE__max,-0.0017779047,0.0012581806,-0.020190703,0.009397466,0.008768599,-0.0030458383,-0.001820554,0.0077181547
BICARBONATE_MEASURE__max,-0.032491222,0.019803176,-0.020490691,-0.051697914,0.05077745,-0.028606031,0.044061024,-0.0022745875
BLOOD_CULTURE__max,0.0027452821,-0.018834839,-0.003610604,-0.0038235742,-0.021655113,-0.021821935,-0.024592519,-0.021594968
BLOOD_PRESSURE_DIASTOLIC_MEASURE__max,-0.02573187,0.03755743,-0.052286856,-0.034232058,0.029794257,-0.021606747,-0.10717839,-0.01947303
BLOOD_PRESSURE_SYSTOLIC_MEASURE__max,-0.0010807577,-0.03878126,-0.07985575,0.059165638,-0.13348217,0.0050313715,-0.065151766,0.03375168
BMI_MEASURE__max,0.009055216,0.014764176,0.013362326,-0.022072837,-0.012410839,-0.013484448,0.0036111719,0.011642582
BODY_TEMPERATURE_MEASURE__max,0.0381045,0.07883433,-0.08189412,0.098705724,0.27157015,-0.115496725,0.021557461,-0.034026854
BOLUS_DOSAGE__max,0.022470491,-0.037902206,-0.08197394,-0.054831233,-0.19932061,-0.023857195,-0.05275396,-0.16320902
CALCIUM-GLUCONATE_BITZUA__max,-0.04611577,0.02202652,0.08071411,-0.097964205,-0.0015759734,-0.010171714,0.083691575,-0.15210095
CARDIO-VASCULAR_DISORDER_EVENT__max,0.0035134074,-0.017077321,-0.0083485935,-0.013871305,0.020941924,-0.0072769774,-0.017045159,-0.01254999
CARDIOVASCULAR_DISORDER_OBS__max,-0.023394214,0.022117939,-0.015987322,0.024840934,-0.008933593,0.013880062,-0.011039986,0.02045083
CHEST_XRAY__max,0.023446592,-0.011387801,0.020874808,0.017894216,-0.02131649,-0.00059843366,0.0017058983,0.018027855
CREATINE-KINASE_MEASURE__max,0.016377294,0.07376508,-0.12924968,-0.08660746,-0.20874825,-0.011421924,-0.02030739,-0.03202312
CREATININE_SERUM_MEASURE__max,-0.04653816,0.0041794972,-0.01902502,0.045908276,0.08859045,0.05884389,-0.033509236,0.031816225
DEXTROSE_BITZUA__max,-0.012312384,-0.026795996,0.017961763,-0.056956984,0.08212026,0.022867775,0.04677984,-0.014785081
DIABETES_DIAGNOSIS__max,0.022707826,0.022409337,0.006573309,0.023094574,-0.008673678,-0.016433798,0.006983608,0.018481687
DIALYSIS__max,-0.0153564615,-0.014311207,-0.00021149874,0.0076359264,-0.0210273,0.020944208,-0.009764127,-0.0071410714
E-GFR_MEASURE__max,-0.028186882,0.032291263,-0.0262145,0.103683986,-0.05482792,0.003639155,-0.030667912,0.031506173
EGFR_MEASURE__max,0.007411318,0.054454014,-0.004646431,0.0039167684,0.031649966,-0.013223641,-0.012603088,0.027387045
GLUCOSE_MEASURE__max,0.022408327,0.005045346,0.013322146,-0.15065604,-0.6024343,-0.08243335,0.053323377,-0.118844815
HEART_RATE_MEASURE__max,0.031197045,0.1316209,-0.041181415,0.018316118,0.10167815,-0.0564015,-0.04421502,-0.022868458
HEMATOCRIT_MEASURE__max,0.013470051,0.10367773,0.031385448,0.034577545,0.08542104,0.1029868,0.013212266,0.021020984
HEMOGLOBIN_MEASURE__max,-0.0054311687,-0.060408153,0.013234753,0.016944759,0.024662193,-0.048807245,0.0039601973,0.081943214
HEPARIN_IV_BITZUA__max,0.019008305,0.059623357,-0.037491787,-0.09996089,-0.10372078,-0.05687717,0.011460613,-0.06611173
HYPERGLYCEMIA_EVENT__max,-0.025094891,-0.012379675,0.0020346271,0.023395814,0.011915712,-0.012308777,-0.00058188126,0.023184953
HYPERTONIC_SALINE_BITZUA__max,-0.041706983,0.11418319,0.032334354,-0.0887686,0.13379367,-0.19699037,0.04719021,0.053438317
HYPOGLYCEMIA_EVENT__max,0.014502418,0.024148092,-0.016450463,0.005202291,0.02436972,0.0020860326,0.010446739,-0.007145711
INFECTION_EVENT__max,0.0053481045,-0.01573912,-0.01927651,0.0142959645,-0.0035922192,-0.009327457,0.024615023,-0.013127694
INFECTION_WBC_MEASURE__max,-0.036154658,0.023259273,-0.021214861,-0.03684311,-0.15988761,-0.03195319,0.043833233,-0.08011301
KETONES_SERUM_MEASURE__max,0.009169501,0.028329642,0.006836818,-0.010442537,0.005165443,0.027715048,-0.0074245087,-0.030820737
KETONES_URINE_MEASURE__max,0.014697986,-0.0067046895,0.008343928,-0.028330615,-0.014243447,0.0011213929,0.021051403,0.0150837395
KIDNEY_COMPLICATION_EVENT__max,-0.0064806226,-0.001679065,0.02356906,-0.014424361,0.022674097,-0.0019131319,0.00874083,0.023644762
KIDNEY_COMPLICATION_OBS__max,0.0057741,-0.017743723,-0.0102930525,0.024265816,0.022814455,0.0046855467,0.012240108,-0.024937179
MEAL_Breakfast__max,-0.023451993,-0.021311147,-0.013297037,0.0062241987,0.017978102,-0.023633374,0.023583833,-0.014117666
MEAL_Dinner__max,-0.012298705,-0.010924387,-0.011445706,-0.008960969,-0.014737055,-0.0022403263,-0.016889885,-0.015919466
MEAL_Lunch__max,0.0046335272,-0.009379271,-0.009006218,0.023277268,0.011586555,0.0061256452,0.025512101,0.024638863
MEAL_Night-Snack__max,0.019149233,-0.014916564,0.002533201,0.012381078,-0.013419588,-0.0013759686,0.002002704,-0.019417258
METFORMIN_HOME_BITZUA__max,0.03133183,-0.009050001,-0.027937416,0.019883625,-0.031625908,-0.005977257,0.0036541277,0.021560268
METFORMIN_HOSPITAL_BITZUA__max,-0.011820331,-0.036055684,0.010296344,-0.089950144,0.05901529,-0.0066094776,-0.0022787207,-0.047002476
NEUTROPHILS_MEASURE__max,-0.049465496,0.033481658,-0.074987814,-0.084317155,0.013111964,-0.03198826,-0.037396252,-0.03542071
PH_MEASURE__max,-0.053420395,0.13143493,-0.014964325,0.13974921,-0.24539499,-0.046854135,-0.06677193,0.07293439
PLT_MEASURE__max,-0.0020003286,-0.034183595,0.036964644,-0.00021106857,-0.07741165,-0.027559733,0.0107191,0.02022683
POTASSIUM_MEASURE__max,0.05283439,-0.016963208,-0.021455001,0.04226682,-0.032685276,-0.029597567,0.0014503198,0.06756675
SEVERE_HYPERGLYCEMIA_EVENT__max,-0.009095485,0.017540371,-0.018216264,0.024193594,0.004869152,0.008634033,0.0012419743,-0.02555737
SEVERE_HYPOGLYCEMIA_EVENT__max,0.0023276138,0.020631656,0.024402287,0.013960505,0.0014982494,-0.0027050832,0.0013469032,0.025043547
SGLT2_HOME_BITZUA__max,0.019253656,0.024874453,0.01587062,-0.03145734,-0.017755097,-0.011379384,0.03255937,-0.014957334
SGLT2_HOSPITAL_BITZUA__max,0.019868752,-0.018277634,0.051922746,0.04429706,-0.0007852076,0.008966545,0.02673272,0.02934945
SODIUM_MEASURE__max,0.034932602,0.099988155,0.01752732,-0.105275735,-0.0508907,0.08447784,0.026188387,-0.09455816
STEROIDS_IV_BITZUA__max,0.023002824,-0.0891892,0.02753292,0.07016109,-0.33565563,-0.043205943,-0.039737925,-0.14223787
STEROIDS_PO_BITZUA__max,0.006187646,-0.016329184,0.024797484,-0.009365646,-0.03077793,-0.10943998,0.089098215,-0.00081147224
TROPONIN_MEASURE__max,0.0070248856,-0.012962386,-0.038986266,-0.115639046,0.011445657,-0.048332784,0.009107331,-0.12443927
UREA_MEASURE__max,-0.037899956,0.045785517,0.0017458207,0.025061432,0.043732844,0.010580157,0.002146987,0.037943408
URINE_CULTURE__max,0.018850176,-0.0026279541,0.002361944,0.020979606,-0.020213488,0.00048059496,-0.015621638,-0.013035354
WEIGHT_MEASURE__max,0.07984112,-0.045769148,-0.019484749,-0.0072104675,-0.02316262,0.0058204266,-0.011739617,-0.0072194124
ADMISSION__first,0.011458581,0.02519339,0.018662795,-0.011722503,0.01805284,0.015747175,-0.0054664905,0.012616002
ALANINE-AMINOTRANSFERASE_MEASURE__first,0.0074369214,0.07339113,0.03946737,-0.11372381,-0.11050712,0.09956228,0.060660537,-0.09559109
ALBUMIN_SERUM_MEASURE__first,-0.01821262,-0.07547609,-0.025460064,-0.068072796,0.1237011,0.07529107,-0.014749391,-0.0025764522
ANTIBIOTIC_IV_BITZUA__first,-0.06128935,-0.0860332,-0.012692431,-0.06133147,0.0028776187,-0.09141105,-0.007049396,-0.037172332
ANTIBIOTIC_PO_BITZUA__first,-0.003298404,-0.20853421,0.001302363,0.041618858,0.09987929,0.048742343,-0.019313756,0.04180326
ANTIDIABETIC_HIGH_HYPO_HOSPITAL_BITZUA__first,-0.009016057,-0.025618339,0.0138725005,-0.013604895,-0.0064592804,-0.030298335,0.0075540557,-0.028429275
ASPARATE-AMINOTRANSFERASE_MEASURE__first,0.06360122,-0.076324366,-0.041433483,0.06438889,0.032040812,-0.098953605,-0.08036376,0.068118066
BASAL_DOSAGE__first,0.027808536,-0.016219525,0.03109453,-0.042844094,-0.090237394,-0.12647013,0.019942092,-0.002548962
BASAL_HOME_BITZUA__first,0.0059185205,-0.031671207,0.032523684,0.0011569598,0.016766155,-0.014122757,-0.0081101395,-0.023880951
BASE_GLUCOSE_MEASURE__first,-0.02130707,-0.001122044,-0.0038958837,0.022086136,0.034492433,0.0054930677,0.030378854,0.018560214
BICARBONATE_MEASURE__first,-0.2031408,0.13062105,0.045881163,0.0487699,0.08046323,0.008207852,0.027749218,-0.02044192
BLOOD_CULTURE__first,-0.01218629,0.016134802,-0.016197983,-0.012487983,0.024871774,0.015615713,0.025373926,0.020171983
BLOOD_PRESSURE_DIASTOLIC_MEASURE__first,0.00016383908,0.045061395,-0.0023390367,-0.050377347,0.14297272,0.045769036,-0.006580127,-0.020713612
BLOOD_PRESSURE_SYSTOLIC_MEASURE__first,0.01683955,-0.019851148,0.008454603,0.015773274,-0.11470393,-0.039407194,0.027912812,-0.011481921
BMI_MEASURE__first,0.018130759,-0.008274881,-0.04165349,-0.018617,-0.0057069524,-0.0059560337,0.0066915764,-0.0005660614
BODY_TEMPERATURE_MEASURE__first,0.041662764,-0.15494649,0.018759707,-0.07770182,-0.24576285,0.01109474,0.016881024,-0.08347001
BOLUS_DOSAGE__first,0.0033397868,0.0012569114,-0.012162586,0.039902307,0.14462745,-0.05458516,-0.020767566,0.022701921
CALCIUM-GLUCONATE_BITZUA__first,-0.06774004,-0.12206998,-0.115622476,-0.35135135,-0.10434438,-0.20021205,-0.14030538,-0.3872202
CARDIO-VASCULAR_DISORDER_EVENT__first,-0.008306273,0.019653415,0.0076209405,0.010625988,-0.014111263,-0.0010509597,-0.0072462927,0.005907698
CARDIOVASCULAR_DISORDER_OBS__first,-0.008988187,0.021557096,-0.013957175,0.0021936335,-0.022156911,0.015323771,-0.015267313,0.01045961
CHEST_XRAY__first,0.023790196,0.02132492,0.008556226,-0.021503145,0.025088595,0.023180341,0.004396522,-0.0075052264
CREATINE-KINASE_MEASURE__first,-0.0011848933,-0.059907768,-0.0218671,-0.08316719,0.015676452,0.021790612,-0.026272079,-0.09832773
CREATININE_SERUM_MEASURE__first,0.02124593,-0.18451148,-0.03556757,-0.085300684,0.11819776,-0.0019071805,-0.07123926,-0.17097181
DEXTROSE_BITZUA__first,0.028518327,-0.047069777,-0.02507456,-0.05113628,-0.04254787,0.032097243,-0.028456913,-0.08366529
DIABETES_DIAGNOSIS__first,0.00072982156,-0.004332199,0.023681128,0.001233155,-0.010861725,-0.020613117,0.011089344,-0.008453672
DIALYSIS__first,0.023653017,-0.01973079,-0.00739751,-0.0030110124,-0.024907492,-0.02520843,0.022212116,-0.001582827
E-GFR_MEASURE__first,0.04062602,0.13341883,0.07222158,0.019886682,0.18554193,0.08925126,0.048874285,0.024493136
EGFR_MEASURE__first,0.010128278,0.14747065,0.0037342852,0.21560091,0.37469238,0.120361544,-0.002709734,0.115547575
GLUCOSE_MEASURE__first,0.031566244,-0.037133623,0.07274995,-0.027854167,-0.010065218,-0.042865038,0.029479407,-0.03608769
HEART_RATE_MEASURE__first,0.006718297,-0.016131155,0.034491803,-0.0985969,0.060058996,0.027485054,-0.0016456723,-0.092626676
HEMATOCRIT_MEASURE__first,0.056146506,-0.13555863,-0.0827012,0.0030710695,-0.24511549,-0.016024616,-0.044249326,-0.048197377
HEMOGLOBIN_MEASURE__first,0.059047155,-0.020795787,0.011613397,0.00032454843,-0.11055696,0.0013906826,-0.038079992,0.0193317
HEPARIN_IV_BITZUA__first,0.005752265,-0.028086862,0.031697433,0.079535,-0.13514182,0.0057737287,0.0048893113,0.15308405
HYPERGLYCEMIA_EVENT__first,0.008933528,0.015248986,0.02207102,-0.0086563155,0.010324152,-0.010503898,0.0089716865,-0.015187423
HYPERTONIC_SALINE_BITZUA__first,-0.081239164,-0.030915754,0.014109651,0.034042314,0.077727936,-0.0081228595,-0.011791288,0.0044672275
HYPOGLYCEMIA_EVENT__first,-0.008598918,-0.022241624,0.004731851,-0.013758695,0.021898745,0.009966354,-0.015607484,0.020110738
INFECTION_EVENT__first,0.025140014,-0.0029679702,-0.024203539,0.017580908,-0.0062652184,0.0009748121,0.02080467,-0.0051701632
INFECTION_WBC_MEASURE__first,-0.0186104,-0.068675905,0.009390016,-0.0067127896,-0.009741444,0.021770949,0.010863791,-0.10397656
KETONES_SERUM_MEASURE__first,0.010364626,-0.008779592,0.045960516,-0.005984725,0.06887498,0.033385288,-0.00952164,0.008707447
KETONES_URINE_MEASURE__first,-0.015386714,-0.040817667,0.027103346,-0.018731777,0.025049698,-0.03409507,0.01546672,0.008605933
KIDNEY_COMPLICATION_EVENT__first,0.010038291,-0.0017593001,-0.011847085,0.023179945,0.008952055,0.007362537,-0.015418552,0.0030993798
KIDNEY_COMPLICATION_OBS__first,-0.002799406,-0.0013009744,-0.022616718,-0.018344447,0.0031699142,-0.011240316,-0.012127311,-0.024870181
MEAL_Breakfast__first,-0.0024409739,0.018383138,-0.013163994,0.00020759967,0.02316872,-0.023092518,-0.021207973,0.0029622456
MEAL_Dinner__first,-0.024610214,0.0033255536,0.02057307,0.002919549,-0.003736288,-0.011751756,-0.00037043338,-0.010638699
MEAL_Lunch__first,-0.01698637,0.006016672,-0.01377138,0.004704562,-0.024236977,-0.0036045164,-0.010176752,0.007841491
MEAL_Night-Snack__first,-0.019902814,-0.0065345652,-0.02272353,-0.00887739,-0.0034187,-0.01943598,-0.00380269,0.017011298
METFORMIN_HOME_BITZUA__first,-0.021641536,0.02125055,-0.046122514,-0.02474511,-0.005018977,-0.106941655,0.030887116,0.020335123
METFORMIN_HOSPITAL_BITZUA__first,-0.1463454,-0.01813689,0.013229504,0.0024015703,-0.07471875,-0.05854161,-0.010416713,0.025062392
NEUTROPHILS_MEASURE__first,0.1359987,-0.2269819,0.033524137,-0.06702582,-0.02907513,-0.0009276618,-0.00012980675,-0.008016472
PH_MEASURE__first,0.01970134,0.011677301,0.0028850222,0.040774886,0.057845414,0.008266787,0.009779208,-0.0016177137
PLT_MEASURE__first,-0.031654917,-0.054343585,-0.123478845,-0.19306779,0.06647798,-0.03579372,-0.030779343,-0.16423762
POTASSIUM_MEASURE__first,-0.118418515,0.02952908,-0.0015939866,0.056459222,0.15268579,-0.03754428,-0.007905731,0.035425782
SEVERE_HYPERGLYCEMIA_EVENT__first,-0.006691018,-0.009737717,-0.019769626,-0.021177564,-0.0095853275,-0.005671426,-0.022025065,0.0099581
SEVERE_HYPOGLYCEMIA_EVENT__first,0.023390435,0.023790525,-0.024867918,0.00518403,0.018820614,0.0077126757,0.0072311237,0.022309663
SGLT2_HOME_BITZUA__first,0.01707384,-0.07705677,-0.0462598,-0.059104886,-0.0012145155,-0.056439586,0.02151731,-0.02395546
SGLT2_HOSPITAL_BITZUA__first,0.05020412,0.13176844,-0.0049041635,-0.0077737905,0.04316075,0.19276808,-0.026632322,0.024725212
SODIUM_MEASURE__first,-0.08833826,-0.06820846,-0.022659877,0.014809521,0.022703506,-0.052413,-0.070794865,0.06568259
STEROIDS_IV_BITZUA__first,0.037355334,-0.058627136,-0.011802701,0.0037661113,0.23076801,0.048766073,-0.024660232,0.14542793
STEROIDS_PO_BITZUA__first,-0.04916112,0.08131388,0.050249163,0.16959016,0.009399312,-0.030031187,-0.011002631,0.26221955
TROPONIN_MEASURE__first,-0.014619817,-0.13039976,0.00049686263,0.115361266,0.004284308,-0.03526164,0.0071414625,0.14630938
UREA_MEASURE__first,0.015824556,-0.05541548,0.028260572,-0.0028503584,0.022985807,-0.13251963,0.0015402733,-0.070098095
URINE_CULTURE__first,-0.022906618,-0.017941456,0.0015807529,0.0046515344,-0.015451227,0.002143633,0.015064959,0.0005938255
WEIGHT_MEASURE__first,-0.025491886,-0.100055605,0.034046605,0.027600423,0.047515154,0.04704667,-0.027565818,0.020138692
ADMISSION__last,-0.012147728,-0.015495078,0.0058414745,0.017588966,-0.02331598,-0.018726526,-0.022276185,-0.0076806913
ALANINE-AMINOTRANSFERASE_MEASURE__last,0.036912613,0.059082955,0.07594976,-0.05936226,-0.04307179,-0.062044613,0.014740194,-0.074341044
ALBUMIN_SERUM_MEASURE__last,0.015653437,-0.2041471,-0.07789555,-0.10610974,-0.21507742,-0.04715315,-0.0850232,-0.10272214
ANTIBIOTIC_IV_BITZUA__last,0.024525374,0.04096898,-0.011861151,0.020170666,0.014177096,-0.050760716,-0.040686842,0.06380595
ANTIBIOTIC_PO_BITZUA__last,-0.01621168,0.060306348,0.010985264,0.0074195913,-0.02199473,-0.019813837,-0.017060949,0.08140428
ANTIDIABETIC_HIGH_HYPO_HOSPITAL_BITZUA__last,0.004169535,0.0022635725,0.0006963815,-0.025548974,-0.0037460153,-0.005122065,-0.014320647,-0.027001953
ASPARATE-AMINOTRANSFERASE_MEASURE__last,0.024698993,0.22202826,-0.08177518,0.037689365,-0.069000125,-0.061419368,-0.0746054,-0.0013949093
BASAL_DOSAGE__last,-0.048848424,-0.08517129,-0.11691071,0.114429966,0.03989854,-0.11794195,-0.073957086,0.04380558
BASAL_HOME_BITZUA__last,-0.018733595,0.0076114032,0.004027827,-0.013434098,0.0069389315,-0.006753777,-0.0074251182,0.0027047216
BASE_GLUCOSE_MEASURE__last,0.011210406,0.00421489,-0.0029972487,-0.006780379,0.00018836682,-0.0017467006,-0.0028053413,-6.535086e-05
BICARBONATE_MEASURE__last,0.11358084,-0.2897618,-0.014902127,-0.07054896,-0.022821497,-0.021993348,0.004619746,-0.088917404
BLOOD_CULTURE__last,-0.0057874774,0.020602215,-0.015121649,-0.0067800777,0.008437455,0.019412212,-0.018205043,-0.0017340998
BLOOD_PRESSURE_DIASTOLIC_MEASURE__last,0.0013325842,-0.03506593,-0.002139159,-0.022614518,-0.027686674,0.023611799,0.01719808,0.010780502
BLOOD_PRESSURE_SYSTOLIC_MEASURE__last,0.0016746733,-0.0074777943,0.010825044,0.022941303,0.05320222,-0.03402356,0.0076238844,0.020044142
BMI_MEASURE__last,-0.020735594,0.0125731025,0.025146907,0.008770879,-0.0077072866,-0.022032017,-0.032347903,0.028363202
BODY_TEMPERATURE_MEASURE__last,0.0054075513,0.06862633,0.010514621,-0.011267243,0.4193325,0.05537594,-0.0015544121,0.0028366533
BOLUS_DOSAGE__last,0.009185057,-0.025755698,-0.029685773,-0.09075513,-0.02804325,-0.050113797,-0.013541008,-0.08588119
CALCIUM-GLUCONATE_BITZUA__last,0.028966965,-0.19165108,0.10542473,0.2564249,0.04594366,0.009738086,0.11569126,0.29804453
CARDIO-VASCULAR_DISORDER_EVENT__last,-0.0021485637,-0.022500502,-0.0017517293,-0.0057868166,-0.008446075,0.021466713,-0.021169433,-0.012948803
CARDIOVASCULAR_DISORDER_OBS__last,-0.017495431,-0.023438666,-0.018920697,0.0049963845,0.00973509,0.011864409,-0.018601263,-0.011997733
CHEST_XRAY__last,0.011682075,0.006194658,0.021219864,0.005529519,-0.0192673,-0.02301597,-0.0034554955,0.010591605
CREATINE-KINASE_MEASURE__last,-0.0017720995,0.049940083,-0.034156,0.13896258,-0.04051717,-0.06781467,-0.043737475,0.16481891
CREATININE_SERUM_MEASURE__last,-0.01686194,0.35463798,0.02088356,0.11067255,-0.06544584,0.17602876,0.014334956,0.05581244
DEXTROSE_BITZUA__last,0.009919881,-0.022687396,0.014040839,-0.05233215,0.023128424,-0.014172319,-0.006155808,-0.07339709
DIABETES_DIAGNOSIS__last,-0.00025147825,-0.014757873,-0.023807565,-0.014504648,-0.006546793,-0.00039307046,-0.003065161,0.0030078874
DIALYSIS__last,-0.0050479793,0.018409025,0.022165665,0.022819497,-0.00069436093,-0.006423165,0.01490878,0.015022857
E-GFR_MEASURE__last,-0.028341265,-0.28890818,-0.09106867,-0.06079019,-0.1534386,-0.15128466,0.004291747,-0.06439505
EGFR_MEASURE__last,-0.0869452,-0.3517759,0.0024307799,-0.13781658,-0.17696825,-0.21436591,0.04171041,-0.10492298
GLUCOSE_MEASURE__last,-0.0033435326,0.03301034,-0.13413996,-0.12158993,0.011826037,0.04542075,-0.030601215,-0.0821615
HEART_RATE_MEASURE__last,0.0011175617,0.29989088,0.038739596,0.11904833,0.25993705,0.001124149,0.025911646,0.1104436
HEMATOCRIT_MEASURE__last,0.039807122,-0.0024703941,-0.0019371243,0.023235794,-0.16406232,0.009011199,-0.032462247,0.047265884
HEMOGLOBIN_MEASURE__last,-0.030934762,-0.095393136,-0.04728842,-0.10568192,-0.18556821,-0.030613147,-0.017208977,-0.10062719
HEPARIN_IV_BITZUA__last,0.0024952074,0.0017889967,0.022519264,0.00033537368,-0.060240377,-0.055642873,-0.016237432,0.1474458
HYPERGLYCEMIA_EVENT__last,0.02441765,-0.0064961207,-0.025273839,-0.019707387,-0.014610868,0.0016403424,0.017629372,0.016685188
HYPERTONIC_SALINE_BITZUA__last,0.0027502757,-0.04427837,0.0015356031,-0.060004383,-0.13057145,-0.092889726,-0.0771339,-0.105555825
HYPOGLYCEMIA_EVENT__last,-0.014899851,-0.02107687,0.013732772,0.00569465,-0.00349276,-0.018442212,-0.020386515,0.019239891
INFECTION_EVENT__last,0.012817397,0.018729651,-0.010916822,0.008667319,0.016537564,0.02066662,-0.01944254,0.011069165
INFECTION_WBC_MEASURE__last,0.047175974,0.23700275,0.014204867,0.01873706,0.14663543,0.06736684,0.03511182,0.0014314373
KETONES_SERUM_MEASURE__last,0.009118914,0.027903708,-0.01420512,-0.00271527,-0.049956914,-0.007093452,-0.0018870191,0.012759964
KETONES_URINE_MEASURE__last,-0.0131961545,0.020174347,-0.020438833,0.004261297,-0.075089134,-0.009624354,0.007913967,0.013525762
KIDNEY_COMPLICATION_EVENT__last,-0.009135147,0.00335877,0.024342474,-0.018531928,0.009020416,-0.015714575,-0.020989744,-0.017152246
KIDNEY_COMPLICATION_OBS__last,-0.007960124,0.017234128,0.0049396064,-0.008176419,-0.018162064,-0.02482166,-0.0070647923,0.010354671
MEAL_Breakfast__last,0.0016417445,-0.003110445,-0.0020335414,0.015783094,0.011778551,0.010462278,0.0040553105,-0.023307279
MEAL_Dinner__last,-0.0055557718,0.00079843204,0.018709626,-0.011239146,0.004938128,0.020567097,0.007827885,0.0025960258
MEAL_Lunch__last,0.01567695,-0.008413161,0.009074615,-0.02070474,-0.010524065,-0.007383471,-0.007462482,-0.003074157
MEAL_Night-Snack__last,-0.008031845,0.0035768556,-0.022215096,0.021932287,0.01709849,-0.009747419,-0.00599198,0.0062819486
METFORMIN_HOME_BITZUA__last,0.037798412,-0.02788431,0.022173652,0.072222434,0.07812684,0.15046215,-0.042142216,0.03259784
METFORMIN_HOSPITAL_BITZUA__last,0.0775,-0.07376025,0.033326674,0.022221666,-0.17227319,-0.005008999,7.118323e-05,-0.07565835
NEUTROPHILS_MEASURE__last,0.0020070516,0.3451763,0.08800036,0.17502737,0.32042015,0.08782362,0.04283336,0.18299091
PH_MEASURE__last,0.10267061,0.029062826,0.0153918285,-0.0047893906,0.043762155,-0.02968588,0.048317216,-0.011873983
PLT_MEASURE__last,-0.085201405,-0.4608926,-0.07733465,-0.033716593,-0.15889643,-0.072789825,-0.017737715,-0.02076218
POTASSIUM_MEASURE__last,0.008212194,0.082388796,-0.06516248,-0.006752317,0.06222901,-0.025994463,-0.047228094,-0.011757313
SEVERE_HYPERGLYCEMIA_EVENT__last,0.008372906,-0.0033234002,0.0057226056,-0.019273883,-0.014244322,0.019650904,-0.002884791,-0.0005709726
SEVERE_HYPOGLYCEMIA_EVENT__last,-0.008522066,0.016116956,0.0014675485,0.02004173,-0.0075877737,-0.014979135,0.012930447,0.017102733
SGLT2_HOME_BITZUA__last,-0.02586375,0.11353782,0.04829035,0.04703156,-0.015240321,0.06832101,-0.03679331,0.037693407
SGLT2_HOSPITAL_BITZUA__last,-0.060900632,-0.03706279,0.02512715,0.09976787,0.013251299,-0.1141768,0.05895159,0.07987364
SODIUM_MEASURE__last,0.019290714,0.12601312,0.026240572,0.010256454,-0.01551634,0.09838505,0.0033694096,0.006271884
STEROIDS_IV_BITZUA__last,0.03144961,-0.022399548,0.029989481,-0.073114544,-0.1913125,0.011612221,-0.01304426,0.03605805
STEROIDS_PO_BITZUA__last,0.04285768,0.0018151519,0.043574274,0.08466331,-0.109533355,-0.10407991,0.07217761,0.1089618
TROPONIN_MEASURE__last,0.009285709,0.06027384,0.05063818,0.1391007,0.12261648,0.02566454,0.039276317,0.0779402
UREA_MEASURE__last,-0.05012838,0.30918333,0.029797694,0.04651785,0.04421372,0.14963144,0.054862935,0.107207075
URINE_CULTURE__last,-0.009378776,3.7337002e-05,-0.012041031,0.009166975,-0.02337406,-0.015363658,0.019677764,-0.00029695398
WEIGHT_MEASURE__last,-0.064334944,0.027727706,-0.050165705,-0.06294525,-0.011532876,-0.036292605,-0.045307558,-0.05028118
ADMISSION__p25,0.02377761,-0.008377429,-0.020169528,0.019548584,-0.020705199,-0.019002056,0.0020940022,-0.0013006934
ALANINE-AMINOTRANSFERASE_MEASURE__p25,0.030818582,-0.030344209,-0.051159274,-0.10186494,-0.085997306,-0.0496195,-0.044329204,-0.15824042
ALBUMIN_SERUM_MEASURE__p25,-0.045845535,-0.07063627,0.0011123331,-0.021878244,0.043444566,-0.024429597,0.022379592,-0.0033030212
ANTIBIOTIC_IV_BITZUA__p25,0.07140598,-0.08046156,-0.06940905,-0.098503366,-0.022440918,-0.03912474,-0.09231967,-0.17970164
ANTIBIOTIC_PO_BITZUA__p25,0.0045397,0.002981651,-0.09545474,-0.029539444,0.029714536,-0.01787819,-0.051119283,-0.06346379
ANTIDIABETIC_HIGH_HYPO_HOSPITAL_BITZUA__p25,0.0031049063,-0.035386447,-0.0277774,-0.0032419304,-0.0002489268,0.007564437,0.011624798,-0.029977625
ASPARATE-AMINOTRANSFERASE_MEASURE__p25,-0.0025873207,0.058137517,0.034159955,-0.008690398,0.013736338,-0.028004736,0.012940588,0.021446781
BASAL_DOSAGE__p25,-0.009201321,0.03467644,0.07320927,-0.030349806,-0.070457056,-0.024342474,0.06296438,0.03392239
BASAL_HOME_BITZUA__p25,-0.019308716,-0.0039247232,-0.02000906,0.00051340717,-0.006627895,0.009872383,-0.00011747666,0.0017688859
BASE_GLUCOSE_MEASURE__p25,-0.0063706688,0.019040026,0.017638253,0.0138980085,0.035048153,0.0011215509,0.009924732,0.012183586
BICARBONATE_MEASURE__p25,0.055771764,0.04451453,-0.062032767,0.02331288,0.10444126,0.007861903,-0.040569074,0.049064938
BLOOD_CULTURE__p25,0.021277832,-0.020054052,-0.025453255,0.023046853,-0.0107550975,0.008646449,-0.009065015,-0.01679234
BLOOD_PRESSURE_DIASTOLIC_MEASURE__p25,0.0063202656,-0.04023956,-0.03499105,0.007567885,-0.05184311,-0.08497973,-0.01500233,0.060973868
BLOOD_PRESSURE_SYSTOLIC_MEASURE__p25,-0.039044295,0.00895275,-0.030342977,-0.098375365,-0.055969905,-0.056281574,-0.010989092,-0.11311483
BMI_MEASURE__p25,0.017111003,-0.0026816872,0.004033989,-0.0066188043,-0.0003363744,-0.007444678,-0.0011130244,-0.020718377
BODY_TEMPERATURE_MEASURE__p25,-0.032898765,-0.13907267,-0.0009534724,0.03146369,-0.44134438,-0.019529266,-0.020756856,-0.06050475
BOLUS_DOSAGE__p25,-0.04832529,-0.06436269,-0.060551386,-0.21588933,-0.113409005,0.09235624,-0.019159356,-0.21662487
CALCIUM-GLUCONATE_BITZUA__p25,0.021552205,0.10052718,0.060764953,0.14548407,0.030961704,0.08720836,0.07317347,0.13839129
CARDIO-VASCULAR_DISORDER_EVENT__p25,0.019235598,-0.0081301555,0.01921999,-0.011355367,-0.0004417584,0.019889679,-0.0046332097,0.0022439682
CARDIOVASCULAR_DISORDER_OBS__p25,0.018924162,-0.020506304,0.02400085,-0.001426911,-0.024359457,0.006319068,-0.022674255,-0.008377145
CHEST_XRAY__p25,-0.008396011,-0.02029528,-0.008673593,0.025191555,0.003436406,0.017173378,-0.0016143036,0.020942125
CREATINE-KINASE_MEASURE__p25,-0.026022865,-0.020563591,0.049143527,-0.10723786,-0.045457304,-0.053713016,0.08065284,-0.16394943
CREATININE_SERUM_MEASURE__p25,0.07259773,-0.055657033,0.044939417,-0.058055345,-0.0935646,0.08246133,9.6051535e-06,-0.0114241345
DEXTROSE_BITZUA__p25,0.032724407,-0.010849241,0.023054682,0.020553341,-0.16449435,0.012361035,0.0267546,0.060069554
DIABETES_DIAGNOSIS__p25,-0.020358087,0.0021002826,-0.0147762215,0.01944066,0.007291152,-0.018510748,-0.005584789,0.017906532
DIALYSIS__p25,-0.004929251,0.0019620683,-0.0043934905,0.017132835,0.0039847093,0.022462288,0.008239471,0.0024303803
E-GFR_MEASURE__p25,-0.027798843,-0.007844082,-0.024826473,-0.04900198,-0.14553398,-0.016770959,-0.03375091,-0.012558714
EGFR_MEASURE__p25,-0.041100506,0.08760606,-0.0035686118,-0.0297981,-0.027873794,-0.03406194,-0.018083435,-0.03300247
GLUCOSE_MEASURE__p25,-0.043234836,0.05543128,-0.05209629,-0.19120313,-0.011527752,0.034633875,0.059231117,-0.11027656
HEART_RATE_MEASURE__p25,-0.057291668,0.057178702,-0.0076981066,-0.041869245,-0.112309255,0.039988503,0.013521344,0.042684916
HEMATOCRIT_MEASURE__p25,-0.03496094,0.0068957377,0.002954754,-0.028167345,-0.01495906,-0.010200184,0.026005233,-0.036450412
HEMOGLOBIN_MEASURE__p25,-0.04013558,0.0006949405,-0.053802665,-0.048244234,-0.07365087,-0.009702265,-0.041603953,-0.062285308
HEPARIN_IV_BITZUA__p25,-0.03445735,0.009849101,-0.0653432,0.0904074,0.008690622,0.027343241,0.02754577,-0.0008813156
HYPERGLYCEMIA_EVENT__p25,0.0011584994,-0.02011376,0.018846547,-0.014690293,0.022004256,-0.013176496,-0.009411422,-0.0054392684
HYPERTONIC_SALINE_BITZUA__p25,-0.056328256,0.07744073,-0.062492955,0.00086781464,-0.14120445,-0.102729134,-0.04090766,0.05051981
HYPOGLYCEMIA_EVENT__p25,0.013378914,-0.004293229,0.01931771,-0.0048940806,-0.0016875633,0.0058890833,-0.003470274,0.0057463944
INFECTION_EVENT__p25,-0.0018312728,0.0051908176,0.010559079,-0.014225239,-0.014582213,0.012612186,0.014343657,-0.007362677
INFECTION_WBC_MEASURE__p25,-0.0071747224,-0.040929276,0.010446494,-0.003622243,-0.16198295,-0.025584247,0.0040051555,-0.09413275
KETONES_SERUM_MEASURE__p25,-0.0160715,0.014565789,-0.024079792,0.017335938,0.027557468,0.0019833413,0.027394844,-0.002294789
KETONES_URINE_MEASURE__p25,0.007690236,-0.0024226194,6.721058e-05,-0.018281337,0.005770697,-0.017357437,0.024646778,-0.007992941
KIDNEY_COMPLICATION_EVENT__p25,0.018768514,-0.014219289,-0.00019861938,0.015705554,0.006040148,-0.0092393905,0.0160622,-0.0032443367
KIDNEY_COMPLICATION_OBS__p25,-0.013314644,0.012258005,-0.004518312,0.021568637,-0.01921455,-0.009303603,-0.012451088,0.0051172604
MEAL_Breakfast__p25,-0.022817954,-0.009610126,-0.02346309,0.012989306,-0.02257649,-0.00907567,0.016893197,-0.023126598
MEAL_Dinner__p25,0.0014451845,-0.009953393,0.007244518,0.004644811,0.0005664518,-0.01051737,-0.023600029,-0.015852707
MEAL_Lunch__p25,0.00042351068,-0.01458159,0.018460652,-0.005524852,-0.007233524,0.0010743,0.002621918,0.024236519
MEAL_Night-Snack__p25,-0.014359266,-0.010563808,-0.0025713402,0.012372494,0.015469909,0.02468627,0.024299903,-0.0047369436
METFORMIN_HOME_BITZUA__p25,-0.0099957045,0.0017441892,0.02413205,0.0071090143,0.033110786,-0.0036156317,-0.008184239,0.012012527
METFORMIN_HOSPITAL_BITZUA__p25,0.014073273,-0.019175202,0.11485818,0.028395055,0.009109657,-0.052469198,0.05404487,0.008692048
NEUTROPHILS_MEASURE__p25,-0.08007949,0.046828385,0.05793484,0.061570413,0.061664566,0.03590482,0.04538949,0.06779816
PH_MEASURE__p25,-0.035127528,0.008606745,0.00497255,-0.04644297,0.24776287,-0.03008574,-0.025731206,-0.06576264
PLT_MEASURE__p25,0.01602359,1.6216747e-05,0.04520965,0.06053782,0.0760522,0.0060928278,0.07313986,0.04336518
POTASSIUM_MEASURE__p25,0.10998594,0.012757208,-0.0097449925,-0.034189798,0.008247186,0.045049187,-0.026577063,0.031506795
SEVERE_HYPERGLYCEMIA_EVENT__p25,-0.014280297,0.0034911288,-0.0043145646,0.002271058,-0.007997029,0.024575062,-0.025227312,0.022357749
SEVERE_HYPOGLYCEMIA_EVENT__p25,0.016947804,0.01835744,-0.024199571,0.014822769,-0.0193422,-0.005978616,0.0038509555,-0.02310477
SGLT2_HOME_BITZUA__p25,-0.004854451,-0.030780593,-0.0074963183,0.008367201,-0.015803203,0.01364204,-0.011057055,0.014990507
SGLT2_HOSPITAL_BITZUA__p25,-0.031285338,-0.05112523,-0.0122063635,0.045246303,0.01706755,-0.02044404,-0.008934321,0.0045691314
SODIUM_MEASURE__p25,0.01789487,0.0117630325,0.019180743,-0.03993898,-0.022025863,-0.045383386,0.050095238,-0.10256738
STEROIDS_IV_BITZUA__p25,-0.008098054,0.04890404,-0.050974537,0.07352028,-0.020493658,0.09868797,-0.023869729,0.022915138
STEROIDS_PO_BITZUA__p25,-0.062425476,-0.03806933,0.00806294,-0.09237201,-0.0027273917,0.056709196,-0.068648875,-0.12464615
TROPONIN_MEASURE__p25,-0.033944994,0.0106691085,-0.027323036,-0.085178144,-0.0010112907,0.043952044,-0.033311043,-0.06289307
UREA_MEASURE__p25,-0.03930034,0.017936593,0.0021192431,-0.032660395,0.0112893535,-0.037023596,-0.0053445874,-0.020947736
URINE_CULTURE__p25,0.022424374,0.0152610885,0.0213469,-0.0033826935,-0.00898633,0.004150644,-0.020165855,-0.010241437
WEIGHT_MEASURE__p25,-0.02605044,-0.03459437,0.006586826,-0.016120134,0.016704667,-0.020235723,0.0047961553,-0.02314401
ADMISSION__median,-0.0024266047,0.014274554,0.001395694,-0.02355093,-0.01075066,0.0032090074,0.013401553,-0.017352354
ALANINE-AMINOTRANSFERASE_MEASURE__median,0.033965893,-0.1107921,0.043827932,-0.010378319,-0.10417248,0.10557211,0.016842261,-0.011024564
ALBUMIN_SERUM_MEASURE__median,-0.05483859,-0.07189382,0.009959258,-0.00851647,0.013227086,-0.06340584,-0.020407582,-0.03905554
ANTIBIOTIC_IV_BITZUA__median,0.044825718,0.10056369,0.017752856,0.112893336,-0.03205771,0.003079925,0.03725729,0.046075962
ANTIBIOTIC_PO_BITZUA__median,-0.027458314,-0.020199988,0.025748363,-0.018937595,0.05942366,-0.0338119,0.0009798253,-0.032154974
ANTIDIABETIC_HIGH_HYPO_HOSPITAL_BITZUA__median,-0.020213855,0.011422821,-0.000688424,-0.027178226,4.4170072e-05,-0.01857662,0.0013021984,-0.021330416
ASPARATE-AMINOTRANSFERASE_MEASURE__median,-0.0032393613,-0.0045862463,-0.012457349,0.012587359,0.049030107,0.010099562,0.025824333,0.022335604
BASAL_DOSAGE__median,-0.026057394,0.05357843,0.023721695,-0.024471276,0.03980504,-0.07955828,-0.032715537,-0.06881801
BASAL_HOME_BITZUA__median,-0.0016973207,-0.020904656,-0.0030066103,-0.022635046,-0.009658796,-0.014667543,0.017766654,0.016878016
BASE_GLUCOSE_MEASURE__median,-0.009332582,0.0025119127,0.02522444,0.0054172915,0.0027246312,0.010900646,0.010649861,-0.021538846
BICARBONATE_MEASURE__median,-0.026711185,0.06463275,-0.012471478,0.015242286,-0.11896054,0.026985368,-0.023412146,0.016405342
BLOOD_CULTURE__median,-0.0012252525,-0.010812479,-0.019017648,-0.01438634,0.023374477,0.0078515485,-0.012046373,-0.022320345
BLOOD_PRESSURE_DIASTOLIC_MEASURE__median,-0.010189301,0.0023288704,0.033314463,0.10430288,-0.07415177,0.06538245,0.0765092,0.006880649
BLOOD_PRESSURE_SYSTOLIC_MEASURE__median,-0.023193508,0.016637728,0.014850373,-0.13011573,0.32718801,0.048585773,-0.009155792,-0.12805146
BMI_MEASURE__median,0.0014660453,-0.00773077,-0.023595883,0.014665651,0.009167763,-0.0070530344,0.002743976,-0.013338924
BODY_TEMPERATURE_MEASURE__median,0.011468347,0.030598558,0.010262305,-0.05993039,0.08284202,0.061509084,0.0182883,-0.08076911
BOLUS_DOSAGE__median,-0.08557549,0.06749158,0.025741946,0.07531403,0.00017145541,-0.05060782,0.008649108,0.054100007
CALCIUM-GLUCONATE_BITZUA__median,0.03407842,-0.035550527,0.07449905,0.03951175,0.01953877,0.086761534,0.026318586,0.09517064
CARDIO-VASCULAR_DISORDER_EVENT__median,-0.0057859924,-0.016045216,-0.021199381,-0.019488122,0.022046858,0.0224189,-0.014967564,0.023737112
CARDIOVASCULAR_DISORDER_OBS__median,-0.0038839038,-0.0073691756,-0.0255173,-0.012528589,0.019947274,-0.0002442269,-0.0062073916,0.011017501
CHEST_XRAY__median,-0.0147183025,-0.02296611,0.005504265,-0.01732482,-0.012064283,0.01658066,-0.02317892,0.021956552
CREATINE-KINASE_MEASURE__median,0.008155113,0.0028695778,0.0006996559,0.063058436,-0.10121286,-0.013866848,-0.034654748,0.026691861
CREATININE_SERUM_MEASURE__median,0.08612165,-0.024442444,0.003131994,-0.038712896,-0.14294533,0.1039788,0.02659892,0.01076578
DEXTROSE_BITZUA__median,-0.0318785,0.020663096,-0.020396916,-0.00011620766,0.06301055,-0.08921142,-0.012746889,-0.08612924
DIABETES_DIAGNOSIS__median,-0.024787271,0.021320097,0.022142425,0.010411272,0.02202624,-0.019358039,0.008995884,-0.006321478
DIALYSIS__median,0.005905557,-0.02421254,0.016502485,-0.0017573895,-0.01584726,-0.01363564,0.013739441,0.015201722
E-GFR_MEASURE__median,-0.008100442,-0.06510684,-0.006005099,-0.11316083,-0.08687929,-0.0080736065,0.0090777865,-0.06358246
EGFR_MEASURE__median,0.04332957,0.1036755,-0.027759705,-0.096916534,-0.063693,0.0042009484,0.0012253132,-0.056798454
GLUCOSE_MEASURE__median,0.059790246,0.1076829,0.017254386,0.018282766,-0.21913786,-0.11587583,0.054631103,0.038443163
HEART_RATE_MEASURE__median,0.030138273,0.08240842,0.056719545,0.0060998257,-0.016119039,0.003362979,0.029564003,-0.042285886
HEMATOCRIT_MEASURE__median,0.018785305,0.035293438,0.0055246567,0.054536898,0.1432147,0.01697567,0.00950443,0.06839401
HEMOGLOBIN_MEASURE__median,-0.025005795,0.0341935,-0.019148044,0.009703628,0.11919359,-0.010728903,-0.012890649,0.005395013
HEPARIN_IV_BITZUA__median,-0.0556737,0.009742938,0.0076474315,0.030768994,0.25398952,0.03844524,-0.01490667,-0.023865731
HYPERGLYCEMIA_EVENT__median,-0.003132461,-0.012365896,-0.0184765,0.011434841,-0.020016797,0.0058528194,0.025388276,0.014625185
HYPERTONIC_SALINE_BITZUA__median,0.007958533,-0.037152775,-0.0013521689,0.011790906,0.03937754,0.05743436,-0.013479259,-0.014182897
HYPOGLYCEMIA_EVENT__median,0.022288153,0.019372756,0.019963488,-0.0201737,-0.004054666,0.005742823,-0.005656883,-0.0030047155
INFECTION_EVENT__median,-0.001154369,0.019109203,-0.02500827,0.0010653499,-0.0063589117,-0.0066228816,0.0042623985,0.0064040767
INFECTION_WBC_MEASURE__median,-0.020720573,-0.060504198,0.062289793,-0.038648028,-0.13374047,0.004393086,0.01738476,-0.056151453
KETONES_SERUM_MEASURE__median,-0.018819325,0.024502061,0.00026310046,-0.014349904,0.013800819,0.022147676,-0.010967549,-0.000113987226
KETONES_URINE_MEASURE__median,-0.009017004,-0.013316883,-0.0027073696,0.053368703,-0.028601257,0.008062456,-0.01479378,0.006886466
KIDNEY_COMPLICATION_EVENT__median,0.014637119,-0.010849197,0.0010469354,-0.023909107,-0.01212341,0.021510229,0.012102213,0.008605682
KIDNEY_COMPLICATION_OBS__median,0.008966774,0.013829512,0.014551681,-0.015854148,-0.008469155,0.017338978,0.024749082,-0.002412036
MEAL_Breakfast__median,0.014815156,-0.021720473,-0.017759902,0.0037244319,-0.0031322045,0.0022321243,-0.0014648482,0.017821671
MEAL_Dinner__median,0.014447017,0.0059849694,0.021891475,0.012412114,0.013895467,0.00058556086,0.00023093211,-0.0032232187
MEAL_Lunch__median,-0.012865907,0.009168056,0.016316766,-0.009243557,-0.01367297,0.019499492,-0.004773968,0.0052168127
MEAL_Night-Snack__median,-0.009709928,-0.005344903,-0.0054996856,-0.00026102673,-0.0058456226,0.011867696,0.018963918,0.0043450897
METFORMIN_HOME_BITZUA__median,0.012520952,0.0016844907,0.057496928,-0.015892532,-0.017422281,-0.012010328,0.0466096,-0.009723415
METFORMIN_HOSPITAL_BITZUA__median,0.013264515,0.0744756,-0.092559695,0.07006425,-0.1652674,-0.009811786,-0.04714516,0.008522457
NEUTROPHILS_MEASURE__median,0.0032303473,0.0026702175,0.057024073,-0.003460007,0.039627414,0.003470894,0.038349334,0.050796475
PH_MEASURE__median,0.0068643065,-0.15773986,0.010081437,0.053034898,-0.23326713,0.05215102,0.060719732,0.14644602
PLT_MEASURE__median,0.020012323,0.21815263,0.05274619,0.10240321,0.1177584,0.015561516,0.028569708,0.093321785
POTASSIUM_MEASURE__median,0.08118198,0.010401529,0.0013602754,0.05577889,-0.063860185,0.028822515,0.021357294,0.048673272
SEVERE_HYPERGLYCEMIA_EVENT__median,-5.6760517e-05,-0.0040757544,0.011341166,-0.00064876594,-0.0065387837,-0.0025151682,-0.012471698,0.019767782
SEVERE_HYPOGLYCEMIA_EVENT__median,-0.0048431484,0.023385072,0.0063540456,-0.01559104,-0.022971328,0.007858968,-0.018926956,0.014140417
SGLT2_HOME_BITZUA__median,0.013245292,-0.051418774,-0.010695804,0.012780895,-0.0011840244,-0.018381242,-0.027670903,-0.019455338
SGLT2_HOSPITAL_BITZUA__median,0.04856212,0.0010673738,-0.039212797,0.0098394975,0.007583872,-0.08915787,-0.0002327559,-0.01249917
SODIUM_MEASURE__median,-0.022262556,-0.011254757,-0.028625246,0.04137615,0.0015064618,0.06929941,-0.016535152,0.08149046
STEROIDS_IV_BITZUA__median,0.00751334,0.06460449,0.00040472567,0.019036995,0.16381331,0.018376227,-0.0045768195,0.048524305
STEROIDS_PO_BITZUA__median,-0.036663935,-0.038951196,-0.09513697,-0.07255965,0.11673667,0.10947208,-0.113810316,-0.12868269
TROPONIN_MEASURE__median,-0.011965278,0.09878916,0.0036599552,0.08288544,-0.08273808,0.004999775,-0.015738629,0.049842525
UREA_MEASURE__median,0.011168711,0.019092573,0.0058342586,-0.020624064,0.025473103,-0.002494414,-0.006076576,0.024175901
URINE_CULTURE__median,-0.007052913,-0.010429297,0.008079616,0.0007693857,0.022385448,-0.014026184,0.013258426,-0.0050313687
WEIGHT_MEASURE__median,-0.031571824,0.00043134543,0.028726345,-0.056244735,-0.024458349,-0.009278988,0.07829686,-0.053399526
ADMISSION__p75,0.014736685,-0.01598408,0.017486654,-0.016761597,0.017339189,-0.012113056,0.0056858957,0.017214874
ALANINE-AMINOTRANSFERASE_MEASURE__p75,-0.03635561,-0.01692086,0.01693481,0.015194722,0.06648598,0.03829614,0.028387826,0.0058568195
ALBUMIN_SERUM_MEASURE__p75,0.0022192695,-0.013748993,0.038710203,-0.057661943,-0.052522756,-0.023724757,0.0015344087,-0.061372112
ANTIBIOTIC_IV_BITZUA__p75,-0.050013836,-0.10240131,0.017535837,-0.04608909,0.10961931,0.032048825,0.032498997,-0.017042657
ANTIBIOTIC_PO_BITZUA__p75,0.011256529,0.05251722,0.031696104,-0.029618246,-0.0047597233,0.019424709,0.08615095,-0.026878914
ANTIDIABETIC_HIGH_HYPO_HOSPITAL_BITZUA__p75,-0.034846477,-0.004704336,0.007342613,-0.03825751,-0.037659753,-0.008172472,0.0030676622,-0.023407495
ASPARATE-AMINOTRANSFERASE_MEASURE__p75,-0.03402573,-0.026606936,0.0325043,0.01733234,0.14828748,-0.022523595,-0.011260957,0.03486443
BASAL_DOSAGE__p75,-0.01375333,-0.002331539,-0.024926795,0.07426771,0.021783605,0.06266249,-0.018872151,0.042051617
BASAL_HOME_BITZUA__p75,0.018522967,0.0069181514,0.010291705,-0.006007122,-0.0033501538,0.010496342,-0.01351815,-0.023452902
BASE_GLUCOSE_MEASURE__p75,0.006720853,0.018415233,0.023984423,0.015073658,7.214499e-05,-0.014510766,0.010429254,-0.02278154
BICARBONATE_MEASURE__p75,0.015993128,0.0138056455,0.029294966,0.039882306,-0.15257318,-0.013144127,0.0137096755,0.044486146
BLOOD_CULTURE__p75,-0.01594159,-0.013408362,-0.017541219,-0.012874808,0.00091254484,0.00020636209,-0.014786027,-0.013367078
BLOOD_PRESSURE_DIASTOLIC_MEASURE__p75,-0.010626273,0.017998802,-0.0053096474,0.0036379101,0.023767944,-0.022518447,-0.030060925,-0.0034601323
BLOOD_PRESSURE_SYSTOLIC_MEASURE__p75,0.0042556142,-0.04238009,0.013753309,0.0739259,-0.053196963,-0.010521313,0.030181313,0.09448447
BMI_MEASURE__p75,0.010802734,-0.013395463,0.006200831,0.008662154,-0.008828288,-0.0050185267,-0.013136097,0.0020858883
BODY_TEMPERATURE_MEASURE__p75,-0.06446928,0.098927416,-0.020934884,0.10625223,0.35267293,0.02289216,0.024400853,0.07285835
BOLUS_DOSAGE__p75,0.095315486,-0.034759447,0.0010952346,0.12075352,0.08284233,0.015498341,0.030145578,0.14172961
CALCIUM-GLUCONATE_BITZUA__p75,0.02935369,-0.006637295,-0.042166602,-0.029413208,-0.003870301,0.049801283,-0.041453317,0.0034996476
CARDIO-VASCULAR_DISORDER_EVENT__p75,0.012979536,-0.009423756,-0.01953907,-0.021742223,-0.009590047,0.014587662,0.0058479533,0.01579524
CARDIOVASCULAR_DISORDER_OBS__p75,0.001568607,0.018265802,0.009713952,0.0111955395,0.002630975,-0.010013039,0.0056913598,-0.00607161
CHEST_XRAY__p75,-0.0052450793,0.015639225,0.00041393633,0.022727404,-0.016479813,-0.02168378,-0.0060422188,0.022708965
CREATINE-KINASE_MEASURE__p75,-0.038575716,0.06252639,0.058424342,-0.056037996,0.004247252,0.005067362,0.022107486,-0.060507536
CREATININE_SERUM_MEASURE__p75,0.05843081,-0.024896516,-0.0014318535,0.011391654,-0.03776511,0.070013836,0.0428302,0.031239988
DEXTROSE_BITZUA__p75,-0.002158698,-0.00017379968,0.015793268,0.03849226,0.024019742,0.005309847,-0.01130609,0.08002349
DIABETES_DIAGNOSIS__p75,0.024001494,-0.0013048446,0.012776129,0.0063060275,0.002073416,-0.016440995,-0.010211489,-0.007304202
DIALYSIS__p75,0.013915476,-0.016683368,0.0008212451,-0.019793563,-0.0108289765,-0.015756711,0.005116039,0.020636067
E-GFR_MEASURE__p75,0.010715431,-0.055842753,0.003604745,-0.039312977,0.1375815,-0.017169926,0.009340067,-0.06432188
EGFR_MEASURE__p75,0.052453436,0.03808421,0.016346999,-0.010704664,-0.09330149,-0.015065783,-0.0028536273,-0.033776637
GLUCOSE_MEASURE__p75,-0.051400345,-0.07754952,0.025438435,0.21284941,-0.015692057,0.05145615,0.060659938,0.19701402
HEART_RATE_MEASURE__p75,0.0006554728,0.035989832,-0.06380929,-0.06233454,0.034764394,-0.0100499345,-0.06974692,-0.028248241
HEMATOCRIT_MEASURE__p75,-0.0059877736,0.04245601,0.015750619,0.020137815,-0.18672442,4.067846e-05,0.023602495,-0.015716039
HEMOGLOBIN_MEASURE__p75,-0.06309763,-0.012023399,0.027761297,-0.076250695,0.13498217,0.00054267165,0.014530655,-0.08039662
HEPARIN_IV_BITZUA__p75,-0.0020449704,0.010642735,-0.02198607,-0.032987293,0.09939503,0.026073765,-0.041168317,-0.014752509
HYPERGLYCEMIA_EVENT__p75,0.012818478,0.002983498,-0.008097874,0.014751009,0.002575635,0.008543281,0.012439969,-0.010244632
HYPERTONIC_SALINE_BITZUA__p75,0.045269106,-0.02096604,0.004526268,0.015310468,0.14301938,-0.077283256,0.05801152,0.08840715
HYPOGLYCEMIA_EVENT__p75,0.0010841488,0.022273624,0.015654076,0.018086044,-0.02085458,0.016453998,0.024850203,0.01630941
INFECTION_EVENT__p75,-0.0036550881,-0.005365869,0.011202496,0.010485051,0.0037585115,0.014176177,0.018164672,0.0002627535
INFECTION_WBC_MEASURE__p75,0.04562129,-0.03191758,-0.04122462,0.12486831,-0.1225666,-0.05023639,-0.051368643,0.009553171
KETONES_SERUM_MEASURE__p75,0.023009352,-0.005804899,0.0039633373,-0.017105455,-0.020152476,0.0064015845,-0.007854748,-0.01932111
KETONES_URINE_MEASURE__p75,-0.024764111,-0.017180795,-0.030092923,0.022743227,-0.037570212,-0.02837987,-0.0064803073,0.007269978
KIDNEY_COMPLICATION_EVENT__p75,0.0033385155,0.022190396,-0.004618643,-0.0015159339,0.024216564,0.016698418,0.0020102311,0.010621091
KIDNEY_COMPLICATION_OBS__p75,-0.005530439,-0.010869159,-0.005790701,-0.012119377,0.0068965824,0.017448535,0.015102047,-0.006777087
MEAL_Breakfast__p75,0.013091558,0.012390794,0.016014257,-0.015232924,0.023090389,-0.011671151,-0.015210864,0.025502149
MEAL_Dinner__p75,0.0052385484,0.019569954,0.023000872,-0.0034357735,-0.004400227,-0.00088946597,-0.007104401,0.010026541
MEAL_Lunch__p75,-0.0073010554,-0.00095184316,0.02493912,-0.014444192,0.008786316,-0.023839876,0.020294128,-0.0125065185
MEAL_Night-Snack__p75,-0.004414511,0.0026276456,0.017310811,0.017162222,0.0037191533,-0.005283454,-0.0054895687,0.018673537
METFORMIN_HOME_BITZUA__p75,-0.024336407,-0.034559045,0.0009336228,-0.0076239216,-0.060967114,-0.006369395,-0.007563812,0.019491745
METFORMIN_HOSPITAL_BITZUA__p75,0.011215449,0.09552238,-0.107700676,-0.012840951,0.11067801,0.061733525,-0.06435993,-0.0062515936
NEUTROPHILS_MEASURE__p75,0.028717007,-0.006738936,-0.035314072,0.05068595,0.008506863,-0.05771124,-0.014895223,0.11113277
PH_MEASURE__p75,0.0624376,-0.039643254,-0.009518569,-0.31649646,0.22076099,-0.026694536,0.017238518,-0.2399986
PLT_MEASURE__p75,-0.00045518685,0.15103464,0.044805095,0.014959077,-0.0394975,0.0419331,-0.016230471,0.05918973
POTASSIUM_MEASURE__p75,-0.033890717,0.034015354,0.023392076,-0.047663745,-0.018982152,-0.024774844,0.016352365,-0.086004324
SEVERE_HYPERGLYCEMIA_EVENT__p75,-0.0015444682,0.0053329384,-0.018306559,0.024322385,-0.024327172,-0.011685057,0.000100177436,-0.016143981
SEVERE_HYPOGLYCEMIA_EVENT__p75,0.010743423,0.010946996,0.0069636675,-0.012098129,0.014803729,-0.024343356,0.010595151,-0.016706275
SGLT2_HOME_BITZUA__p75,-0.012651769,-0.014422364,-0.008943442,0.007862931,0.016414452,0.00078926666,0.009245736,0.00687841
SGLT2_HOSPITAL_BITZUA__p75,0.03244266,0.07078122,-0.002485473,-0.050631836,-0.0025968358,0.07763329,-0.062426895,-0.032908663
SODIUM_MEASURE__p75,-0.031136418,0.01071075,0.012022094,0.07810326,0.07950043,-0.049981114,0.02881209,0.0021039953
STEROIDS_IV_BITZUA__p75,-0.03885357,0.04220804,0.098832436,0.046747684,0.050767615,-0.07755317,0.06838093,0.09111308
STEROIDS_PO_BITZUA__p75,0.018222373,-0.03646925,-0.025773715,-0.023696795,0.034107298,0.022274667,0.020492658,-0.07966464
TROPONIN_MEASURE__p75,0.0037758867,-0.03412386,-0.0021769316,0.02972559,-0.10244344,-0.020925464,0.0044061067,-0.033509843
UREA_MEASURE__p75,0.020559696,0.017633382,-0.012684494,0.020987485,-0.097835064,-0.0074323397,0.008437239,0.029094137
URINE_CULTURE__p75,0.023129212,0.01885662,0.007983724,0.0031111906,-0.012437801,0.006054184,0.008680035,0.01324602
WEIGHT_MEASURE__p75,0.05839032,-0.03131621,-0.00596352,-0.004389158,-0.019196324,-0.021209467,0.013103364,-0.00450258
ADMISSION__slope,-0.006185546,-0.0039140633,-0.01452323,0.011797704,-0.022203611,0.023120828,-0.0022739628,0.02502524
ALANINE-AMINOTRANSFERASE_MEASURE__slope,-0.005718791,-0.06468039,-0.030726662,0.025418535,-0.13734825,-0.036342245,-0.008526412,0.031175755
ALBUMIN_SERUM_MEASURE__slope,0.00045154107,-0.00932635,0.009791029,0.012562318,0.018471763,0.01684213,0.015020449,0.011369543
ANTIBIOTIC_IV_BITZUA__slope,0.025108585,-0.017993612,0.01671575,0.046266083,-0.01819269,0.01135438,0.017161442,-0.018147968
ANTIBIOTIC_PO_BITZUA__slope,-0.002056743,-0.005577145,0.01011302,-0.015639741,-0.01131096,-0.01138883,0.037280142,-0.015877614
ANTIDIABETIC_HIGH_HYPO_HOSPITAL_BITZUA__slope,0.023117708,-0.019047704,-0.0139691355,-0.010325354,0.040068552,-0.06999434,-0.0005689175,0.062530786
ASPARATE-AMINOTRANSFERASE_MEASURE__slope,-0.0025512364,0.0117356945,0.030860439,-0.054544024,0.21829449,0.092234015,0.041514006,-0.04975606
BASAL_DOSAGE__slope,-0.0009377897,0.016976023,0.0014587694,-0.0042434814,0.020210464,0.011046814,-0.0049956483,-0.0024444961
BASAL_HOME_BITZUA__slope,0.063414164,0.017473185,0.050508354,0.048773557,0.014323491,0.0025183824,0.054180026,0.051115055
BASE_GLUCOSE_MEASURE__slope,0.00987359,-0.035773713,0.027316568,-0.020671293,-0.030094838,0.009331917,0.014225319,-0.020921627
BICARBONATE_MEASURE__slope,-0.062271662,0.010001137,-0.0007505651,-0.0013024592,0.0006540355,0.0028737849,-0.019009244,-4.2627318e-05
BLOOD_CULTURE__slope,-0.009323434,-0.01366542,0.018090082,0.021674093,-0.0038220016,-0.022447214,0.023233946,0.0015632705
BLOOD_PRESSURE_DIASTOLIC_MEASURE__slope,-0.0063617867,-0.011813793,-0.001574273,-0.026517833,0.10095215,-0.061173692,-0.01596949,-0.0037697828
BLOOD_PRESSURE_SYSTOLIC_MEASURE__slope,0.009062482,0.008224319,0.0014510773,0.029197546,-0.03557758,0.01100539,0.017658718,0.023714472
BMI_MEASURE__slope,-0.002321688,-0.01980245,-0.0037554326,-0.016663225,-0.016629698,0.008576148,0.0013823075,-0.01202367
BODY_TEMPERATURE_MEASURE__slope,-0.00024777403,-0.1833735,-0.037712887,-0.02311779,-0.041933782,-0.17099509,-0.018044248,-0.025824027
BOLUS_DOSAGE__slope,-0.0016590081,-0.00084325235,0.06794707,0.13939346,0.0012229488,0.038109947,0.0006939378,0.1781773
CALCIUM-GLUCONATE_BITZUA__slope,0.015476338,-0.015500107,-0.00067057915,0.099357486,0.06437978,-0.096825145,-0.0012187618,0.11474247
CARDIO-VASCULAR_DISORDER_EVENT__slope,-0.005493451,0.0154571375,0.006264635,0.020147938,0.012444567,-0.010475735,0.01489741,-0.019219385
CARDIOVASCULAR_DISORDER_OBS__slope,0.024073849,-0.012868906,-0.0033672242,-0.016440237,-0.008270803,0.0008204003,-0.010269265,-0.008953903
CHEST_XRAY__slope,-0.010039828,-0.013106125,0.007154988,-0.011389888,0.02535341,0.0060738,0.009744676,-0.006852067
CREATINE-KINASE_MEASURE__slope,-0.001191148,-0.006151209,-0.0033193596,0.00984483,0.18636727,0.12691347,-0.013736122,0.0071075037
CREATININE_SERUM_MEASURE__slope,0.0067375274,-0.059066992,0.006418729,0.0365874,0.0015305324,-0.003946249,0.013172912,0.025694493
DEXTROSE_BITZUA__slope,-0.0010885451,0.0059120627,-0.012801193,0.0026458083,0.0006065617,-0.026335863,-0.011326265,0.010841903
DIABETES_DIAGNOSIS__slope,0.008412227,0.0036442382,-0.02518231,0.016886376,-0.0021517964,-0.023254687,-0.024917489,-0.022972196
DIALYSIS__slope,0.007288443,0.0122082615,0.011612004,-0.023714,0.013828094,0.003566314,0.010889026,-0.02161953
E-GFR_MEASURE__slope,0.014481504,0.032082822,-0.0055148224,-0.13642699,0.0137581555,0.006998419,-0.0019461878,-0.20170228
EGFR_MEASURE__slope,0.0063033756,0.031878974,-0.0053887945,0.03372042,0.009370488,-0.07224203,-0.008616764,0.03522514
GLUCOSE_MEASURE__slope,-0.01915431,-0.016328685,0.014688479,0.013417894,-0.008185858,-0.03223942,0.019722873,0.005530498
HEART_RATE_MEASURE__slope,-0.005133546,-0.060933843,-0.0015618317,-0.004722474,-0.035575148,0.0028442678,-0.004854162,-0.030633535
HEMATOCRIT_MEASURE__slope,-0.0049372097,0.040875636,-0.036117654,-0.00024468653,0.003070715,0.008842727,-0.08361173,-0.0013365011
HEMOGLOBIN_MEASURE__slope,-0.0042770673,-0.028751198,0.009972362,0.011171389,0.018089825,0.0056430823,0.021349372,0.010719283
HEPARIN_IV_BITZUA__slope,-0.0013215452,-0.005103542,0.011171068,-0.00083484314,0.0076265745,0.009986669,-0.0029817962,-0.012966602
HYPERGLYCEMIA_EVENT__slope,-0.007644753,0.013899654,0.02064542,0.008293698,-0.004175502,0.008016277,0.017121907,0.008976319
HYPERTONIC_SALINE_BITZUA__slope,-0.015659103,-0.011872192,-0.011210825,0.07602828,-0.02781951,-0.0081322035,0.001854175,0.08557614
HYPOGLYCEMIA_EVENT__slope,-0.014688555,-0.018638331,0.014494946,-0.017543633,0.0023735333,-0.024087464,-0.011399822,0.0023430896
INFECTION_EVENT__slope,0.02071459,0.004919485,0.006712438,0.0098289205,-0.022007843,-0.024752147,0.0087652365,-0.018859558
INFECTION_WBC_MEASURE__slope,0.010479566,-0.026824187,-0.029791888,0.01662347,0.019826887,-0.0811742,-0.016296398,-0.10457496
KETONES_SERUM_MEASURE__slope,0.0061049317,-0.07004114,-0.019247146,0.008469239,-0.088491835,-0.0073426645,-0.049871583,0.017379783
KETONES_URINE_MEASURE__slope,0.0015463796,0.04353798,0.029230481,0.010501137,0.08241715,0.019394048,0.04042765,0.0019138649
KIDNEY_COMPLICATION_EVENT__slope,0.0053814235,0.017944764,0.019383747,0.018919203,-0.014008558,-0.013528086,0.018978186,-0.008990927
KIDNEY_COMPLICATION_OBS__slope,0.012537264,-0.024830597,-0.022622455,-0.010069269,-0.017496778,-0.01785222,-0.003423699,0.005115037
MEAL_Breakfast__slope,0.021615174,6.1001745e-05,0.0241272,-0.006781547,0.017329369,-0.01437929,-0.0056895297,-0.0026699363
MEAL_Dinner__slope,-0.023633284,0.010185162,-0.014343882,-0.008821086,-0.010066089,-0.022933181,-0.013524233,-0.024640122
MEAL_Lunch__slope,0.011516053,0.006320531,0.017211942,0.0032647029,-0.011213322,-0.011302375,-0.0038563835,0.019893162
MEAL_Night-Snack__slope,-0.020197382,0.0088360505,0.0013192113,0.003916422,0.017153164,-0.018905584,-0.0032101744,-0.0012460065
METFORMIN_HOME_BITZUA__slope,0.0016382805,0.0008094081,-0.0027370728,-0.0783323,-0.019383853,-0.046399843,0.02883658,-0.10642856
METFORMIN_HOSPITAL_BITZUA__slope,-0.004483669,-0.00509168,0.0045831352,0.0049818098,-0.012901197,-0.01310039,0.012072107,-0.00082108227
NEUTROPHILS_MEASURE__slope,-0.009802538,0.039281547,0.032713246,0.012249356,-0.013391367,0.0792008,0.02342703,0.10503527
PH_MEASURE__slope,0.005503408,-0.046174288,-0.016797353,0.0053654155,0.020365251,0.007685206,-0.012990396,0.0042459974
PLT_MEASURE__slope,-0.009911219,0.017145185,0.008021985,-0.026421035,-0.019494794,0.018252043,0.0023394993,0.05110727
POTASSIUM_MEASURE__slope,0.013532776,-0.017849898,-0.016477613,-0.003765348,0.04641701,0.015590639,-0.021266308,0.005774612
SEVERE_HYPERGLYCEMIA_EVENT__slope,-0.014619925,-0.01837131,-0.0070627,0.012716238,-0.002300631,-0.012866574,-0.013281238,-0.024475139
SEVERE_HYPOGLYCEMIA_EVENT__slope,-0.011836718,-0.007768251,-0.0091589345,0.011789343,-0.0073014065,-0.02052356,-0.024893837,-0.020712243
SGLT2_HOME_BITZUA__slope,0.0054295,-0.023621172,-0.014339013,-0.038961098,-0.010688776,-0.03209494,0.0007045598,0.0074663977
SGLT2_HOSPITAL_BITZUA__slope,0.0017199748,0.0124434605,0.0030703438,0.007604719,-0.0048160097,0.0054670316,-0.004058107,0.0064553875
SODIUM_MEASURE__slope,0.020827256,-0.04380964,-0.01220455,-0.0010625586,0.035303723,-0.056686066,-0.018864315,0.0028612413
STEROIDS_IV_BITZUA__slope,0.0009724133,-0.026632559,-0.0043755956,0.08340516,-0.0047588674,-0.012555579,0.005584181,-0.0068525495
STEROIDS_PO_BITZUA__slope,0.002753714,0.007450172,-0.00035071018,0.017954815,0.021261686,0.016732745,-0.0015209609,0.018584736
TROPONIN_MEASURE__slope,0.008798196,-0.042910736,-0.036226783,-0.07765379,0.048250686,-0.00263998,-0.021654531,0.0011943555
UREA_MEASURE__slope,-0.0012419225,0.26211995,0.013152438,0.024232406,0.09040981,0.21487498,0.019290078,0.015969716
URINE_CULTURE__slope,0.0074814283,0.014514136,0.017212445,-0.018702475,0.013823625,0.0011425195,0.008907356,-0.023953294
WEIGHT_MEASURE__slope,0.0004326054,-0.012421161,-0.0061069317,-0.019337714,0.0009849084,-0.022669096,-0.014469077,-0.0191565
ADMISSION__span_hours,-0.013121173,0.015595873,0.011388631,-0.009325963,-0.0043553067,-0.006742852,0.016770698,0.016367773
ALANINE-AMINOTRANSFERASE_MEASURE__span_hours,-0.019741176,-0.05013323,0.017969294,0.07309461,-0.047444277,-0.05662576,-0.020447535,0.088278815
ALBUMIN_SERUM_MEASURE__span_hours,0.06252329,0.07329011,-0.056700084,0.047590792,-0.039149597,0.020447401,-0.08310728,0.09209013
ANTIBIOTIC_IV_BITZUA__span_hours,0.018857526,-0.03599567,-0.035547625,-0.013942176,0.12525122,-0.123639196,-0.030861385,0.010048455
ANTIBIOTIC_PO_BITZUA__span_hours,-0.0230627,0.063929565,-0.04760449,-0.1028005,-0.101729795,-0.026035538,0.033009786,-0.027604997
ANTIDIABETIC_HIGH_HYPO_HOSPITAL_BITZUA__span_hours,0.059526715,-0.13906321,-0.032356557,-0.030292673,0.028287293,-0.11925656,-0.025299039,-0.027158137
ASPARATE-AMINOTRANSFERASE_MEASURE__span_hours,-0.038469337,0.0005373849,0.027077507,0.04440168,0.05729223,-0.03921327,0.073501006,0.06490476
BASAL_DOSAGE__span_hours,0.14020477,-0.050706595,-0.016715672,0.16274525,0.024439586,0.101010114,-0.026833637,0.16456135
BASAL_HOME_BITZUA__span_hours,-0.016566753,0.06061161,0.08579412,0.03230097,0.0410814,0.025561748,0.07950949,0.043522667
BASE_GLUCOSE_MEASURE__span_hours,-0.044826627,0.06813492,-0.005209137,-0.01511653,0.07062134,0.011216469,-0.024314582,-0.001613452
BICARBONATE_MEASURE__span_hours,0.08114224,0.04162592,-0.023919072,0.075898185,0.08789702,-0.029165925,-0.051243886,0.15691334
BLOOD_CULTURE__span_hours,0.07171125,-0.052300517,-0.008298521,-0.01729055,-0.22226515,-0.03502371,0.0054586194,-0.045675207
BLOOD_PRESSURE_DIASTOLIC_MEASURE__span_hours,0.025213895,-0.031223252,-0.004564317,-0.064511694,0.004466586,-0.020425048,-0.039989695,-0.073079415
BLOOD_PRESSURE_SYSTOLIC_MEASURE__span_hours,0.05798902,-0.025140245,-0.0046621966,-0.09408398,0.036995683,-0.026362715,-0.03272286,-0.057275176
BMI_MEASURE__span_hours,0.07614179,0.040431567,0.010843005,-0.01265966,-0.040364217,0.004943272,0.014114658,0.08743018
BODY_TEMPERATURE_MEASURE__span_hours,0.0695714,0.0017886135,-0.021820392,0.10063845,0.09431361,0.018016519,-0.08474061,0.093972825
BOLUS_DOSAGE__span_hours,-0.058325466,0.020957198,0.015581305,0.014814749,0.12422346,0.051970664,0.02826257,0.0338373
CALCIUM-GLUCONATE_BITZUA__span_hours,-0.03459516,-0.029732333,0.005484349,0.071130335,-0.10674941,-0.031126792,-0.012051888,0.09174565
CARDIO-VASCULAR_DISORDER_EVENT__span_hours,-0.013823987,0.032072227,-8.24707e-06,-0.034640677,0.22335464,-0.01709675,0.018052904,-0.08982765
CARDIOVASCULAR_DISORDER_OBS__span_hours,-0.087967664,-0.046330504,-0.0027308292,0.0112116095,-0.15871419,-0.007450134,-0.006358669,-0.08051592
CHEST_XRAY__span_hours,-0.04866593,-0.023700071,0.021300608,-0.02814953,-0.020628627,-0.0074914815,0.0074091074,0.010424172
CREATINE-KINASE_MEASURE__span_hours,-0.06921551,0.012685455,0.02542422,-0.0015460696,-0.10019094,0.05411474,0.016863972,-0.007398423
CREATININE_SERUM_MEASURE__span_hours,0.0027412295,-0.043759305,-0.018637817,-0.015348539,0.018823091,0.01421747,0.0011463256,-0.025280796
DEXTROSE_BITZUA__span_hours,-0.0039471784,-0.0010605227,-0.005458635,-0.045856986,-0.1871863,-0.041725643,-0.021286752,-0.011964274
DIABETES_DIAGNOSIS__span_hours,0.005937006,-0.07961082,0.00024027207,-0.024804173,-0.09531164,-0.011455906,-0.003444428,-0.029895477
DIALYSIS__span_hours,-0.027203957,0.055624794,-0.0049398867,0.092331275,-0.0091570355,-0.10120302,0.0022024014,0.05033035
E-GFR_MEASURE__span_hours,-0.02339024,-0.08582417,0.033660866,-0.0027602883,-0.20363092,0.07978178,0.03467573,-0.02085927
EGFR_MEASURE__span_hours,0.015049979,-0.035278894,-0.01167003,-0.025051301,-0.08337861,-0.01669415,-0.037105527,-0.10737482
GLUCOSE_MEASURE__span_hours,-0.061350655,0.0079303775,0.28679356,0.041549344,-0.06927505,-0.004572577,0.26566526,-0.006000631
HEART_RATE_MEASURE__span_hours,-0.15291424,-0.09060974,-0.0039518136,-0.012820133,-0.07784321,-0.082550995,0.04487684,-0.0011898379
HEMATOCRIT_MEASURE__span_hours,0.026711889,0.027220199,0.0014750811,-0.0028154317,0.13721944,-0.023434283,0.040021427,-0.013053698
HEMOGLOBIN_MEASURE__span_hours,0.028552145,0.009717137,-0.013293047,0.033260062,0.09267214,0.005886704,0.035779502,-0.00078320986
HEPARIN_IV_BITZUA__span_hours,-0.020794552,-0.0158927,0.0035669433,-0.04627622,-0.0067337113,-0.017314324,0.0032085723,-0.10292819
HYPERGLYCEMIA_EVENT__span_hours,-0.05947023,0.018131718,0.023532368,0.08726552,-0.06336189,-0.060724366,0.067207344,0.08705472
HYPERTONIC_SALINE_BITZUA__span_hours,-0.01377132,0.14679459,0.0041733067,0.023723455,-0.08114516,0.14908451,-0.012986657,-0.060335044
HYPOGLYCEMIA_EVENT__span_hours,-0.009017428,0.058526028,0.027182585,-0.04624803,0.033310495,0.051188927,0.022256413,-0.0060314774
INFECTION_EVENT__span_hours,-0.028575884,-0.021414744,0.024275292,0.15073858,-0.14833646,-0.012856666,-0.021983214,0.14823267
INFECTION_WBC_MEASURE__span_hours,0.0155150145,0.055171296,0.022423808,-0.041281905,0.03343079,0.024452172,-0.02476048,-0.016129933
KETONES_SERUM_MEASURE__span_hours,0.015921837,0.010461656,0.00030539982,-0.030364448,0.07240392,0.084448665,0.025043033,-0.042584043
KETONES_URINE_MEASURE__span_hours,0.00745646,-0.056833573,0.010461883,0.092277296,-0.26379415,-0.072790675,-0.018804578,0.025672512
KIDNEY_COMPLICATION_EVENT__span_hours,-0.048508253,0.033440202,-0.027580105,0.019285448,-0.1224842,-0.023805015,-0.0021337233,-0.007498338
KIDNEY_COMPLICATION_OBS__span_hours,0.05637223,0.0068990784,-0.04044663,-0.10142111,-0.10512681,-0.19871463,-0.052025508,-0.08635384
MEAL_Breakfast__span_hours,-0.00737945,0.014668041,-0.05771552,-0.10128754,-0.110293716,-0.038289018,-0.060993932,-0.10830887
MEAL_Dinner__span_hours,-0.0040306705,-0.0054829745,-0.089131385,-0.097200185,-0.10011466,-0.038951326,-0.10428204,-0.08393012
MEAL_Lunch__span_hours,-0.014540674,0.012903002,-0.04626657,-0.10937134,-0.10270322,-0.049391255,-0.088190466,-0.08129
MEAL_Night-Snack__span_hours,-0.004245047,0.01467565,-0.06969775,-0.09601982,-0.11297821,-0.018839248,-0.072993934,-0.09015066
METFORMIN_HOME_BITZUA__span_hours,0.007441276,-0.088513665,0.012957552,-0.09596615,0.09843093,-0.047228254,0.01254859,-0.008843918
METFORMIN_HOSPITAL_BITZUA__span_hours,-0.0071662716,-0.02324328,-0.03339028,0.08069114,-0.0047871196,-0.0031045885,0.004571687,0.056770965
NEUTROPHILS_MEASURE__span_hours,0.029378925,0.063581094,0.002412674,-0.06039343,0.06802506,0.031150533,0.016487485,-0.03308237
PH_MEASURE__span_hours,-0.11914177,-0.0049626497,0.057748616,-0.044566456,-0.009116908,0.034444585,0.070782505,-0.06594477
PLT_MEASURE__span_hours,0.09449565,-0.018735092,-0.016103873,0.021556795,0.012903075,0.0096985055,0.005790796,0.010500088
POTASSIUM_MEASURE__span_hours,0.011111642,-0.05158519,-0.0005684603,0.061605245,0.07666941,0.0488151,-0.020791808,-0.00010389246
SEVERE_HYPERGLYCEMIA_EVENT__span_hours,0.103355914,-0.02960264,-0.06859563,-0.13518806,-0.061399776,-0.046526063,-0.010616846,-0.18221919
SEVERE_HYPOGLYCEMIA_EVENT__span_hours,-0.013430146,-0.05494895,-0.011538386,0.045424383,0.07606321,-0.04812795,-0.031402115,0.048200276
SGLT2_HOME_BITZUA__span_hours,0.0011778777,0.020577615,-0.0070804376,0.026445013,0.011953567,-0.040323827,-0.002394541,-0.021581102
SGLT2_HOSPITAL_BITZUA__span_hours,-0.07578123,-0.001811065,-0.010604527,-0.040024478,0.031567723,0.12476142,0.0021616048,-0.047102652
SODIUM_MEASURE__span_hours,-0.035913818,-0.033050504,-0.018943857,0.0035403061,0.07965333,-0.003656592,0.0023129417,-0.032808427
STEROIDS_IV_BITZUA__span_hours,-0.03199885,0.06552003,-0.03364599,0.079576425,-0.12277003,0.06619582,-0.018748112,0.11955939
STEROIDS_PO_BITZUA__span_hours,-0.035745867,-0.085516594,-0.019534446,0.10403904,0.040644944,0.031208988,-0.0045697805,0.08718458
TROPONIN_MEASURE__span_hours,0.0071495385,0.030055815,0.04026093,0.031908687,-0.094385594,0.0148864,0.0562015,0.04963921
UREA_MEASURE__span_hours,-0.019091714,0.0021009091,-0.0039353645,-0.017992426,0.05525772,-0.015655063,0.012099781,-0.036239684
URINE_CULTURE__span_hours,-0.006353318,0.013254877,0.027564181,0.01441687,-0.04285767,-0.025896123,0.013799913,0.026450124
WEIGHT_MEASURE__span_hours,-0.11503473,-0.054139197,0.015879452,0.067830965,-0.043164182,0.018734148,0.027178235,0.009295513
ADMISSION__rate_per_day,-0.0094018355,0.015198076,-0.0023019384,0.012983762,-0.0031637356,0.0049964148,0.012008795,-0.0036728522
ALANINE-AMINOTRANSFERASE_MEASURE__rate_per_day,0.029241081,-0.0690793,-0.047987334,-0.06854001,0.10616827,-0.0076356498,-0.030240871,-0.0023195243
ALBUMIN_SERUM_MEASURE__rate_per_day,0.009548413,0.023539273,-0.034312602,-0.043879293,-0.025181774,0.062634714,-0.04028992,-0.08739232
ANTIBIOTIC_IV_BITZUA__rate_per_day,-0.018507566,-0.078396894,-0.062392283,0.030456938,0.070771,0.015037319,-0.052590434,-0.02279291
ANTIBIOTIC_PO_BITZUA__rate_per_day,-0.060272653,0.0201508,-0.019859063,-0.031233216,-0.005913927,0.0035839463,-0.025575886,0.003593006
ANTIDIABETIC_HIGH_HYPO_HOSPITAL_BITZUA__rate_per_day,0.038488746,0.01808764,-0.012108331,-0.04034426,-0.10292257,-0.033233646,-0.010864375,-0.046597354
ASPARATE-AMINOTRANSFERASE_MEASURE__rate_per_day,-0.014513967,0.04205778,-0.0075183483,0.15682822,-0.070768885,-0.0034626017,-0.0153018255,0.09700411
BASAL_DOSAGE__rate_per_day,-0.019706955,-0.039236452,-0.023417395,0.03405328,-0.026320115,-0.0038411547,-0.0027685587,0.029130446
BASAL_HOME_BITZUA__rate_per_day,-0.04028781,0.001982827,0.0037859255,-0.0030168607,0.022717163,0.0151353665,0.014166636,0.025311984
BASE_GLUCOSE_MEASURE__rate_per_day,-0.035637822,-0.055749178,0.0021708687,-0.06729848,0.02294802,2.9551367e-05,-0.0047607063,-0.116392694
BICARBONATE_MEASURE__rate_per_day,-0.085318804,-0.029043756,0.057838365,-0.07492129,0.21389715,-0.012035916,0.02187026,-0.16033198
BLOOD_CULTURE__rate_per_day,0.05818501,-0.051387284,0.0012211103,-0.048235532,0.0563294,-0.008848408,0.0030924627,-0.07341027
BLOOD_PRESSURE_DIASTOLIC_MEASURE__rate_per_day,-0.07239417,0.028598992,0.019565037,0.0031360665,0.042108495,0.017724877,0.04155331,-0.018729327
BLOOD_PRESSURE_SYSTOLIC_MEASURE__rate_per_day,0.07665678,-0.021813016,-0.015581119,-0.01319486,-0.049095172,0.0155052645,-0.026729094,-0.015894799
BMI_MEASURE__rate_per_day,-0.050572462,-0.09840674,-0.0019282993,-0.015467337,0.08520907,-0.044273246,-0.0283131,-0.03935153
BODY_TEMPERATURE_MEASURE__rate_per_day,0.03557608,0.02289353,-0.029832814,-0.071788155,-0.03801766,0.013568684,-0.021000963,-0.036288746
BOLUS_DOSAGE__rate_per_day,-0.04451042,0.050636373,-0.011857925,0.0028225218,-0.0029727914,-0.007584635,-0.004781162,-0.0015709046
CALCIUM-GLUCONATE_BITZUA__rate_per_day,-0.008935168,0.016179413,-0.09055992,0.03109411,-0.11966068,-1.5449985e-05,-0.08131566,0.04637782
CARDIO-VASCULAR_DISORDER_EVENT__rate_per_day,0.0876365,0.031413082,-0.007710473,-0.057698287,0.044048995,0.012324471,-0.01353669,-0.08429043
CARDIOVASCULAR_DISORDER_OBS__rate_per_day,-0.08405263,-0.0065598353,-0.0672974,-0.057641592,0.01667357,-0.046258736,-0.06915414,-0.048344914
CHEST_XRAY__rate_per_day,-0.031910963,-0.16096835,-0.0529997,-0.0075479164,-0.17140462,-0.1373892,-0.053775813,-0.04030429
CREATINE-KINASE_MEASURE__rate_per_day,0.027239505,-0.0067209047,-0.0057755853,-0.03434171,0.04144166,-0.022043152,-0.011048363,0.061731264
CREATININE_SERUM_MEASURE__rate_per_day,0.0366547,0.005962883,0.04378575,-0.017802818,0.07302178,0.0117185665,-0.0020923268,-0.042263422
DEXTROSE_BITZUA__rate_per_day,0.0020661645,-0.008326966,0.020590555,0.0037171065,0.0662319,0.05726353,-0.0060661174,-0.00084789755
DIABETES_DIAGNOSIS__rate_per_day,-0.023517426,-0.037549417,0.05558413,0.03135398,-0.043741304,0.032298245,0.043285724,0.052107714
DIALYSIS__rate_per_day,0.047887094,-0.024444519,0.06890987,0.05934243,-0.11490711,0.049829267,0.07725901,0.021507764
E-GFR_MEASURE__rate_per_day,-0.03713728,0.0338724,0.027033119,-0.009247085,0.06264227,0.012022258,0.01070582,0.0139067825
EGFR_MEASURE__rate_per_day,0.018385949,0.021950483,0.016839545,0.007833921,0.085551284,0.06353534,-0.020007547,0.0083163725
GLUCOSE_MEASURE__rate_per_day,-0.011327708,-0.0024360856,0.02783932,0.055534866,0.0055557624,0.00054208934,0.026574312,0.049581785
HEART_RATE_MEASURE__rate_per_day,-0.06383534,0.0012643551,-0.015336337,-0.0024676719,0.020722924,-0.028198633,-0.024717642,0.0076564294
HEMATOCRIT_MEASURE__rate_per_day,-0.04206076,0.020786034,0.007862599,0.056737933,-0.11813156,0.014485518,0.03379513,0.056854367
HEMOGLOBIN_MEASURE__rate_per_day,0.03024841,-0.046175808,0.06853878,0.016023636,0.09599739,-0.013676271,0.052811064,0.019718755
HEPARIN_IV_BITZUA__rate_per_day,0.062296472,-0.0024358323,0.027145976,-0.06946741,0.101820886,0.04598374,0.035971295,-0.074594095
HYPERGLYCEMIA_EVENT__rate_per_day,-0.025159687,-0.018358665,-0.016259877,0.004354409,-0.03422898,-0.030917611,-0.016132578,-0.009003851
HYPERTONIC_SALINE_BITZUA__rate_per_day,0.08463363,0.0024703345,-0.00072563527,0.02709244,-0.058624297,-0.00069972477,-0.021698926,0.07980099
HYPOGLYCEMIA_EVENT__rate_per_day,-0.01141587,0.007112266,0.0062340074,0.012238037,0.025148138,0.015355469,0.0048552887,0.030960623
INFECTION_EVENT__rate_per_day,-0.0045948764,0.018298816,-0.0147709865,0.0002536253,0.010028112,0.027725019,0.021325307,0.02917013
INFECTION_WBC_MEASURE__rate_per_day,-0.014713899,-0.035780013,-0.02091747,-0.028182045,-0.10587343,0.0099842725,-0.0077333497,-0.019862408
KETONES_SERUM_MEASURE__rate_per_day,0.026548306,-0.022270486,-0.001951835,0.04809417,-0.17322147,-0.06930055,0.04565831,0.08054985
KETONES_URINE_MEASURE__rate_per_day,0.05459585,0.04682912,-0.01980061,-0.042929865,-0.030374464,-0.051782068,-0.010213749,-0.08518944
KIDNEY_COMPLICATION_EVENT__rate_per_day,-0.0067269173,0.024156084,-0.010606719,0.014044236,-0.04853395,0.08854076,0.015171493,0.018021233
KIDNEY_COMPLICATION_OBS__rate_per_day,0.012780091,0.059561238,0.01468172,0.020437941,-0.043733556,0.00799496,0.04538615,0.104894355
MEAL_Breakfast__rate_per_day,-0.013294994,0.008778614,0.027054675,0.018497748,0.01755809,0.00542576,0.031912852,0.04482321
MEAL_Dinner__rate_per_day,0.025968205,0.0066706757,0.0436399,0.028410466,0.051055558,0.010724332,0.026584774,0.05370357
MEAL_Lunch__rate_per_day,0.026487453,-0.005761523,0.02515409,0.031410486,0.04552871,0.02334288,0.019385802,0.046408474
MEAL_Night-Snack__rate_per_day,0.018297803,-0.013605045,0.048831176,0.041142013,0.03228066,-0.0025360833,0.016919514,0.010851928
METFORMIN_HOME_BITZUA__rate_per_day,0.01711876,-0.05482108,-0.033521462,0.0078805275,-0.0036122971,0.046196967,-0.06166808,0.012147151
METFORMIN_HOSPITAL_BITZUA__rate_per_day,-0.018910384,0.0863517,-0.019824337,-0.0030347973,0.00909132,0.07192092,0.009477369,-6.426946e-05
NEUTROPHILS_MEASURE__rate_per_day,-0.032174673,-0.00016568344,-0.0014426401,-0.021280477,0.082918696,-0.02941857,-0.029471083,-0.027616577
PH_MEASURE__rate_per_day,-0.043415476,-0.017923594,-0.030884648,0.018457197,-0.22533517,-0.05775688,-0.007735984,0.08954365
PLT_MEASURE__rate_per_day,0.043141484,0.03360899,-0.08053465,-0.026753774,-0.01280521,-0.0074029933,-0.07840121,-0.018874891
POTASSIUM_MEASURE__rate_per_day,-0.037723925,0.019341618,0.0067617917,-0.023443729,-0.021967074,-0.027218923,0.005168431,-0.045806997
SEVERE_HYPERGLYCEMIA_EVENT__rate_per_day,0.043454397,-0.021245493,-0.040899377,-0.04595213,-0.046767563,0.0041534137,-0.04634985,-0.0644044
SEVERE_HYPOGLYCEMIA_EVENT__rate_per_day,-0.027987177,-0.020739919,-0.023860091,-0.0041413764,0.012822486,-0.023019021,-0.023459725,0.026895722
SGLT2_HOME_BITZUA__rate_per_day,0.0045015714,0.12791389,-0.10605097,-0.038423367,-0.025010223,-0.11644968,-0.04474623,-0.030301677
SGLT2_HOSPITAL_BITZUA__rate_per_day,-0.00528306,0.013693304,0.002926226,-0.006955508,0.035160083,0.025951132,0.028316477,0.034765832
SODIUM_MEASURE__rate_per_day,0.018351855,-0.025566062,-0.032414775,0.00513622,0.026073793,0.0048781065,-0.009087919,-0.0058449386
STEROIDS_IV_BITZUA__rate_per_day,0.08061905,-0.043727033,-0.024102857,0.03948768,0.014032379,-0.0052686688,0.0033692382,0.062610075
STEROIDS_PO_BITZUA__rate_per_day,-0.030835645,-0.021674283,-0.02161326,-0.0432314,0.027601006,-0.022986863,0.009368259,-0.06074871
TROPONIN_MEASURE__rate_per_day,-0.13820776,0.11182085,-4.4916997e-05,-0.016977757,0.09827639,0.014878301,0.01035464,-0.01409426
UREA_MEASURE__rate_per_day,0.03203475,0.058811948,-0.011985501,0.038307562,-0.16396166,-0.01017317,0.06682939,-0.0015252285
URINE_CULTURE__rate_per_day,-0.041850343,0.045950018,-0.030275844,-0.010769064,-0.06424105,-0.016885813,-0.013498233,-0.011970822
WEIGHT_MEASURE__rate_per_day,-0.16641872,0.11772802,-0.03107055,0.062140007,-0.03212187,0.06825536,-0.008405981,0.13024577
ADMISSION__observed,0.0040377616,-0.0066633928,-0.02234611,-0.01975163,-0.0057109646,-0.019285008,-0.0045775427,-0.023025293
ALANINE-AMINOTRANSFERASE_MEASURE__observed,-0.015817346,0.0013898405,0.0053768726,0.041475095,-0.028765151,-0.034261048,0.027400842,0.0006609334
ALBUMIN_SERUM_MEASURE__observed,0.0093786605,-0.021437706,-0.009302976,-0.00701557,0.029672293,0.019667298,-0.019824877,-0.018235197
ANTIBIOTIC_IV_BITZUA__observed,-0.0125907445,0.009405256,0.008103663,0.0022067525,0.024632644,0.012701262,0.024445664,0.0125815235
ANTIBIOTIC_PO_BITZUA__observed,0.012825111,-0.013532208,0.0043175556,-0.026235584,-0.029274201,-0.01743161,-0.018932104,-0.012679438
ANTIDIABETIC_HIGH_HYPO_HOSPITAL_BITZUA__observed,-0.012054971,-0.0038195467,0.02657039,0.04555698,0.028200604,0.005511813,0.0146562625,0.0038632029
ASPARATE-AMINOTRANSFERASE_MEASURE__observed,-0.016445003,-0.00027639128,-0.019996831,0.004008404,-0.0065045115,0.010864727,-0.030146332,-0.030612474
BASAL_DOSAGE__observed,-0.013684799,0.0033193368,0.013180489,0.037825514,-0.0013539683,-0.0015987384,0.023499796,0.03423465
BASAL_HOME_BITZUA__observed,-0.010005609,0.002900267,-0.015547315,0.0028209565,-0.019871227,0.02096749,-0.013383987,-0.0037167969
BASE_GLUCOSE_MEASURE__observed,0.01379752,-0.018750763,0.012427784,-0.0053150356,-0.006560681,0.008824963,0.009107761,0.026927965
BICARBONATE_MEASURE__observed,0.009463187,0.006937492,-0.003887004,0.02502117,0.028645542,0.012743504,0.019257396,0.0495283
BLOOD_CULTURE__observed,-0.02922256,0.0131906215,-0.0123542445,0.017991854,-0.03654899,-0.002929953,0.00583616,-0.012719566
BLOOD_PRESSURE_DIASTOLIC_MEASURE__observed,0.0058099516,0.029080808,-0.008338998,-0.017449498,-0.014657466,0.0036335743,0.014127988,-0.010509467
BLOOD_PRESSURE_SYSTOLIC_MEASURE__observed,0.014516176,0.013011982,0.012299607,0.0074747074,-0.016642518,0.0051428983,-0.0090140505,-0.0007017509
BMI_MEASURE__observed,-0.011709117,0.015069824,-0.023140354,-0.020553209,-0.0075455834,-0.018915877,0.0027889682,-0.014343489
BODY_TEMPERATURE_MEASURE__observed,-0.027283482,0.013835439,-0.015128933,0.02603132,0.009864723,0.026544785,-0.011806573,0.015646445
BOLUS_DOSAGE__observed,-0.015162311,0.013605379,-0.008678186,0.022109687,0.010467647,0.0099509,0.01476823,0.013890461
CALCIUM-GLUCONATE_BITZUA__observed,0.008073753,-0.012992198,-0.010250406,-0.017358154,-0.012604251,-0.007569267,0.024076704,0.024190787
CARDIO-VASCULAR_DISORDER_EVENT__observed,0.06344717,0.00292473,-0.029699985,-0.020841694,0.01578084,-0.003934513,0.027402949,0.0019815902
CARDIOVASCULAR_DISORDER_OBS__observed,0.030555021,0.023041323,0.008392543,0.05165658,0.005788267,0.010919641,-0.0009051834,0.0576152
CHEST_XRAY__observed,0.034297,0.022337338,0.018404853,0.0129727945,0.021758288,0.017022803,0.020669715,0.020247065
CREATINE-KINASE_MEASURE__observed,0.020628722,0.015197224,0.010426901,-0.014481445,-0.033649534,0.0047180215,0.01579705,-0.01358754
CREATININE_SERUM_MEASURE__observed,-0.016796287,-0.00429356,-0.0049702637,0.008775523,-0.03479929,-0.017763305,0.0045782914,0.013203505
DEXTROSE_BITZUA__observed,0.0065556853,0.015099597,0.006432589,0.021128614,0.01025065,-0.025274934,-0.013048232,-0.024242353
DIABETES_DIAGNOSIS__observed,-0.0017185737,0.004692088,0.0092105465,-0.012238309,-7.732985e-05,-0.02989659,-0.011241348,-0.0149014825
DIALYSIS__observed,0.0013595088,0.0005147776,-0.012609897,-0.0035278816,0.04521471,-0.009568769,-0.0027949407,-0.015079908
E-GFR_MEASURE__observed,-0.021293284,0.02268174,0.012446932,-0.020457698,-0.0022875706,0.01433692,-0.029893981,0.015784534
EGFR_MEASURE__observed,-0.010975445,-0.030015422,-0.008893498,0.021176802,-0.023735285,0.019043962,0.009186824,0.008297588
GLUCOSE_MEASURE__observed,0.00834767,-0.020549763,0.013226482,0.030494118,-0.035832282,-0.007728423,-0.00588847,0.039646737
HEART_RATE_MEASURE__observed,0.020479072,0.003802549,0.021877332,-0.029939823,0.017795814,0.019180248,0.008449483,0.0060596904
HEMATOCRIT_MEASURE__observed,-0.016348654,-0.03112194,-0.0103835985,0.001546156,0.01755441,0.022427285,-0.023707194,-0.025767772
HEMOGLOBIN_MEASURE__observed,0.026717536,0.004360753,-8.2515915e-05,0.028358454,0.0115275625,0.037858386,0.006715129,0.031329222
HEPARIN_IV_BITZUA__observed,-0.009053118,-0.005790673,-0.019996637,-0.0187043,-0.020465018,-6.3688734e-05,-0.025545979,0.0015267429
HYPERGLYCEMIA_EVENT__observed,-0.015322681,-0.0073738443,0.0035691643,-0.0021943348,-0.013532137,-0.0014889981,0.010662434,0.00032099275
HYPERTONIC_SALINE_BITZUA__observed,-0.016275313,-0.018604528,0.003472327,0.021100698,-0.023394346,0.0033545196,0.013440066,-0.02170164
HYPOGLYCEMIA_EVENT__observed,-0.014191805,-0.0024726663,-0.011931228,0.051414862,-0.024660744,-0.019014236,-0.02770244,0.02166773
INFECTION_EVENT__observed,-0.007827044,0.010472489,0.0183497,0.02660962,-0.0074718334,-0.012332375,-0.016992977,-0.0026508668
INFECTION_WBC_MEASURE__observed,0.0049568913,-0.0016551772,-0.008289525,-0.032603305,-0.022755397,0.03121608,-0.016081838,-0.018673636
KETONES_SERUM_MEASURE__observed,-0.0013658422,0.023023838,-0.012971224,-0.023001885,-0.0026182872,0.0073111216,-0.014911073,-0.018530406
KETONES_URINE_MEASURE__observed,-0.0032283603,0.014728082,-0.007823674,0.025029235,0.028165504,0.0048954138,0.020184005,0.010818869
KIDNEY_COMPLICATION_EVENT__observed,0.0074692196,0.019220434,0.006939772,0.004552615,0.015917396,0.039574638,-0.0025615995,0.033630777
KIDNEY_COMPLICATION_OBS__observed,0.014501497,0.018008143,-0.016910207,-0.016459264,0.018811736,0.02431838,-0.016712748,-0.02481103
MEAL_Breakfast__observed,-0.010882749,0.015634319,-0.005918687,-0.017454859,0.00304649,-0.0037218782,0.016311292,-0.0049613817
MEAL_Dinner__observed,-0.018046355,-0.017929204,-0.00287198,0.021184832,-0.008139886,-0.02451689,0.0031563921,-0.009896674
MEAL_Lunch__observed,0.01603098,8.413868e-05,-0.02068876,-0.019350503,-0.0130996285,0.005830589,-0.010928055,-0.0051986314
MEAL_Night-Snack__observed,0.01840111,-0.005009226,-0.007810954,-0.014992603,0.025358394,0.010994459,-0.012559511,0.017605992
METFORMIN_HOME_BITZUA__observed,0.0033281397,0.0040340554,-0.015205127,0.02466151,0.0128905615,0.025949273,0.011717229,-0.0028876655
METFORMIN_HOSPITAL_BITZUA__observed,-0.00672745,-0.010987534,-0.00014135953,-0.00057986076,-0.024499198,-0.030094065,0.015948733,0.0062275687
NEUTROPHILS_MEASURE__observed,-0.012850438,-0.017386893,-0.016898388,0.00057023024,0.0069995495,-0.005000421,0.016709425,-0.021288997
PH_MEASURE__observed,0.008343831,-0.00590213,-0.007558524,-0.030091554,-0.0106669115,-0.0232733,-0.008092592,-0.03731473
PLT_MEASURE__observed,-0.019869758,0.017207937,0.011311425,-0.011952174,-0.00059865165,-0.024642928,0.004572663,0.008688383
POTASSIUM_MEASURE__observed,-0.0003712691,-0.027471555,-0.02671465,-0.008552233,-0.025485128,0.020379592,-0.021701703,0.02452909
SEVERE_HYPERGLYCEMIA_EVENT__observed,-0.009104759,0.018734146,0.0059923828,0.009121977,0.007157609,-0.027134072,0.0034072562,0.030791083
SEVERE_HYPOGLYCEMIA_EVENT__observed,-0.003949284,-0.00043721547,0.008999309,-0.01183876,0.004702135,0.010032336,0.011287046,-0.019948047
SGLT2_HOME_BITZUA__observed,0.026333585,-0.046492647,0.008924409,-0.016550433,-0.021295587,-0.019485516,0.0071531488,0.0016835127
SGLT2_HOSPITAL_BITZUA__observed,0.025980212,2.8791137e-05,0.00049713027,-0.040333994,0.006259487,-0.005249585,-0.022502918,-0.020178339
SODIUM_MEASURE__observed,-0.03273233,-0.008402449,-0.003038834,-0.015684286,0.011689675,-0.017903665,-0.0066911164,-0.026279915
STEROIDS_IV_BITZUA__observed,-0.024032168,-0.00850411,0.0023668534,-0.011055777,0.013719035,-0.017257895,0.00872561,0.007852665
STEROIDS_PO_BITZUA__observed,-0.008795698,0.019838309,0.024421021,0.002414162,0.024603972,0.003027563,0.0055189244,0.02473197
TROPONIN_MEASURE__observed,0.0009026964,-0.040391576,-0.020135561,-0.010096119,-0.008262426,0.003925999,-0.012050038,0.02713648
UREA_MEASURE__observed,-0.014576608,-0.0015996204,0.0018509143,-0.00077837735,0.026277713,0.014255615,0.013330259,0.009252675
URINE_CULTURE__observed,0.015057429,0.027828606,0.023350185,0.028061595,0.014903196,0.007314021,0.016825693,-0.0031732754
WEIGHT_MEASURE__observed,-0.016086103,-0.038272817,-0.017328914,0.00012498454,-0.0062157,0.02587951,0.01332181,0.007646505
gender_code,0.05631999,0.09702042,0.03308461,0.030829025,0.07739014,0.05861668,0.028021015,0.041716356
age_years,-0.050246455,0.44292575,0.055693913,-0.15765718,0.17527714,0.056898933,0.010835975,-0.18395035
past6m_visits,-0.017953077,-0.036182422,0.014967802,-0.07882621,-0.05077194,0.08014292,0.010591629,-0.11559711
past6m_emerg,0.03387189,0.078073375,0.018914413,0.0072407555,0.10375698,-0.06452071,0.016641183,0.012805398
past6m_inpt,0.0034467266,0.052656617,-0.010160689,0.09808682,0.009425571,0.020845676,-0.03041503,0.11921539
BMI_MEASURE,-0.0016540957,0.06186009,-0.025375064,-0.20239848,-0.0881379,0.029568382,-0.020483067,-0.1324471
WEIGHT_MEASURE,-0.11817631,-0.02432178,0.013690179,-0.12208131,-0.05717024,0.0035663054,-0.04043835,-0.14380567
HEIGHT_MEASURE,-0.079321705,0.02028334,0.0150262285,-0.12888311,0.026228694,0.013606555,0.019813556,-0.12307239
HEMOGLOBIN-A1C_MEASURE,-0.03821207,-0.04228546,-0.036868203,-0.0052550696,-0.13156375,-0.09434023,-0.03320029,-0.019778937
GTT_MEASURE,0.019588359,-0.012378225,-0.012552343,0.004979328,-0.060175393,-0.0015591893,0.0005634713,-0.005985493
RDW-CV_MEASURE,0.054535206,0.26138762,0.041680112,0.060680818,0.093701825,0.05804457,0.031555098,0.06162168
ALCOHOL_ABUSE,-0.0154732065,-0.025598437,0.0081044715,-0.0018595512,-0.014281441,-0.06307055,-0.019244451,-0.014615168
ANEMIA,-0.050422292,-0.08785315,0.0031960611,-0.027800966,-0.030497495,0.009046041,0.015029571,0.007317711
CANCER_DIAGNOSIS,-0.00087363477,0.051759265,0.004827446,-0.1197041,-0.028713778,-0.022998586,0.006279835,-0.07588679
CHRONIC_KIDNEY_CONDITION,-0.16050541,-0.19976832,0.020930517,-0.01104311,-0.0547372,-0.057797212,0.025521372,0.05590784
CHRONIC_LIVER_DISEASE,-0.032758135,-0.105362855,-0.0074937553,-0.102961846,-0.12658918,0.021545066,-0.013235787,-0.13224867
DIABETES_DIAGNOSIS,0.026683686,-0.11338668,-0.05104407,-0.04741543,0.12353825,0.09496033,-0.07268819,-0.06420353
HEART_DISEASE,0.0017413548,-0.029239098,0.008057966,-0.13296396,0.12715578,0.0008961698,0.027209524,-0.16925032
DEMENTIA,0.029325878,-0.003317118,0.00918141,-0.024621591,0.08138694,-0.011910901,0.0033399349,-0.008915451
RESPIRATORY_DISEASE,-0.010843074,-0.0026404005,-0.0050335224,-0.08080381,-0.061305933,-0.031866536,-0.018428527,-0.059042256
NERVOUS_SYSTEM_DISORDER,0.011501216,-0.012802323,-0.010227122,0.023333421,0.025484564,0.02618979,0.009221963,0.013172509
BASAL_HOME_BITZUA,0.07490229,-0.047321193,0.08649391,-0.11785833,0.057626445,-0.022240896,0.0869267,-0.088414945
SGLT2_HOME_BITZUA,-0.0063382555,0.0014638342,-0.03585467,0.07787224,0.11769739,0.0060495273,0.00019551108,-0.019969117
METFORMIN_HOME_BITZUA,0.13565893,0.08107039,-0.005550137,-0.046304874,-0.028243294,-0.009517248,0.015376726,-0.09655243
ANTIDIABETIC_HIGH_HYPO_HOME_BITZUA,0.01046592,0.08708271,0.00059451844,0.0022842882,-0.11613431,0.048494864,-0.02406427,0.1027275
ASPIRIN_CONTEXT,0.104292475,-0.03317761,0.028674146,-0.03512278,0.02295542,0.049908824,0.030783908,-0.04458068
BP_ACE_CONTEXT,0.0011809568,-0.028364697,0.0011860239,-0.0030244153,0.042738453,-0.0044573583,0.0072499914,-0.0007497576
BP_ARB_CONTEXT,-0.044116784,-0.0489332,0.0088740075,-0.030348165,0.044511396,0.059336297,0.02896847,-0.033180986
BP_BETA-BLOCKERS_CONTEXT,0.02904785,-0.02910577,0.022388216,0.017979955,-0.03500372,-0.0048347116,0.011589555,-0.013168282
BP_CCB_CONTEXT,-0.006716037,-0.038466364,0.013519992,0.007210158,0.03709209,-0.023416229,-0.014202028,0.05604517
BP_LOOPS_CONTEXT,0.05110721,0.06708556,0.012404215,0.10153433,0.05156618,0.112325616,0.043625534,0.10460446
BP_OTHER_CONTEXT,0.028244527,-0.12393338,0.014635472,0.035591144,-0.12565368,0.014503536,0.009369743,0.02666799
BP_THIAZIDES_CONTEXT,0.05975621,-0.07174586,-0.0009198105,-0.017600883,-0.089475036,-0.028000388,0.0006979798,-0.005073648
MH_ANTIDEPRESSANT_CONTEXT,0.07115176,-0.016606463,0.010471996,-0.03842504,0.024551835,0.015124837,0.015032197,-0.024057368
MH_ATYPICAL_CONTEXT,-0.041280795,0.038452383,-0.0032965026,0.03917376,0.0020581204,-0.019529222,-0.003925145,0.022470228
MH_MOOD_STABLIZER_CONTEXT,0.004876438,0.044957694,-0.0009037033,-0.028357266,0.02403604,0.06259775,-0.0018582506,-0.007110954
MH_TYPICAL_CONTEXT,-0.0030788968,-0.0073860856,-0.012270309,-0.12239277,0.010890017,-0.03447157,0.006588176,-0.111358516
P2Y12_CONTEXT,0.22829688,0.12570824,0.026781533,-0.02156649,0.019011602,0.063075885,0.039847977,0.01555285
STATINE_CONTEXT,0.025922123,-0.08713183,0.0003286667,0.045606356,-0.039362434,0.0036245522,-0.0061384942,0.070240565
CCI_LIKE_SCORE,0.08314254,0.23394905,-0.036952402,0.2689983,-0.018028311,0.008892346,-0.013008545,0.28057942
CCI_LIKE_CATEGORY,-0.027644176,-0.06658038,0.0028130098,0.056309883,0.018318009,0.010544649,0.010558626,0.061268367
QA_BMI_MEASURE_ON_ADMISSION,0.061085045,-0.04118636,0.043686643,0.044693716,-0.08692041,0.012351826,0.03312641,0.037758045
QA_CONTINUE_BASAL_ON_ADMISSION_PATTERN,0.10919852,-0.013113325,0.0020830522,0.033725,-0.09987199,0.016194524,-0.018947514,0.052643545
QA_CREATININE_MEASURE_ON_ADMISSION,-0.015444446,0.11716067,-0.1332466,-0.15064377,0.043595728,-0.038423996,-0.15402292,-0.14643672
QA_INSULIN_ON_HYPERGLYCEMIA_PATTERN,-0.039194997,0.052729752,-0.031816907,0.00096083357,0.04710597,-0.04438093,0.009831937,0.011055288
QA_REDUCE_BASAL_ON_HYPOGLYCEMIA_PATTERN,0.017292716,0.074712135,-0.022780014,-0.158487,0.11364296,0.11557042,0.014013105,-0.1719648
QA_REDUCE_BOLUS_ON_HYPOGLYCEMIA_PATTERN,-0.01104438,-0.03407124,-0.014152047,-0.035164993,-0.13331717,0.027821304,-0.011974135,-0.015090327
QA_ROUTINE_BASAL_DOSAGE_PATTERN,-0.06665982,-0.044325635,-0.13473032,-0.14511995,0.046836764,-0.028062688,-0.07531344,-0.16907793
QA_ROUTINE_GLUCOSE_MEASURE_ON_ADMISSION_PATTERN,-0.023974994,-0.043393,0.17635477,0.30508223,-0.055979386,0.026808605,0.18136293,0.23966706
QA_ROUTINE_GLUCOSE_MEASURE_ON_STEROIDS_PATTERN,-0.019234795,-0.081881955,-0.028932966,0.00034408807,-0.03264896,-0.048946053,-0.032888316,-0.009679992
QA_ROUTINE_GLUCOSE_MEASURE_PATTERN,0.033887353,0.09774934,-0.06284084,-0.09312921,-0.070305735,0.013705725,-0.020260146,-0.07353927
QA_STOP_ANTIDIABETICS_ON_ADMISSION_PATTERN,0.004802085,-0.09733012,-0.0052854475,-0.07524175,0.06665101,-0.049391832,0.028488714,-0.09905563
QA_STOP_ANTIDIABETICS_ON_HYPOGLYCEMIA_PATTERN,-0.004531018,0.0059043947,0.005968918,-0.0133072045,-0.056034382,-0.0010684979,-0.016382452,-0.0063934526
QA_STOP_SGLT2_ON_ADMISSION_PATTERN,-0.0672117,0.04689462,0.031465426,0.07539693,0.025992988,0.1160209,0.017704865,0.11781805
context_days,0.0027059482,-0.0060059987,-0.08214174,-0.11575924,-0.0905935,-0.021268371,-0.09319014,-0.077995166
label_window_days,0.009934395,-0.0028017324,0.052356992,0.12529671,0.11851328,0.033266395,0.06612604,0.072978
ALANINE-AMINOTRANSFERASE_MEASURE__mean__missing,-0.005818126,-0.011966311,-0.017200204,0.009025092,0.031427238,0.02438083,-0.008416344,0.0069058877
ALBUMIN_SERUM_MEASURE__mean__missing,-0.016890071,0.015987901,-0.008076826,0.00755778,-0.031746175,0.0019351699,-0.023244498,0.01733661
ANTIBIOTIC_IV_BITZUA__mean__missing,0.018505134,0.020450328,-0.011974301,0.0018552936,0.016519727,-0.013430557,-0.0010637412,0.0060562184
ANTIBIOTIC_PO_BITZUA__mean__missing,-0.007534836,-0.010895854,0.009423524,-0.010728746,0.00038200803,-0.017075764,-0.013482205,0.005572239
ANTIDIABETIC_HIGH_HYPO_HOSPITAL_BITZUA__mean__missing,-0.009711587,-0.019239806,-0.026804594,-0.009093343,0.005329962,-0.022911124,-0.02772724,-0.022641055
ASPARATE-AMINOTRANSFERASE_MEASURE__mean__missing,0.0027182268,-0.0013217967,0.017773582,0.020778056,-0.022304976,0.0040078294,0.0111634685,0.00916906
BASAL_DOSAGE__mean__missing,0.0019756511,-0.032712962,-0.0064067626,-0.022018071,-0.0048209107,-0.031380128,0.0019795352,-0.04627405
BASAL_HOME_BITZUA__mean__missing,-0.0084183905,0.017847186,-0.01770394,-0.023323027,-0.020080399,0.019948516,0.007170297,-0.003332595
BASE_GLUCOSE_MEASURE__mean__missing,-0.011302306,-0.0037307888,-0.0055514467,-0.029518059,0.020031022,-0.008987578,0.009499554,-0.02193711
BICARBONATE_MEASURE__mean__missing,0.015878443,-0.011297046,-0.013350956,-0.043761652,-0.027546482,0.003923953,-0.0211731,-0.036647808
BLOOD_CULTURE__mean__missing,0.0013452448,-0.015531187,-0.008511791,-0.016930979,0.02608807,0.005733998,0.0033996608,0.0033970096
BLOOD_PRESSURE_DIASTOLIC_MEASURE__mean__missing,0.017242579,-0.0055264016,0.0052618682,-0.02327345,-0.01719818,-0.009304545,-0.021580214,-0.021969048
BLOOD_PRESSURE_SYSTOLIC_MEASURE__mean__missing,-0.009503656,-0.027267352,-0.014328308,0.016604818,-0.006792509,-0.012922209,0.022221511,-0.032193795
BMI_MEASURE__mean__missing,0.015766803,0.014448125,0.01305243,-0.0024356071,0.016345557,-0.003515325,0.012970126,0.017235799
BODY_TEMPERATURE_MEASURE__mean__missing,-0.014792546,-0.020480685,-0.008719244,0.0076640625,0.012326891,-0.00691802,-0.0032893403,0.014272206
BOLUS_DOSAGE__mean__missing,0.017805928,0.027285293,-0.005113727,-0.024285106,-0.014703585,-0.005812798,-0.007661616,-0.011661535
CALCIUM-GLUCONATE_BITZUA__mean__missing,0.0036784376,0.024043728,-0.00020020342,0.025789635,-0.016448984,-0.018099794,0.0076018176,0.021476177
CARDIO-VASCULAR_DISORDER_EVENT__mean__missing,-0.06175206,-0.023912054,0.005103816,0.025869155,-0.02646173,-0.0035802491,-0.012798495,-0.017664094
CARDIOVASCULAR_DISORDER_OBS__mean__missing,0.0028478038,-0.011288022,-0.028189242,-0.033770777,-0.005169181,-0.014974277,-0.026640128,-0.022956062
CHEST_XRAY__mean__missing,-0.051962666,-0.041300323,-0.0077575957,-0.011485061,-0.020483164,-0.0056856237,-0.011221566,0.017136402
CREATINE-KINASE_MEASURE__mean__missing,0.020060116,0.009517743,0.0022123826,0.010462555,-0.0015713547,-0.020990007,0.015390155,0.009749904
CREATININE_SERUM_MEASURE__mean__missing,-0.006754463,-0.017148165,0.00062084093,0.0029272658,0.023550872,0.027255647,-0.02507821,0.014033027
DEXTROSE_BITZUA__mean__missing,0.016450802,-0.014510909,-0.012391285,-0.028218307,0.0044469424,-0.01146126,0.013672338,0.0052526216
DIABETES_DIAGNOSIS__mean__missing,0.03516704,-0.013190326,-0.015845455,-0.007711769,0.01484753,0.043413382,-0.0060234186,0.0031966106
DIALYSIS__mean__missing,0.008018685,-0.0055945986,-0.0054116314,-0.021758132,-0.04730743,-0.030399015,-0.0051567047,-0.023870233
E-GFR_MEASURE__mean__missing,0.0042914627,-0.014119251,0.0051755314,0.007416967,0.025774539,0.009585852,0.010165603,-0.013803163
EGFR_MEASURE__mean__missing,-0.015646687,0.012322577,-0.00071094715,0.0065209833,0.027280588,-0.01859215,-0.013412364,0.0037207135
GLUCOSE_MEASURE__mean__missing,0.011976374,0.017600827,-0.008752502,0.0050565926,-0.01408196,0.011131164,0.01425841,0.00091678475
HEART_RATE_MEASURE__mean__missing,0.02184283,-0.0037854586,0.014524957,-0.0041440222,-0.0017974984,-0.017090958,-0.024192397,-0.017721
HEMATOCRIT_MEASURE__mean__missing,-0.0087518785,0.024285624,-0.027526105,0.029646378,0.005910216,-0.0061289035,-0.0065964926,-0.012287452
HEMOGLOBIN_MEASURE__mean__missing,-0.029388735,-0.0079515865,-0.035243753,-0.006975056,-0.035667922,-0.015094534,-0.0134010725,-0.04150566
HEPARIN_IV_BITZUA__mean__missing,0.03539005,0.006940779,0.00025504592,0.012569458,-0.016538413,-0.010876796,0.00845452,-0.0043424605
HYPERGLYCEMIA_EVENT__mean__missing,0.01477317,0.014292373,-0.00040153996,-0.018629372,0.011359107,0.0036666752,-0.029911067,-0.0067894435
HYPERTONIC_SALINE_BITZUA__mean__missing,-0.0031236233,0.018124092,-0.021377962,0.0059250738,-0.024992336,0.0030192058,0.0014115233,-0.014207395
HYPOGLYCEMIA_EVENT__mean__missing,-0.0037195552,0.0026970305,0.0017386,-0.027297493,-0.0036408412,0.0257967,-0.017022183,-0.047341768
INFECTION_EVENT__mean__missing,0.013121646,-0.0034022573,-0.017682629,0.01464688,0.023345856,-0.014003708,-0.011119047,-0.004576935
INFECTION_WBC_MEASURE__mean__missing,-0.0030467187,0.025903715,-0.02427693,0.028589228,0.023566097,0.0016966689,-0.01603218,-0.0048164283
KETONES_SERUM_MEASURE__mean__missing,-0.025230091,-0.002582806,0.013649514,-0.0003327204,0.017964877,-0.015800258,-0.025227478,0.018399715
KETONES_URINE_MEASURE__mean__missing,0.014774387,-0.013736543,-0.0018412726,-0.00097654527,-0.0380526,0.0123179415,-0.004568514,0.011059001
KIDNEY_COMPLICATION_EVENT__mean__missing,-0.031000076,-0.02357567,0.0037117414,-0.021446127,-0.00762833,-0.06481562,0.0050723124,-0.0043498487
KIDNEY_COMPLICATION_OBS__mean__missing,0.0013854012,-0.017504824,0.0010558006,0.029345429,-0.029205173,-0.020257937,-0.0107480185,0.037704665
METFORMIN_HOME_BITZUA__mean__missing,0.0039458605,-0.021407725,0.017342767,-0.0061946656,0.03225893,-0.022352453,-0.0019890515,-0.037766546
METFORMIN_HOSPITAL_BITZUA__mean__missing,0.0088721905,0.012688322,0.011668612,0.023546105,-0.0002249148,0.004613699,0.0023445738,0.02599786
NEUTROPHILS_MEASURE__mean__missing,-0.026964476,-0.0038407187,0.0012382264,0.01210117,-0.02533061,0.009804918,0.0062929667,0.020908548
PH_MEASURE__mean__missing,-0.013654092,0.009469788,0.006449378,0.039656185,-0.03105278,0.006870098,-0.022616267,0.0259108
PLT_MEASURE__mean__missing,0.013199305,0.020252002,-0.018042965,-0.012763989,-0.0053444407,0.00611761,0.008890762,0.014319023
POTASSIUM_MEASURE__mean__missing,-0.011330438,0.027627079,-0.022082848,-0.0062624807,-0.014354464,-0.008554532,0.010259592,0.02470358
SEVERE_HYPERGLYCEMIA_EVENT__mean__missing,-0.016292626,-0.021761604,-0.015220674,-0.02611645,-0.010089967,-0.016146418,-0.0074002524,0.0038976443
SEVERE_HYPOGLYCEMIA_EVENT__mean__missing,-0.015971635,0.0124774845,0.017193662,-0.0078597,0.013609055,-0.007339191,-0.019079307,0.022608085
SGLT2_HOME_BITZUA__mean__missing,-0.012804696,0.047362182,0.002847359,-0.028927147,0.003958064,-0.021795923,-0.013206116,0.026564924
SGLT2_HOSPITAL_BITZUA__mean__missing,0.0002674768,0.026144637,0.014622371,0.011399002,0.024668297,0.019880407,0.0021945303,0.02136822
SODIUM_MEASURE__mean__missing,0.019078264,-0.030262988,-0.007485166,0.0056938026,0.020433044,0.010750422,0.0007452857,0.025936084
STEROIDS_IV_BITZUA__mean__missing,-0.004587914,-0.012564859,0.012107444,-0.0133040305,-0.009442556,-0.014957055,0.02575536,0.022150043
STEROIDS_PO_BITZUA__mean__missing,0.023145322,0.022695353,-0.0031709129,-0.016063655,0.009302395,0.009424316,-0.02046463,0.0020289845
TROPONIN_MEASURE__mean__missing,-0.014402549,-0.0044007315,0.019886388,-0.006182921,0.00032576668,0.018136714,0.01434367,0.019833276
UREA_MEASURE__mean__missing,0.009103838,-0.03016729,-0.035971116,-0.017790455,-0.026574356,0.026406297,-0.035830535,0.0257503
URINE_CULTURE__mean__missing,-0.009104618,0.00197948,0.009824136,-0.024660502,-0.038514916,-0.014543241,0.009129084,-0.018100806
WEIGHT_MEASURE__mean__missing,0.015560431,0.01193236,0.0047752326,-0.01872571,-0.015324886,-0.00064342935,-0.023181867,9.247274e-05
ADMISSION__std__missing,0.007048019,-0.022301465,-0.012319775,0.006146139,-0.019400183,-0.012126662,0.014308736,-0.025279863
ALANINE-AMINOTRANSFERASE_MEASURE__std__missing,0.015917104,0.016052933,0.00020224827,0.005186817,0.031542655,0.0071091685,-0.00909752,-0.027633602
ALBUMIN_SERUM_MEASURE__std__missing,0.04272171,-0.04296743,-0.025147034,-0.057473827,-0.0021413388,-0.043752328,-0.015079398,-0.10072502
ANTIBIOTIC_IV_BITZUA__std__missing,0.04971443,0.10932287,0.057624497,-0.061376944,-0.07322438,-0.06016019,0.051918082,-0.017988635
ANTIBIOTIC_PO_BITZUA__std__missing,-0.041805733,0.0028474429,-0.003957963,0.00016692735,0.005157382,-0.06676602,0.046703264,0.024155453
ANTIDIABETIC_HIGH_HYPO_HOSPITAL_BITZUA__std__missing,0.023035826,-0.014666465,0.0071468353,-0.061305385,-0.03233294,-0.03562722,0.0014534609,-0.07217358
ASPARATE-AMINOTRANSFERASE_MEASURE__std__missing,-0.03292027,0.0112338355,0.053197272,-0.028115695,-0.20633613,0.04133405,0.030278869,-0.09822163
BASAL_DOSAGE__std__missing,0.007858777,-0.023024498,-0.013868121,-0.033277128,0.030944647,-0.00029652668,-0.010857878,-0.035835695
BASAL_HOME_BITZUA__std__missing,-0.028880052,0.08795174,0.11633387,0.07174823,0.05210105,0.03828813,0.12420796,0.066746056
BASE_GLUCOSE_MEASURE__std__missing,0.0037669106,-0.012800459,-0.032071624,0.03613744,0.054737967,0.036953676,-0.030331913,0.017814491
BICARBONATE_MEASURE__std__missing,-0.11105536,0.02648609,0.06845671,-0.12876609,0.19190075,-0.04149028,0.041137405,-0.060071733
BLOOD_CULTURE__std__missing,0.039740376,-0.06025637,-0.018958163,-0.07462652,-0.26754418,-0.077941224,-0.00757959,-0.07659137
BLOOD_PRESSURE_DIASTOLIC_MEASURE__std__missing,-0.012473518,0.010394751,0.006258658,-0.0435219,-0.045055382,0.030069523,-0.023950897,-0.006946441
BLOOD_PRESSURE_SYSTOLIC_MEASURE__std__missing,-0.03807464,0.03685356,-0.0016576704,-0.007292693,-0.028063009,0.0062672026,-0.010018012,-0.03752261
BMI_MEASURE__std__missing,0.12557499,-0.035013646,0.00892689,-0.010038304,-0.020673377,0.08183383,0.038339596,0.048028424
BODY_TEMPERATURE_MEASURE__std__missing,-0.013113964,-0.022837156,0.017135357,0.09266932,-0.13558319,-0.030707292,0.0025366864,0.01858697
BOLUS_DOSAGE__std__missing,-0.0032393972,-0.023379263,-0.0053184764,0.0052362615,-0.011909123,-0.01821689,-0.011860637,-0.025920928
CALCIUM-GLUCONATE_BITZUA__std__missing,0.00070090836,-0.022375299,0.05411539,0.029815689,0.010778383,-0.0032018456,0.05084708,0.04414732
CARDIO-VASCULAR_DISORDER_EVENT__std__missing,-0.042604126,0.025288183,-0.0032135218,-0.02410832,0.14905217,0.021539448,-0.0023218903,-0.115609296
CARDIOVASCULAR_DISORDER_OBS__std__missing,-0.05915056,0.016561236,0.06273119,0.029092707,0.09715366,0.04205649,0.0822982,0.047649704
CHEST_XRAY__std__missing,-0.006394294,-0.00441644,0.0036621776,0.023010809,-0.08599713,-0.006129227,-0.0018023126,0.034163855
CREATINE-KINASE_MEASURE__std__missing,-0.05262829,0.020063033,0.046024475,0.08544444,-0.06109622,-0.003026243,0.036107097,0.04131243
CREATININE_SERUM_MEASURE__std__missing,0.008540967,-0.024016606,-0.00915106,-0.06643733,-0.010812378,-0.016605156,0.009801245,-0.025982803
DEXTROSE_BITZUA__std__missing,-0.0065522124,0.0362607,-0.005560289,-0.057017274,-0.11657685,-0.046300907,0.04436071,-0.036345836
DIABETES_DIAGNOSIS__std__missing,-0.01798032,0.027834697,0.05637468,0.004486038,-0.10803429,-0.01427336,0.042819295,-0.029333504
DIALYSIS__std__missing,-0.070059665,0.038883768,-0.04592054,0.024397328,0.11368868,-0.018906552,-0.05022844,0.08262563
E-GFR_MEASURE__std__missing,-0.040523443,0.19524795,0.017227912,0.09213956,-0.15753812,0.02423244,0.026016999,0.17214964
EGFR_MEASURE__std__missing,-0.024648065,-0.031691197,0.017537856,0.03473841,0.04621369,0.014872338,0.0027165618,0.033395268
GLUCOSE_MEASURE__std__missing,-0.0039216042,-0.016994469,0.027324751,0.059557583,0.00982502,0.034250673,0.016560292,0.06352645
HEART_RATE_MEASURE__std__missing,-0.030851984,-0.017252963,0.014470359,-0.0105511695,-0.056493834,0.09436606,0.030409193,0.03398825
HEMATOCRIT_MEASURE__std__missing,-0.02160505,-0.039554495,0.043692857,-0.0031061447,0.020765387,0.07665112,0.047857642,-0.02493122
HEMOGLOBIN_MEASURE__std__missing,0.080108725,-0.027698733,0.007589611,-0.05900148,0.025491614,0.05054112,-0.008086458,-0.09611508
HEPARIN_IV_BITZUA__std__missing,-0.021406827,0.023071913,-0.05577559,-0.009933069,-0.15475686,-0.08364191,-0.0467887,0.07151525
HYPERGLYCEMIA_EVENT__std__missing,-0.017961182,-0.011115031,-0.06401271,-0.017685993,-0.016825408,-0.010135015,-0.057313874,0.029161315
HYPERTONIC_SALINE_BITZUA__std__missing,-0.16354999,-0.006252252,0.020067971,-0.035879828,-0.04254365,0.042845417,0.06100181,-0.057502378
HYPOGLYCEMIA_EVENT__std__missing,-0.008901158,0.023660488,0.021228839,-0.08107343,0.1987456,0.048619926,0.016785406,-0.051131032
INFECTION_EVENT__std__missing,-0.036550663,-0.040882092,0.021415705,0.21204005,-0.12696312,-0.036137965,-0.03349685,0.18423696
INFECTION_WBC_MEASURE__std__missing,-0.007875923,0.0028214352,-0.003779926,0.016940419,-0.0025538504,-0.03234966,-0.016097372,-0.010687231
KETONES_SERUM_MEASURE__std__missing,0.032843925,0.09986247,-0.0148284575,-0.007503601,0.010860477,-0.042309735,-0.0060990443,-0.12085309
KETONES_URINE_MEASURE__std__missing,0.017547648,-0.014429736,0.020206103,-0.029199855,-0.023109995,0.0015791941,0.012308787,-0.036061805
KIDNEY_COMPLICATION_EVENT__std__missing,-0.026744438,0.009619786,-0.011390771,0.029960975,-0.05588157,-0.0038265127,0.0066814655,0.028189093
KIDNEY_COMPLICATION_OBS__std__missing,0.023624802,0.018709185,-0.012224619,-0.0032874257,0.03709889,-0.08619077,-0.029827798,0.062538154
MEAL_Breakfast__std__missing,0.0259724,0.014259929,0.007667152,0.022428688,0.012314979,-3.8741262e-05,0.015730808,0.0038752677
MEAL_Dinner__std__missing,-0.015048222,0.018463118,0.008469842,0.006292209,0.023415036,0.034844175,0.036429394,0.032720413
MEAL_Lunch__std__missing,-0.012265711,-0.009625257,0.03026997,-0.007259859,0.035469417,0.0045188027,0.011547543,0.007851919
MEAL_Night-Snack__std__missing,-0.01475664,-0.00075418164,0.016380515,0.035487197,0.008428852,-0.0033788295,0.019856285,0.0051088207
METFORMIN_HOME_BITZUA__std__missing,-0.0299965,0.017954206,0.0029695611,0.099462315,-0.18538623,-0.015791468,-0.015453398,0.10816172
METFORMIN_HOSPITAL_BITZUA__std__missing,0.008937044,-0.15017417,0.000686257,-0.021716226,-0.112512745,-0.073911615,0.004124123,-0.07130041
NEUTROPHILS_MEASURE__std__missing,0.0074375253,0.023851786,0.026918085,0.00083619216,-0.01392355,0.0006432942,0.0061884676,0.008360095
PH_MEASURE__std__missing,-0.12380796,-0.032194354,0.052664563,0.039960153,0.025191179,0.01154728,0.042690042,0.078743204
PLT_MEASURE__std__missing,0.03276801,0.016740063,0.004540524,-0.016580492,0.021355297,0.014303278,-0.009891144,0.036637943
POTASSIUM_MEASURE__std__missing,-0.043719713,0.07356354,0.018996472,-0.054720946,2.1348156e-05,0.01190049,0.0016386874,-0.093921795
SEVERE_HYPERGLYCEMIA_EVENT__std__missing,0.03276422,-0.017956974,-0.07386899,-0.06234297,-0.041887604,0.0036596218,-0.086915165,-0.080242105
SEVERE_HYPOGLYCEMIA_EVENT__std__missing,-0.028850552,-0.057521824,-0.017132694,0.041922234,0.05072888,-0.01767929,-0.011673908,0.0380573
SGLT2_HOME_BITZUA__std__missing,0.030455232,0.03846939,0.027329165,0.045560632,0.07971858,0.034282155,0.013015569,0.062405013
SGLT2_HOSPITAL_BITZUA__std__missing,0.025604095,0.09066621,0.0018236367,0.061621256,0.15001628,0.05462611,-0.03065236,0.03942914
SODIUM_MEASURE__std__missing,0.013682366,0.051081575,0.0053705457,-0.02687638,0.01016566,0.018178679,0.004424524,-0.007631162
STEROIDS_IV_BITZUA__std__missing,0.021430125,-0.036883444,-0.007433014,0.051056832,-0.0066657183,-0.027193157,-0.058255367,0.008179406
STEROIDS_PO_BITZUA__std__missing,-0.014794519,0.020052113,0.048156053,-0.011454354,0.036699813,-0.009903583,0.014183544,-0.014089105
TROPONIN_MEASURE__std__missing,-0.085265614,-0.04912084,-0.0050650407,-0.009101028,0.20153773,-0.063140444,0.005633444,0.007351164
UREA_MEASURE__std__missing,-0.025709502,-0.024877934,-0.004578597,-0.0033926272,-0.060271095,-0.0056922697,-0.026222102,0.0078258505
URINE_CULTURE__std__missing,0.031928662,0.09235082,0.050224878,-0.0037032268,0.035171397,-0.026770262,0.018085148,0.06505765
WEIGHT_MEASURE__std__missing,-0.08372683,0.090886,0.023260508,0.04778937,-0.10180938,-0.06817941,-0.0014072519,0.034378707
ALANINE-AMINOTRANSFERASE_MEASURE__min__missing,-0.017842684,0.00939653,-0.009771323,0.001536428,0.0036565217,-0.010417689,0.013129794,-0.020298574
ALBUMIN_SERUM_MEASURE__min__missing,-0.0030201653,0.02011899,-2.444834e-05,-0.02452992,0.00060518435,0.0023494344,-0.005417431,-0.008891098
ANTIBIOTIC_IV_BITZUA__min__missing,0.016011918,-0.007724192,-0.015524967,-0.004189086,0.013877894,0.014773113,0.0064153518,-0.030531399
ANTIBIOTIC_PO_BITZUA__min__missing,0.006389131,0.019730482,0.005791295,0.024582095,0.012238991,0.018479718,0.02684678,0.012099828
ANTIDIABETIC_HIGH_HYPO_HOSPITAL_BITZUA__min__missing,0.003537066,-0.0020775863,-0.0211865,-0.03910926,0.0104905795,0.0155344345,-0.0014373894,-0.013199755
ASPARATE-AMINOTRANSFERASE_MEASURE__min__missing,0.013444179,-0.015810132,-0.0009091371,0.029162522,0.014646205,-0.0083141215,-0.0067542563,0.012826093
BASAL_DOSAGE__min__missing,-0.025080219,0.0022576835,-0.021069435,-0.035431847,0.013905952,-0.028843457,-0.03411467,-0.031861346
BASAL_HOME_BITZUA__min__missing,0.009383741,0.010609023,0.023946756,-0.015373374,-0.020367822,0.024198739,0.025591264,-0.019658264
BASE_GLUCOSE_MEASURE__min__missing,-0.010171478,-0.018917369,0.005440543,-0.010632319,0.023153843,-0.008450899,-0.022170275,-0.007198806
BICARBONATE_MEASURE__min__missing,0.00635006,-0.018496642,-0.028216427,-0.0064213313,-0.022309933,-0.019212045,0.010419555,-0.041248135
BLOOD_CULTURE__min__missing,0.0045452737,-0.011451276,0.023484832,0.0057770875,0.012736326,-0.014974595,0.007939454,-0.015517442
BLOOD_PRESSURE_DIASTOLIC_MEASURE__min__missing,0.010007523,0.009418096,-0.011902337,-0.012011977,-0.011255529,-0.01510187,0.0060940194,-0.008122339
BLOOD_PRESSURE_SYSTOLIC_MEASURE__min__missing,0.015464871,-0.02860019,0.00036966708,-0.019450173,-0.0030318724,-0.013006771,-0.007448867,0.015761364
BMI_MEASURE__min__missing,-0.0020776996,0.019563919,0.017327413,0.033967923,0.043451183,0.018969418,-0.0113973515,0.029250786
BODY_TEMPERATURE_MEASURE__min__missing,-0.006655562,-0.003173533,-0.015187514,0.016586361,-0.023594124,-0.0011587327,-0.0007299704,0.023652118
BOLUS_DOSAGE__min__missing,-0.011895785,-0.0037470963,-0.010209286,-0.01636872,0.017082015,-0.002948518,0.0187762,0.0049000345
CALCIUM-GLUCONATE_BITZUA__min__missing,-0.010272213,-0.013312061,-0.01757695,0.014847746,0.016724715,0.00901608,0.009984565,-0.0019163163
CARDIO-VASCULAR_DISORDER_EVENT__min__missing,-0.08728183,-0.002075692,-0.011010632,0.022633132,-0.012163734,-0.0011424744,0.010641194,0.016769165
CARDIOVASCULAR_DISORDER_OBS__min__missing,-0.021835366,0.019214232,0.005006261,-0.023793742,0.006461035,0.023109647,0.0042269314,-0.031477615
CHEST_XRAY__min__missing,-0.017700473,-0.008805283,-0.023941375,-0.017379072,-0.031953633,-0.027752306,0.014422956,-0.014452015
CREATINE-KINASE_MEASURE__min__missing,0.0052954215,0.020386845,0.011111833,-0.012945556,0.0357672,-0.0131157115,0.0014806475,0.02109865
CREATININE_SERUM_MEASURE__min__missing,-0.014143673,-0.0051065045,-0.020798804,0.0020444698,0.0067297067,-0.01715416,0.0034702038,-0.004574483
DEXTROSE_BITZUA__min__missing,-0.009606822,0.007768424,-0.0018226856,0.0021481477,0.01146886,0.026250849,0.013542001,-0.00257252
DIABETES_DIAGNOSIS__min__missing,-0.0021470697,-0.013738963,-0.030062102,0.00035555995,0.0171287,0.0032508203,-0.025048112,-0.015930641
DIALYSIS__min__missing,0.0067222053,-0.007886839,0.023299621,-0.008591157,-0.012508805,0.012974062,0.0060926443,0.0028549733
E-GFR_MEASURE__min__missing,-0.0017704001,-0.021764249,-0.014926223,-0.0033511464,0.0459646,-0.021364456,-0.00584731,-0.024744729
EGFR_MEASURE__min__missing,-0.020484298,0.031801004,-0.011043664,-0.0047376766,0.0003608737,-0.006580394,0.009993071,-0.032273762
GLUCOSE_MEASURE__min__missing,0.019385178,0.005057631,0.023279153,-0.013076961,-0.00030580602,0.008777355,0.006524796,0.0056214067
HEART_RATE_MEASURE__min__missing,0.020082958,0.013786382,0.0179826,-0.01537596,-0.019854546,0.014447814,0.008310561,0.011147067
HEMATOCRIT_MEASURE__min__missing,-0.011250219,-0.012143436,0.018933099,0.013402282,-0.03080886,0.025369076,-0.003231371,0.00016757207
HEMOGLOBIN_MEASURE__min__missing,0.017558742,-0.048423093,-0.024401983,-0.029219056,-0.0016999653,-0.0011928966,0.0028934565,-0.011131868
HEPARIN_IV_BITZUA__min__missing,0.0061292117,-0.008228806,0.020497242,-0.009006056,0.015281816,0.016677467,0.006349761,-0.018970981
HYPERGLYCEMIA_EVENT__min__missing,0.001929724,-0.0076658335,-0.009156573,-0.014464569,-0.029444925,-0.003507176,-0.031202607,-0.028188448
HYPERTONIC_SALINE_BITZUA__min__missing,-0.0068682865,-0.0017997827,-0.021854626,0.02022816,-0.011717389,-0.016821207,-0.010952026,0.0108354315
HYPOGLYCEMIA_EVENT__min__missing,0.00041275047,-0.009252993,-0.009102748,-0.043329794,0.025275512,0.01974888,0.026209123,-0.034831762
INFECTION_EVENT__min__missing,-0.012234236,-0.0018162089,0.0209045,-0.00173748,-0.0034943232,3.1015745e-05,0.022467678,-0.023652697
INFECTION_WBC_MEASURE__min__missing,-0.019597108,0.01449607,-0.006514109,-0.0029183459,-0.010684097,0.002512026,0.00083193794,-0.01671493
KETONES_SERUM_MEASURE__min__missing,-0.0072512426,0.019238701,0.007183137,-0.00725161,0.0060634776,-0.01941716,-0.008085092,0.0049379887
KETONES_URINE_MEASURE__min__missing,-0.0019203061,0.005516554,-0.017102135,0.0032496187,-0.045351867,-0.010617518,0.007883281,-0.004960348
KIDNEY_COMPLICATION_EVENT__min__missing,0.010872205,-0.004999587,-0.0058452906,-0.00795539,0.009533584,-0.06504255,-0.0128261885,-0.008826495
KIDNEY_COMPLICATION_OBS__min__missing,-0.015061751,0.0030750146,-0.0142052965,-0.0051395185,-0.009050061,-0.036453348,0.022515679,0.020751879
METFORMIN_HOME_BITZUA__min__missing,0.0025389264,0.0044025327,-0.0044777147,0.008036515,0.022267988,0.020954935,0.0015845795,0.0032648218
METFORMIN_HOSPITAL_BITZUA__min__missing,-0.013401991,0.015697887,-0.013734155,0.011455128,0.008309847,0.016318751,0.027384283,0.022709046
NEUTROPHILS_MEASURE__min__missing,0.019656897,-0.0059308363,0.008332153,0.011194828,0.007926653,0.004331831,-0.008739939,0.004770838
PH_MEASURE__min__missing,-0.01082796,-0.011612726,-0.02115653,0.045183495,0.008704057,0.00040399263,0.0032306314,0.028350795
PLT_MEASURE__min__missing,0.0014611538,0.013681842,-0.0043014837,-0.0034517965,0.020338705,0.0030669693,-0.00538635,0.0031104693
POTASSIUM_MEASURE__min__missing,-0.028104879,-0.0148489615,-0.010517655,0.0068972725,-0.011917664,0.0015571963,0.014811996,-0.014458947
SEVERE_HYPERGLYCEMIA_EVENT__min__missing,0.016304411,-0.024399912,0.0028552245,0.0019017516,-0.0061263293,0.0063489787,-0.030282654,-0.020217886
SEVERE_HYPOGLYCEMIA_EVENT__min__missing,0.03010727,-0.0039004714,-0.015109016,0.0019283715,-0.026253857,-0.0084215,-0.0066901236,-0.014988264
SGLT2_HOME_BITZUA__min__missing,-0.025771473,0.02658695,-0.010630785,-0.0018211178,0.02824797,0.0029808467,0.0125913145,0.027456207
SGLT2_HOSPITAL_BITZUA__min__missing,-0.014497215,0.004156873,-0.014032751,0.0013868425,-0.019149508,0.022549441,0.014981285,0.023361119
SODIUM_MEASURE__min__missing,-0.0027057773,-0.014345394,0.019360712,-0.014894053,-0.01696143,0.023446249,0.014945368,0.008064564
STEROIDS_IV_BITZUA__min__missing,0.014020978,-0.016949689,-0.010769051,0.029253135,-0.0045314054,0.0016857374,0.018048653,-0.0018015126
STEROIDS_PO_BITZUA__min__missing,-0.023156311,0.0054186787,0.003022124,-0.029170627,0.0017648768,-0.0008173873,-0.020236347,-0.024205945
TROPONIN_MEASURE__min__missing,-3.3688986e-05,0.010917857,0.01787138,-0.012656709,-0.0018427772,0.024557244,0.005681162,0.0058474974
UREA_MEASURE__min__missing,0.012776771,-0.012021885,-0.0341143,-0.048368074,-0.035048403,0.009703318,0.013380142,0.024691207
URINE_CULTURE__min__missing,-0.038827192,-0.010636837,9.631172e-05,-0.027704163,-0.0130508095,-0.0012108465,-0.013038603,-0.0009280166
WEIGHT_MEASURE__min__missing,0.008677904,0.021668082,-0.0023186512,0.015281628,-0.016992982,0.02017918,-0.013878304,-0.0065881032
ALANINE-AMINOTRANSFERASE_MEASURE__max__missing,-0.012572031,0.010172893,-0.00010304926,0.0073211314,-0.0023979545,0.0013588856,0.000796906,-0.01702247
ALBUMIN_SERUM_MEASURE__max__missing,-0.017493231,0.0033836109,0.005252905,-0.012210285,-0.0060539683,0.019808255,-0.007812568,0.022021769
ANTIBIOTIC_IV_BITZUA__max__missing,0.0074168933,0.0007186607,0.0018346873,0.022408908,-0.0025817575,0.02155416,0.0020263689,-0.030757261
ANTIBIOTIC_PO_BITZUA__max__missing,0.0005372017,-0.008692894,0.012609044,-0.020661224,0.029068833,0.007603133,-0.0112787895,0.012326604
ANTIDIABETIC_HIGH_HYPO_HOSPITAL_BITZUA__max__missing,0.029216154,-0.008492252,0.017622653,-0.0110445395,-0.027894126,-0.0024703988,0.009309171,-0.0052029737
ASPARATE-AMINOTRANSFERASE_MEASURE__max__missing,0.0015112832,0.012661029,0.008624648,0.02614227,0.0022536835,0.020406215,-0.019098155,0.032515727
BASAL_DOSAGE__max__missing,-0.019142792,-0.013893017,-0.03870934,-0.018894307,0.00017517069,0.005098751,0.002846684,-0.042423747
BASAL_HOME_BITZUA__max__missing,-0.005904975,-0.014207718,-0.0041501266,-0.0013736686,0.026815433,0.012206902,0.024330525,-0.025466213
BASE_GLUCOSE_MEASURE__max__missing,0.007205346,0.0057872855,-0.026206065,-0.0063406136,-0.0089491615,0.011517488,-0.017041255,-0.0003224853
BICARBONATE_MEASURE__max__missing,0.018236699,-0.02507198,-0.017391983,-0.041776903,-0.043788493,-0.0189791,-0.017916622,-0.0676316
BLOOD_CULTURE__max__missing,-0.011050587,-0.023221826,-0.020947844,-0.006634596,0.021652661,0.0034654802,0.002382921,-0.006904455
BLOOD_PRESSURE_DIASTOLIC_MEASURE__max__missing,0.034864645,-0.0075886818,-0.0066366084,-0.014540729,0.026717523,0.010689367,0.0077526113,-0.0042329337
BLOOD_PRESSURE_SYSTOLIC_MEASURE__max__missing,-0.0042865407,0.0039798724,-0.02256589,0.017339144,0.0007882998,0.019301884,0.00885201,0.0032051753
BMI_MEASURE__max__missing,-0.01756645,0.008367971,0.010795352,0.0031080458,0.028793763,0.03269446,0.013904102,-0.0068236366
BODY_TEMPERATURE_MEASURE__max__missing,-0.005191935,0.024620652,1.6278223e-05,-0.002834344,-0.009155804,0.009173871,0.006214982,-0.005851588
BOLUS_DOSAGE__max__missing,-0.01359104,0.0025375232,-0.0062782187,0.0039171665,0.01775414,-0.027709616,-0.006566382,0.0083612325
CALCIUM-GLUCONATE_BITZUA__max__missing,-0.023038607,-0.014240958,0.006270683,-0.011640409,-0.00255975,-0.0055116923,-0.019313741,-0.009397992
CARDIO-VASCULAR_DISORDER_EVENT__max__missing,-0.069449134,0.009478638,-0.010011606,0.007936142,0.023144683,-0.0004103552,0.012353219,0.0233136
CARDIOVASCULAR_DISORDER_OBS__max__missing,-0.0050834054,0.018858556,-0.004861778,-0.03840716,-0.027443543,0.023362372,0.01169144,-0.04443242
CHEST_XRAY__max__missing,-0.053109802,-0.0026993195,0.010642482,0.02315362,-0.016369298,-0.02409539,0.016818125,0.016038397
CREATINE-KINASE_MEASURE__max__missing,-0.013376761,0.0074649374,0.010673621,-0.019255562,0.0014454888,-0.008898199,-0.0012606865,0.01184842
CREATININE_SERUM_MEASURE__max__missing,-0.0066653183,0.012125082,0.024366599,0.029878102,-0.00775407,-0.012777474,0.010667669,-0.030482566
DEXTROSE_BITZUA__max__missing,0.024376519,-0.002137654,0.00875911,0.017620264,0.008006151,0.0035323063,-0.017388519,0.01795687
DIABETES_DIAGNOSIS__max__missing,0.005116151,0.030887797,-0.0028549372,0.006737367,-0.0042665107,0.030720267,-0.015934857,-0.012285036
DIALYSIS__max__missing,-0.007410308,-0.04106242,0.002141911,0.012274242,-0.046155863,0.0006436856,0.03739532,0.014393392
E-GFR_MEASURE__max__missing,0.021818973,-0.0286843,0.022228142,-0.0053190375,0.0469569,0.014035616,-0.00973258,-0.017625114
EGFR_MEASURE__max__missing,-0.0008182051,0.0055950163,0.023244662,-0.032482482,0.0027622576,-0.01442636,0.021401064,-0.016239718
GLUCOSE_MEASURE__max__missing,0.013626162,-0.0055323592,0.009960781,-0.013471144,0.007908175,-0.011107182,-0.001974743,-0.0034624243
HEART_RATE_MEASURE__max__missing,-0.0062051183,-0.0025998103,0.0057229865,0.027826674,0.0016627117,-0.0036150287,0.012217115,0.0155617995
HEMATOCRIT_MEASURE__max__missing,0.011402254,0.035386074,0.010405607,0.013462424,-0.0014994339,-0.002482732,0.0043050223,0.03185171
HEMOGLOBIN_MEASURE__max__missing,-0.023230871,-0.012363877,0.010337883,0.006314914,0.0065052756,-0.01598039,-0.00962157,-0.011869529
HEPARIN_IV_BITZUA__max__missing,-0.011230362,0.02124388,0.015833769,0.0028796063,0.016186353,0.02148371,0.01613429,0.0020079303
HYPERGLYCEMIA_EVENT__max__missing,-0.001236374,-0.016757987,-0.035613973,0.010832338,-0.013535852,0.008728871,-0.039842248,1.971563e-06
HYPERTONIC_SALINE_BITZUA__max__missing,0.016726175,-0.0046656337,0.0062769633,0.022311604,0.018485911,0.010512684,0.014131981,0.009139775
HYPOGLYCEMIA_EVENT__max__missing,0.0014167641,-0.018379958,0.0004842063,-0.04153617,0.008947428,0.029034583,-0.008159426,-0.023499511
INFECTION_EVENT__max__missing,-0.0023071712,0.012846694,-0.009974594,0.00071692123,0.006388785,-0.0040175235,-0.021502754,0.007769612
INFECTION_WBC_MEASURE__max__missing,0.002539556,0.0141492495,-0.016328748,0.040407058,0.006589283,-0.011149099,-0.017228395,0.014826672
KETONES_SERUM_MEASURE__max__missing,-0.0155026885,0.0019318614,-0.01515003,0.01311374,0.0014390381,-0.012658994,-0.010395555,-0.004326166
KETONES_URINE_MEASURE__max__missing,0.023949664,0.007498224,0.022986444,0.008834148,-0.004401694,0.010944414,-0.0036334544,-0.0264766
KIDNEY_COMPLICATION_EVENT__max__missing,-0.028332273,0.006805678,0.005743519,-0.021589512,0.028215015,-0.039516192,0.004916309,-0.03270561
KIDNEY_COMPLICATION_OBS__max__missing,0.013302059,0.008369286,0.0040508066,-0.012587228,0.020596607,-0.021720001,-0.010260998,0.01324107
METFORMIN_HOME_BITZUA__max__missing,0.015424927,-0.008678112,-0.016491242,-0.01461931,0.017593931,-0.0013375139,-0.0007392908,0.00034133345
METFORMIN_HOSPITAL_BITZUA__max__missing,0.013185476,0.020606041,0.024674645,0.008509015,0.012805728,0.029972507,0.023051148,0.016624784
NEUTROPHILS_MEASURE__max__missing,0.0030977398,0.016966889,-0.011653708,-0.009459284,-0.008253747,-0.012041165,-0.003172958,-0.01706164
PH_MEASURE__max__missing,0.0013349886,0.020677695,-0.0056091687,0.029328058,0.017466448,-0.022291025,0.024399454,0.06111987
PLT_MEASURE__max__missing,-0.0014946569,0.016936872,0.009933429,0.008219334,0.01751848,-0.014987,0.014397587,0.0021943403
POTASSIUM_MEASURE__max__missing,0.011708509,-0.005838306,-0.012586049,-0.019762998,0.003284369,0.006847601,-0.010656901,-0.019934086
SEVERE_HYPERGLYCEMIA_EVENT__max__missing,-0.0062161433,-0.012752948,0.0027524224,-0.014209978,-0.004665364,0.005772727,-0.00014637697,-0.03649821
SEVERE_HYPOGLYCEMIA_EVENT__max__missing,-0.020333866,-0.024740377,-0.021852596,0.021198424,-0.014634232,-0.008398814,0.0007393309,0.0049733073
SGLT2_HOME_BITZUA__max__missing,0.013826824,0.029067319,-0.019724341,0.017695129,-0.007820798,-0.023235269,0.010634153,-0.019880513
SGLT2_HOSPITAL_BITZUA__max__missing,-0.0046819653,0.019837672,0.002718282,0.043062516,0.026562404,0.016139757,-0.025540832,0.0015622661
SODIUM_MEASURE__max__missing,0.016459333,0.014339398,-0.0020654812,0.031009154,-0.0060523795,0.022499606,0.009421136,0.009888044
STEROIDS_IV_BITZUA__max__missing,0.015187059,-0.03662353,-0.0033505438,-0.009306873,0.02157167,0.028372806,-0.0066648596,0.022156736
STEROIDS_PO_BITZUA__max__missing,0.02393125,0.011737361,0.006365735,-0.011493131,-0.0069872015,-0.0018112038,0.0038342602,-0.03424918
TROPONIN_MEASURE__max__missing,-0.0136421155,0.0021966908,-0.015874363,-0.007606438,0.024679225,0.020557811,0.0072821947,-0.004647894
UREA_MEASURE__max__missing,0.005136891,0.008413836,-0.006113361,-0.012906166,-0.030847447,0.010306018,-0.008348625,-0.011951721
URINE_CULTURE__max__missing,-0.001433522,0.00062816386,-0.025272476,0.0009807525,-0.018538164,0.0029012389,0.012619904,0.010173139
WEIGHT_MEASURE__max__missing,0.010196873,0.008971003,-0.020527994,-0.020947019,-0.0044324687,0.018665064,0.013453994,-0.00059935235
ALANINE-AMINOTRANSFERASE_MEASURE__first__missing,0.009576038,0.0081964675,0.0032232269,-0.03195605,-0.0073756995,0.00017998228,0.0013904922,-0.0017984482
ALBUMIN_SERUM_MEASURE__first__missing,-0.014741234,-0.014661651,0.0014989509,-0.0084780045,-0.010731958,0.00085297454,-0.0055038133,0.019812938
ANTIBIOTIC_IV_BITZUA__first__missing,-0.0022331364,0.016542386,-0.0006944814,0.0309013,-0.0074460837,0.016004838,0.015804775,-0.016888054
ANTIBIOTIC_PO_BITZUA__first__missing,0.0029348396,0.007576058,-0.0058558206,0.006459985,-0.009646474,0.011942173,-0.018189322,-0.0063669514
ANTIDIABETIC_HIGH_HYPO_HOSPITAL_BITZUA__first__missing,-0.003158817,-0.0020948309,0.01064231,-0.030833378,-0.015587593,-0.029897507,0.009856222,-0.027384099
ASPARATE-AMINOTRANSFERASE_MEASURE__first__missing,0.027593534,-0.018774923,-0.013382302,0.008383744,-0.030472478,-0.012245627,0.008621525,0.023570329
BASAL_DOSAGE__first__missing,0.013033427,0.0122391,-0.04087401,-0.046098426,0.001848883,-0.020066695,-0.042144746,-0.05241255
BASAL_HOME_BITZUA__first__missing,0.013536708,0.016115842,0.006618283,-0.03030112,0.02384541,0.023020592,-0.01384582,0.003873314
BASE_GLUCOSE_MEASURE__first__missing,0.006151629,-0.00531776,0.01706191,-0.025500385,0.008879885,-0.00017116335,0.0010915241,0.00795347
BICARBONATE_MEASURE__first__missing,0.014874046,-0.0038002627,-0.028521094,-0.022894626,-0.008488049,-0.009953196,0.014375753,-0.039639756
BLOOD_CULTURE__first__missing,0.00715267,0.01208772,-0.017953543,-0.018540997,0.020243332,0.027620705,-0.0024391245,-0.00836586
BLOOD_PRESSURE_DIASTOLIC_MEASURE__first__missing,0.017222783,-0.022134854,-0.02657579,0.014072854,0.013170043,-0.011679343,0.0020938106,0.015511572
BLOOD_PRESSURE_SYSTOLIC_MEASURE__first__missing,0.01492618,0.018014703,0.006207744,-0.010389701,-0.010795246,0.016492516,0.0024222918,-0.0097672045
BMI_MEASURE__first__missing,-0.005915563,0.011194013,-0.009839139,0.026850788,0.0024156023,-0.013142453,-0.024043906,0.036333963
BODY_TEMPERATURE_MEASURE__first__missing,-0.00022900943,0.023094187,0.006709602,-0.01876915,0.008084187,-0.011479384,0.007823932,-0.009948961
BOLUS_DOSAGE__first__missing,-0.00047927935,0.0046453183,0.013914333,-0.0071689785,-0.015108426,0.016161952,-0.0037401465,-0.032141116
CALCIUM-GLUCONATE_BITZUA__first__missing,-0.0029973707,-0.014974387,0.005153878,-0.010837105,-0.0100341905,-0.016144287,-0.0075476165,-0.02535079
CARDIO-VASCULAR_DISORDER_EVENT__first__missing,-0.04005617,-0.007610917,-0.015982313,-0.015708838,-0.020224668,-0.028763903,0.0032298963,0.022404242
CARDIOVASCULAR_DISORDER_OBS__first__missing,0.010214637,0.018909667,-0.034248106,-0.061623305,-0.00033004483,0.019313024,-0.01793091,-0.024680924
CHEST_XRAY__first__missing,-0.016276814,-0.008986984,0.007982874,0.015999531,-0.0102606425,-0.0010787824,-0.00476284,0.0017332857
CREATINE-KINASE_MEASURE__first__missing,0.018417984,-0.016204508,0.016814658,-0.0148758795,0.020784786,-0.00819905,0.023484008,-0.005653255
CREATININE_SERUM_MEASURE__first__missing,-0.013276176,0.014231235,-0.0033761875,0.0139363585,0.0353732,-0.01669858,-0.008784721,-0.02216595
DEXTROSE_BITZUA__first__missing,-0.0013132826,0.011111973,0.0072137173,0.010469285,-0.006835289,0.014410794,-0.016827146,-0.013494406
DIABETES_DIAGNOSIS__first__missing,0.005941218,-0.0027741618,0.0046909954,-0.013780776,0.019829284,0.016564997,-0.017435128,0.007956145
DIALYSIS__first__missing,0.013825901,-0.0137729095,0.0100734895,-0.0015189324,-0.0351887,-0.03048977,-0.0014109033,-0.026498135
E-GFR_MEASURE__first__missing,-0.021068368,-0.051462483,0.0081152525,-0.006491016,0.018746607,0.0078216605,-0.0020675343,0.013652055
EGFR_MEASURE__first__missing,-0.00070832064,0.010317811,-0.024994314,-0.0026413775,0.028098587,0.00034249615,0.015160452,-0.010765119
GLUCOSE_MEASURE__first__missing,-0.007866263,0.028767819,-0.0007760091,-0.014170822,0.01942554,0.0047497246,0.006936043,-0.014828647
HEART_RATE_MEASURE__first__missing,-0.005952056,0.0055086045,-0.014359131,-0.016807647,-0.015525935,0.009386751,0.02203953,-0.017595723
HEMATOCRIT_MEASURE__first__missing,0.00037093298,0.011084375,-0.02494207,0.03181653,-0.04039672,-0.0072088065,-0.014872446,-0.007025729
HEMOGLOBIN_MEASURE__first__missing,0.010384649,-0.015215155,-0.031821214,-0.030975971,-0.0027170815,0.0038234566,0.0032054614,-0.043916035
HEPARIN_IV_BITZUA__first__missing,0.031240012,0.0007630627,0.018803235,0.0046335743,-0.011116754,0.015613095,-0.005942237,0.016248703
HYPERGLYCEMIA_EVENT__first__missing,0.01935955,0.006894053,-0.018129032,-0.0027025205,-0.02331506,-0.028046302,0.0009525891,-0.015764838
HYPERTONIC_SALINE_BITZUA__first__missing,0.022331458,-2.16572e-05,0.011838454,0.0038345305,-0.0063653276,-0.0027144388,-0.008043827,0.020677455
HYPOGLYCEMIA_EVENT__first__missing,-0.0028124382,-0.010645119,-0.0012404867,-0.008142198,0.042274345,0.01654988,0.00012746175,-0.038698588
INFECTION_EVENT__first__missing,-0.018078577,-0.005875266,-0.010832816,-0.007192019,0.03026563,0.008214772,-0.01568958,0.004294398
INFECTION_WBC_MEASURE__first__missing,0.020050125,0.02623817,-0.022927115,0.012878719,-0.016847553,-0.0084925005,-0.017376559,0.00026856002
KETONES_SERUM_MEASURE__first__missing,-0.004789287,0.009740968,-0.014604172,-0.006360999,0.027394768,-0.0054679103,-0.0036398703,-0.029244246
KETONES_URINE_MEASURE__first__missing,0.0046775197,0.0015277206,-0.0053019263,0.011821209,-0.002707122,0.011495368,0.019670228,-0.032368798
KIDNEY_COMPLICATION_EVENT__first__missing,0.0008061432,0.007264294,0.020367796,-0.03212041,-0.010756898,-0.051520485,-0.025352852,-0.033180803
KIDNEY_COMPLICATION_OBS__first__missing,0.014497778,0.017141728,-0.022449724,0.029978069,-0.014963634,-0.036594074,0.029415859,0.009723762
METFORMIN_HOME_BITZUA__first__missing,0.02504248,-0.001979396,0.0033262745,0.00090215,-0.010757216,0.02150655,0.00032000092,-0.02977555
METFORMIN_HOSPITAL_BITZUA__first__missing,-0.02142311,0.029326808,0.023272848,0.020803377,-0.012265927,0.019687193,-0.018253447,0.03056486
NEUTROPHILS_MEASURE__first__missing,0.0065107024,-0.01855819,0.024513705,-0.011203314,-0.0065443465,0.00086740276,0.0021521423,-0.017797355
PH_MEASURE__first__missing,0.005549282,0.011575402,0.016894564,0.035381123,-0.013366011,-0.009805841,0.010338874,0.04317514
PLT_MEASURE__first__missing,0.032984164,-0.013003574,-0.011909143,-0.0075413045,0.010410967,-0.00804448,0.008639107,0.019743985
POTASSIUM_MEASURE__first__missing,-0.015403928,0.02130131,0.0031354746,0.0007858381,0.0031027745,0.00021919848,-0.02193825,-0.017087098
SEVERE_HYPERGLYCEMIA_EVENT__first__missing,-0.014980079,0.0075471667,-0.0039930753,-0.029768143,0.020063456,0.023673745,-0.035199888,-0.010201248
SEVERE_HYPOGLYCEMIA_EVENT__first__missing,0.009599226,-0.006546819,-0.0029811107,0.013124061,-0.019180063,0.01887757,0.009116293,0.013802231
SGLT2_HOME_BITZUA__first__missing,0.015084094,0.037650637,0.01867655,0.014736395,0.022130704,-0.022203384,-0.0088614635,-0.010556326
SGLT2_HOSPITAL_BITZUA__first__missing,0.00085183274,0.0197134,-0.0032213347,0.0015876975,0.01764781,-0.010566329,0.0015107485,0.03400293
SODIUM_MEASURE__first__missing,0.0092320265,-0.01617715,0.013362159,0.019594882,0.015669037,0.017693158,-0.016639268,0.017071528
STEROIDS_IV_BITZUA__first__missing,0.020882282,-0.02017034,-0.020056894,0.010430924,-0.027410872,0.004109697,0.020406274,0.029409952
STEROIDS_PO_BITZUA__first__missing,-0.015499735,0.017020922,0.012736565,-0.013556043,0.019154834,0.0015818474,0.010467116,-0.022043597
TROPONIN_MEASURE__first__missing,-0.0080406815,-0.0055064303,-0.014162726,0.013243274,0.026487244,-0.016584802,-0.007869258,-0.017950917
UREA_MEASURE__first__missing,-0.008072979,0.00012760663,-0.0055487584,-0.004536459,-0.017417995,0.0010884493,0.010384423,-0.005115175
URINE_CULTURE__first__missing,0.00013257065,0.0040141433,-0.011374287,0.0020102623,-0.0051006256,0.008315076,0.020106351,-0.026597353
WEIGHT_MEASURE__first__missing,-0.013110702,0.026507214,-0.012799886,-0.022834243,-0.015596962,0.0028686065,0.0017897865,-0.014010741
ALANINE-AMINOTRANSFERASE_MEASURE__last__missing,-0.0080343,0.0022608638,-0.022615734,-0.024366053,-0.0069838944,-0.0044073462,0.014494957,-0.0003038793
ALBUMIN_SERUM_MEASURE__last__missing,0.027315367,-0.0109908795,0.018363122,0.016976189,-0.02410798,0.009631877,0.0076386733,-0.0061405823
ANTIBIOTIC_IV_BITZUA__last__missing,-0.0058964426,-0.016071953,-0.012719058,-0.009902602,0.00095381454,0.01552978,-0.020844407,-0.0015563306
ANTIBIOTIC_PO_BITZUA__last__missing,0.013167733,-0.0094151525,0.01655953,-0.0052040685,0.022968378,0.008579503,-0.008628236,0.017732423
ANTIDIABETIC_HIGH_HYPO_HOSPITAL_BITZUA__last__missing,-0.015589782,-0.0015099375,-0.0071208817,-0.048561066,-0.018965447,0.0053933393,0.020134695,-0.019190505
ASPARATE-AMINOTRANSFERASE_MEASURE__last__missing,0.012670554,-0.014448383,-0.021527193,0.040349875,-0.022061357,-0.0051856497,-0.0123015605,0.03083788
BASAL_DOSAGE__last__missing,-0.03402372,-0.0287904,-0.029856905,-0.050487004,-0.013200047,-0.01713336,0.0063569797,-0.012402024
BASAL_HOME_BITZUA__last__missing,0.016900253,-0.026263049,-0.009079205,-0.007959064,0.0013995742,-0.023144538,0.008437194,0.006274491
BASE_GLUCOSE_MEASURE__last__missing,0.028317181,0.020338073,0.010132578,-0.020376055,-0.009380947,0.0005245129,-0.008121434,0.007454937
BICARBONATE_MEASURE__last__missing,0.002430744,-0.019814251,-0.0067918585,-0.03175161,-0.0025002083,-0.012307537,-0.020168101,-0.043421123
BLOOD_CULTURE__last__missing,-0.013714392,-0.01017915,-0.012256927,-0.0123678325,0.0019732476,0.0003847273,-0.011231268,-0.02751008
BLOOD_PRESSURE_DIASTOLIC_MEASURE__last__missing,0.0051534167,0.01710009,-0.01272148,-0.0053974674,-0.009702281,-0.009203788,-0.009760713,-0.0116921505
BLOOD_PRESSURE_SYSTOLIC_MEASURE__last__missing,-0.0069059827,0.008279248,0.016260276,-0.010368727,-0.017971326,0.027254222,0.0024631363,0.004002069
BMI_MEASURE__last__missing,0.009770433,-0.013534115,-0.0018346491,0.029209467,0.03364623,0.026024852,-0.0036901708,0.019337775
BODY_TEMPERATURE_MEASURE__last__missing,0.010440943,-0.011568918,-0.0015233454,0.011374335,-0.00867056,0.022491457,0.0071241516,0.009299866
BOLUS_DOSAGE__last__missing,-0.007825366,-0.004126025,0.011512828,0.0009258563,0.0061109103,-0.024813008,0.022523224,0.00286591
CALCIUM-GLUCONATE_BITZUA__last__missing,-0.0196269,-0.0059277522,-0.01548347,-0.021789847,0.00082672306,0.018681183,-0.0001417121,0.01861282
CARDIO-VASCULAR_DISORDER_EVENT__last__missing,-0.076388374,-0.0074283183,-0.0013169041,0.004769488,-0.024969086,0.008721439,-0.015686968,0.0056665647
CARDIOVASCULAR_DISORDER_OBS__last__missing,0.0012794589,-0.009531823,0.006065621,-0.024404194,0.015287869,-0.016919473,-0.015632143,-0.046981763
CHEST_XRAY__last__missing,-0.053959534,-0.042463504,0.014215122,0.033046294,-0.024665466,-0.037620433,-0.018426726,0.013145073
CREATINE-KINASE_MEASURE__last__missing,0.024492776,-0.007958145,-0.0034856906,-0.015635492,0.012725845,-0.005957346,-0.017906142,0.01327678
CREATININE_SERUM_MEASURE__last__missing,-0.006947624,-0.006810145,0.026031313,-0.0074503915,0.024022082,0.010092581,-0.006976705,0.01174375
DEXTROSE_BITZUA__last__missing,0.00069063087,-0.013644536,0.0013684909,0.0033782134,-0.03326342,0.014237281,-0.029688345,0.0074885665
DIABETES_DIAGNOSIS__last__missing,-0.0060142432,0.021145971,0.0016169583,-0.026505532,0.0162213,0.043978296,0.0040089064,-0.018816125
DIALYSIS__last__missing,-0.004336573,-0.032190196,0.019138739,-0.005818677,-0.046537463,-0.031710695,-0.00064514123,-0.02416062
E-GFR_MEASURE__last__missing,-0.024285791,-0.0146330325,0.023009611,-0.014497329,0.04904562,-0.028555997,0.033391967,0.011767926
EGFR_MEASURE__last__missing,0.014496699,0.0054875296,-0.0015211334,0.0145842545,0.036303975,-0.0052189827,0.01608579,-0.024369555
GLUCOSE_MEASURE__last__missing,-0.013573547,0.0022694266,0.0063210516,0.01560354,-0.007350701,0.008938588,-0.0010877389,0.0047299843
HEART_RATE_MEASURE__last__missing,0.010458124,-0.0052750506,0.011167118,0.005394551,-0.01554418,0.021433024,-0.021727564,0.017791083
HEMATOCRIT_MEASURE__last__missing,0.021872519,0.029449988,0.0029524013,-0.0035320052,-0.0035929037,0.011531558,-0.0073901825,0.018741447
HEMOGLOBIN_MEASURE__last__missing,-0.020146579,-0.038992118,-0.0013550227,-0.0019305636,-0.012709973,0.008201416,0.020159569,-0.028731557
HEPARIN_IV_BITZUA__last__missing,-0.010169776,-0.0068266285,-0.019535273,-0.013582601,0.015757808,-0.002467482,0.017684354,0.0048972946
HYPERGLYCEMIA_EVENT__last__missing,0.017129151,-0.024931584,-0.026195176,0.0077202935,-0.018770393,0.014074045,-0.038259972,-0.027467301
HYPERTONIC_SALINE_BITZUA__last__missing,-0.011340355,-0.009372031,-0.021358924,-0.020144243,-0.017497722,-0.017360218,-0.02997568,0.0042056767
HYPOGLYCEMIA_EVENT__last__missing,0.019219873,0.02298993,0.0018712688,-0.033221707,0.027152127,-0.014884169,0.010294455,-0.015296614
INFECTION_EVENT__last__missing,-0.011269091,-0.001730079,-0.020676093,-0.011063116,-0.013254773,-0.00088135415,0.0239196,-0.007709178
INFECTION_WBC_MEASURE__last__missing,-0.011905848,0.00085161306,-0.012226311,0.010827566,-0.017496757,-0.009022398,-0.006337215,-0.018372197
KETONES_SERUM_MEASURE__last__missing,0.012629995,0.0014698191,-0.0012135943,0.011129711,0.0072136405,-0.009149866,0.010584318,0.01808825
KETONES_URINE_MEASURE__last__missing,-0.004593001,-0.0167376,-0.01994156,-0.011499093,-0.021283142,-0.014983073,-0.018970545,0.004332309
KIDNEY_COMPLICATION_EVENT__last__missing,-0.02110846,-0.012776081,-0.013577941,-0.026920142,0.02562258,-0.059270333,0.008335097,-0.019067299
KIDNEY_COMPLICATION_OBS__last__missing,-9.94148e-05,-0.0124760615,0.008695536,0.01851582,0.01897379,-0.046377584,0.01677879,0.040111512
METFORMIN_HOME_BITZUA__last__missing,0.03551304,0.0050160065,0.0055879075,-0.01610472,0.02820521,-0.00650097,-0.0066939984,-0.0022768027
METFORMIN_HOSPITAL_BITZUA__last__missing,-0.008298222,0.00988969,0.0023133324,-0.0006931254,0.03160903,0.0070192073,0.013481934,0.009750823
NEUTROPHILS_MEASURE__last__missing,0.0055522774,0.015892226,-0.006404417,0.012334151,0.009465025,-0.019412203,-0.02158074,0.012240923
PH_MEASURE__last__missing,0.031708185,-0.02056707,0.012384224,0.029073691,-0.01656876,-1.9234483e-06,-0.018686287,0.055989403
PLT_MEASURE__last__missing,0.0013048387,-0.0015013427,-0.0136136925,0.014820771,0.0021388393,-0.007345106,0.002981401,0.024624148
POTASSIUM_MEASURE__last__missing,-0.024665648,-0.015693013,-0.013847382,-0.011991388,0.0022058783,-0.014276519,-0.011774889,0.0043497807
SEVERE_HYPERGLYCEMIA_EVENT__last__missing,0.009387877,0.009615605,-0.013903146,-0.003541084,-0.010019325,0.011914353,-0.013141971,-0.021456765
SEVERE_HYPOGLYCEMIA_EVENT__last__missing,-0.01439647,-0.012994923,-0.015176048,-0.02441538,-0.027194679,-0.003957114,-0.007273962,-0.015467556
SGLT2_HOME_BITZUA__last__missing,-0.0241403,0.039346028,-0.00544264,-0.015552783,-0.010024469,0.013374127,0.007406399,0.02942848
SGLT2_HOSPITAL_BITZUA__last__missing,0.009150992,0.004544175,0.018416967,0.027902575,-0.011253203,0.010794483,0.012311537,0.0035790224
SODIUM_MEASURE__last__missing,-0.015995344,-0.011301062,9.112643e-05,0.008153935,-0.0068671317,-0.0066467226,-0.020969471,-0.0041849934
STEROIDS_IV_BITZUA__last__missing,0.022647377,0.0123523595,-0.0038611086,-0.016196031,-0.009171731,-0.012982882,-0.007843665,-0.009940646
STEROIDS_PO_BITZUA__last__missing,-0.019339645,0.0038191106,0.0010411787,-0.005751458,-0.0053173914,-0.0033484374,0.0020028981,0.005601234
TROPONIN_MEASURE__last__missing,0.0021174222,0.011110877,-0.009876379,-0.006509024,0.01841845,-0.015939977,-0.003749412,0.016881457
UREA_MEASURE__last__missing,0.008540986,-0.00975668,-0.03688038,-0.034352798,-0.013934708,0.026857648,-9.637063e-05,-0.01947727
URINE_CULTURE__last__missing,-0.008378106,-0.013239471,-0.01931009,0.010146075,-0.003754786,-0.007961182,-0.0057020197,0.011095798
WEIGHT_MEASURE__last__missing,-0.0065346747,-0.0017486858,-0.009267379,-0.007813229,0.00073078857,-0.02099691,0.012946597,-0.013720855
ALANINE-AMINOTRANSFERASE_MEASURE__p25__missing,0.023444027,0.017825916,0.0023790412,0.0019713235,0.034959562,0.012478579,-0.013142313,-0.018510155
ALBUMIN_SERUM_MEASURE__p25__missing,-0.011085611,-0.018705124,-0.019788181,0.023129446,0.018612226,0.013908641,0.00131616,0.015449752
ANTIBIOTIC_IV_BITZUA__p25__missing,-0.016565163,-0.005121001,-0.018428864,-0.013247051,0.007686469,0.029373966,-0.019264445,0.012165376
ANTIBIOTIC_PO_BITZUA__p25__missing,-0.024539577,0.014970755,0.012549884,0.022550968,0.029676476,-0.022170456,-0.017801205,-0.0072552604
ANTIDIABETIC_HIGH_HYPO_HOSPITAL_BITZUA__p25__missing,-0.0139145525,-0.00855097,0.002677388,-0.020908635,-0.0079385955,-0.016203655,-0.016057657,-0.021944202
ASPARATE-AMINOTRANSFERASE_MEASURE__p25__missing,0.01630515,-0.011155554,0.00014016792,0.002155784,-0.008496177,0.0056532985,-0.014675668,0.010522006
BASAL_DOSAGE__p25__missing,-0.008452621,-0.0153205665,-0.009435757,-0.019879134,0.0171817,0.0020527437,-0.037255663,-0.040467907
BASAL_HOME_BITZUA__p25__missing,0.003940673,-0.021519193,0.026262749,-0.006237462,0.021557547,-0.015514667,-0.0191761,0.0021021585
BASE_GLUCOSE_MEASURE__p25__missing,0.01192329,0.014960158,0.014810501,0.0014265224,-0.01407494,-0.026887683,0.01559432,-0.024150455
BICARBONATE_MEASURE__p25__missing,-0.014048557,0.021212008,-0.001904728,-0.011622859,-0.036348574,-0.029399186,-0.0066394256,-0.029442405
BLOOD_CULTURE__p25__missing,-0.007703928,0.0027357498,0.02082699,-0.030508416,0.03161533,-0.018706856,-0.00965492,0.0042262473
BLOOD_PRESSURE_DIASTOLIC_MEASURE__p25__missing,0.011838991,-0.004111819,0.0071067144,0.006377049,0.021930916,0.008187645,0.006633487,0.0021162017
BLOOD_PRESSURE_SYSTOLIC_MEASURE__p25__missing,0.01695113,0.006201301,-0.022438543,-0.0110410405,0.006912192,0.007736827,0.0106261615,-0.012893149
BMI_MEASURE__p25__missing,-0.005220795,-0.026334176,0.023595935,0.004260709,0.045329284,0.009335508,0.019476501,0.015865779
BODY_TEMPERATURE_MEASURE__p25__missing,0.0010077984,0.021045106,0.0042977966,-0.030720992,-0.011659712,-0.002898467,-0.0006004532,-0.011362667
BOLUS_DOSAGE__p25__missing,0.021242674,-0.007703547,-0.013139224,-0.033796787,0.017489444,0.0031787027,-0.01120184,-0.019830782
CALCIUM-GLUCONATE_BITZUA__p25__missing,-0.016061999,0.019999573,-0.01121504,0.0046372567,-0.011185098,0.01025895,0.016178088,0.011369849
CARDIO-VASCULAR_DISORDER_EVENT__p25__missing,-0.058487345,0.0062938277,-0.01664429,-4.0305524e-05,0.021662828,0.015685342,-0.0089007,0.0011059496
CARDIOVASCULAR_DISORDER_OBS__p25__missing,-0.016831443,-0.02382247,0.007261623,-0.02593555,-0.007702238,-0.0019086692,-0.0032025096,-0.056561574
CHEST_XRAY__p25__missing,-0.013755641,-0.02327468,0.01802676,-0.0027997743,-0.0069345273,-0.005422867,0.029375525,-0.006454585
CREATINE-KINASE_MEASURE__p25__missing,-0.0026804586,-0.002578209,-0.004898792,0.021209804,0.034232132,-0.04470521,-0.007946043,-0.020901997
CREATININE_SERUM_MEASURE__p25__missing,0.022582285,0.0071376734,0.025859969,0.005192244,0.0045662657,0.020749148,-0.03084409,-0.022922546
DEXTROSE_BITZUA__p25__missing,0.017658476,0.025604254,0.012904505,0.018589383,-0.026624158,-0.0015841466,0.014844578,0.006423492
DIABETES_DIAGNOSIS__p25__missing,0.007557923,-0.006256061,0.018585406,0.0026034312,0.023050956,0.016679918,0.012625002,-0.018374693
DIALYSIS__p25__missing,0.0154413935,0.0024552804,0.0132299,-0.0006128835,-0.005951489,-0.013596134,-0.012592527,4.920399e-05
E-GFR_MEASURE__p25__missing,-0.014959647,-0.02784727,0.024717959,-0.013199423,0.029545434,0.0014629826,0.004044231,0.019055102
EGFR_MEASURE__p25__missing,-0.010929138,0.031607714,0.011124973,-0.014572429,0.037569422,0.0065304623,0.025600413,0.012551479
GLUCOSE_MEASURE__p25__missing,0.01693715,-0.0076017044,0.018960578,0.012429844,0.0002426041,0.010008048,0.0011432149,-0.008722826
HEART_RATE_MEASURE__p25__missing,-0.019563913,0.021235842,0.0057035633,-0.0032571245,0.0020090798,-0.013408592,-0.019164678,-0.01164161
HEMATOCRIT_MEASURE__p25__missing,0.004946077,0.02249111,0.011670124,0.007645259,-0.0015069003,-0.019491462,0.010086665,0.0006957255
HEMOGLOBIN_MEASURE__p25__missing,-0.028666528,-0.03905124,0.003600178,-0.026332354,0.009227934,-0.019558249,-0.017565034,-0.044131473
HEPARIN_IV_BITZUA__p25__missing,-0.007224386,0.0027626543,-0.0039308676,0.020077216,0.012514166,0.018461429,0.016237266,-0.007965783
HYPERGLYCEMIA_EVENT__p25__missing,0.006686991,0.01203293,-0.012727052,-0.033601668,-0.025115851,-0.02615967,-0.01990852,0.015662538
HYPERTONIC_SALINE_BITZUA__p25__missing,-0.0016392142,-0.007379992,-0.010303411,0.021510176,-0.022635309,0.009593587,-0.0010648911,0.0050861556
HYPOGLYCEMIA_EVENT__p25__missing,0.022647468,0.022309463,-0.026508478,-0.020819038,0.022459306,-0.010870628,-0.005896345,-0.029178236
INFECTION_EVENT__p25__missing,0.007759552,-0.008358006,0.02036448,-0.008620802,-0.013110025,0.003444663,-0.0024881577,-0.022193814
INFECTION_WBC_MEASURE__p25__missing,-0.011340947,0.024537453,0.0074507524,-0.002421229,-0.0014200027,-0.016324492,-0.016502723,0.02314023
KETONES_SERUM_MEASURE__p25__missing,0.012018604,-0.01568135,-0.0345219,-0.0028590388,0.008930609,0.024578318,0.020591611,0.017925395
KETONES_URINE_MEASURE__p25__missing,0.027332366,0.0104165105,0.0032132664,0.005338677,-0.0059008393,-0.017712232,-0.011257348,0.0008866945
KIDNEY_COMPLICATION_EVENT__p25__missing,0.00043126795,0.012183901,0.02102279,-0.020057656,0.025587441,-0.054947857,0.0086416025,-0.022607444
KIDNEY_COMPLICATION_OBS__p25__missing,-0.0045640455,0.0059022065,-0.0074923504,0.031678047,-0.028694391,-0.040903106,0.023032283,0.01023827
METFORMIN_HOME_BITZUA__p25__missing,0.032968603,0.022330225,0.007169627,-0.021698447,0.00033174816,0.023548089,-0.028529588,-0.032743476
METFORMIN_HOSPITAL_BITZUA__p25__missing,0.0049671535,0.03857666,0.015031376,0.025213066,0.019677607,0.011766832,0.018791666,0.020948665
NEUTROPHILS_MEASURE__p25__missing,-0.01947856,-0.02017879,0.011831046,0.03528615,-0.015034941,-0.0236786,0.013463928,-0.008430253
PH_MEASURE__p25__missing,0.010933161,0.0040505733,-0.004172319,0.045507222,-0.010921986,0.019961579,0.0019104854,0.03891235
PLT_MEASURE__p25__missing,0.020473672,0.0036714398,0.02191235,0.016754033,0.027814139,0.020762777,0.0069680964,0.002594909
POTASSIUM_MEASURE__p25__missing,0.006523112,-0.00034958715,-0.020073334,0.009858123,-0.019581895,-0.01387055,-0.022309082,0.0023604217
SEVERE_HYPERGLYCEMIA_EVENT__p25__missing,-0.00780994,0.008327037,-0.009384643,-0.02581974,0.017905604,-0.0049731825,-0.025250627,-0.029520364
SEVERE_HYPOGLYCEMIA_EVENT__p25__missing,0.009755488,-0.017150076,-0.005873643,-0.010002533,-0.019824063,-0.013172831,-0.004122868,0.0034760397
SGLT2_HOME_BITZUA__p25__missing,-0.0251265,0.029813455,-0.019935714,0.016058534,-0.008526846,0.001648609,-0.015248012,0.024735775
SGLT2_HOSPITAL_BITZUA__p25__missing,-0.005933309,0.033924446,-0.00033201766,0.006762461,0.021720517,0.028056303,-0.010270457,-0.005324766
SODIUM_MEASURE__p25__missing,-0.0043341354,-0.0101830745,0.0027546617,0.022565741,0.014138606,-0.013622575,-0.011214777,0.02617953
STEROIDS_IV_BITZUA__p25__missing,0.0097304415,-0.027165256,0.023506716,-0.0023787622,0.01561673,0.010256259,-0.020155085,-0.0031228804
STEROIDS_PO_BITZUA__p25__missing,0.012328987,0.006366025,0.008821245,0.00988211,0.008629168,0.010882462,-0.01753457,-0.03785661
TROPONIN_MEASURE__p25__missing,-0.02578215,0.010291114,0.004641207,0.018457618,-0.022293033,0.00991694,-0.008503143,0.0061324667
UREA_MEASURE__p25__missing,-0.032708988,-0.020947658,-0.0069018113,-0.024404055,-0.05362148,-0.006185022,0.0011957336,0.014961569
URINE_CULTURE__p25__missing,-0.0075712013,0.0029790674,-0.004969653,-0.01956552,-0.012179002,0.005877884,0.0136493165,-0.030259205
WEIGHT_MEASURE__p25__missing,-0.029470932,0.008595858,0.0070521627,0.015209048,-0.0051942263,-0.010194164,0.009391511,-0.008642876
ALANINE-AMINOTRANSFERASE_MEASURE__median__missing,0.024360677,-0.028027529,0.0055518704,-0.027758293,0.006398404,-0.0072632763,-0.028986767,-0.013208708
ALBUMIN_SERUM_MEASURE__median__missing,0.0018247833,0.0052936585,-0.017305233,0.012669546,-0.0029999046,0.010529713,-0.020794705,0.0089556
ANTIBIOTIC_IV_BITZUA__median__missing,-0.008333047,0.0102131665,-0.0081011215,0.018421326,-0.015321833,0.02982501,-0.015135363,0.0045879306
ANTIBIOTIC_PO_BITZUA__median__missing,-0.013227796,0.034633797,-0.012136474,0.010580404,0.031437572,0.021012684,-0.00047011042,0.009699528
ANTIDIABETIC_HIGH_HYPO_HOSPITAL_BITZUA__median__missing,0.0125443535,-0.028878162,0.003854726,-0.00452043,-0.011746367,-0.025439031,-0.026804172,-0.04752077
ASPARATE-AMINOTRANSFERASE_MEASURE__median__missing,-0.014952804,-0.008325053,0.012410544,0.0039844904,-0.022473808,-0.013012602,0.017744098,0.011722902
BASAL_DOSAGE__median__missing,-0.015137907,0.0035453364,-0.03992051,-0.020780385,-0.018341888,-0.020887416,-0.025638165,-0.015736345
BASAL_HOME_BITZUA__median__missing,-0.002693349,0.00078295986,0.010181465,0.015997414,0.02396124,-0.021568162,0.006728603,0.005259383
BASE_GLUCOSE_MEASURE__median__missing,0.008046962,0.0006733649,-0.013379278,0.018190034,0.010102138,-0.0023548442,-0.0009664001,-0.015599682
BICARBONATE_MEASURE__median__missing,0.0037125126,-0.008746454,0.006166717,-0.036257863,-0.03442539,-0.012530571,-0.02939136,-0.019404808
BLOOD_CULTURE__median__missing,0.020552672,-0.008831368,-0.014476517,-0.013346263,0.0015318047,0.024981296,-0.016948093,-0.03217035
BLOOD_PRESSURE_DIASTOLIC_MEASURE__median__missing,0.0064316825,-0.010684658,-0.005154308,-0.021159656,0.023135081,0.018990276,-0.019350678,0.017233364
BLOOD_PRESSURE_SYSTOLIC_MEASURE__median__missing,0.013022196,0.012920713,0.01937147,0.014770159,0.006905633,0.018696725,-0.0016193964,-0.023271864
BMI_MEASURE__median__missing,0.005055055,-0.016633641,-0.015378558,0.019506825,0.036964823,0.023018098,0.0191918,0.01646553
BODY_TEMPERATURE_MEASURE__median__missing,-0.012946113,-0.0043585408,0.0048138266,0.0015131783,0.0082422905,0.015842834,0.0021640505,0.004740339
BOLUS_DOSAGE__median__missing,0.015847154,0.017449476,-0.007630349,-0.033969447,0.0051966724,0.015151925,-0.022913909,-0.020263616
CALCIUM-GLUCONATE_BITZUA__median__missing,-0.0080329515,0.030976007,0.0016699819,-0.015234387,-0.024912871,-0.022553442,-0.007870291,0.016418334
CARDIO-VASCULAR_DISORDER_EVENT__median__missing,-0.04906854,-0.02326567,-0.00037000325,0.013878793,-0.0064475746,-0.024063054,-0.026309045,0.012956959
CARDIOVASCULAR_DISORDER_OBS__median__missing,-0.014598756,0.015301639,-0.006646016,-0.031216724,0.017739635,-0.0153890215,-0.025893359,-0.024337336
CHEST_XRAY__median__missing,-0.014772938,-0.008161386,0.019584795,-0.017772667,-0.029305598,-0.008434702,0.01786173,-0.0020578988
CREATINE-KINASE_MEASURE__median__missing,-0.024796866,0.028780453,-0.002388192,0.0133351,0.025807127,0.0015003177,0.009320005,0.026928967
CREATININE_SERUM_MEASURE__median__missing,-0.0128920805,0.026653744,0.011085619,0.029409355,0.037490826,-0.022518985,-0.01860575,-0.022252759
DEXTROSE_BITZUA__median__missing,0.004788709,0.004522826,-0.0028771667,0.010079492,0.004601954,0.024905387,0.0063954135,0.026500888
DIABETES_DIAGNOSIS__median__missing,0.027643213,-0.013201371,-0.012661746,-0.015467952,0.0009762773,0.024045097,-0.026927639,-0.018190533
DIALYSIS__median__missing,0.036934912,0.00614351,0.003132997,0.014168997,-0.021080289,0.013536611,0.013387973,0.012034271
E-GFR_MEASURE__median__missing,-0.015549128,-0.044156294,0.015301081,-0.015694404,0.019766068,0.010225366,0.021138672,-0.02669395
EGFR_MEASURE__median__missing,0.002001434,0.018039113,-0.002665688,-0.03391886,0.022708727,-0.0049305144,-0.01588674,0.010822867
GLUCOSE_MEASURE__median__missing,0.00014765562,0.011582583,-0.019593397,0.0071206363,-0.014929817,-0.014905267,0.0014789328,0.001366711
HEART_RATE_MEASURE__median__missing,0.006799685,-0.012534862,0.019554298,-0.013522554,0.0032463875,0.0011195717,0.0064134006,-0.017907862
HEMATOCRIT_MEASURE__median__missing,-0.022679625,-0.007715263,0.017140923,0.0116865635,0.00042760756,-0.00019637053,0.02357635,0.013996128
HEMOGLOBIN_MEASURE__median__missing,0.02056856,-0.025100889,-0.008826738,-0.029396245,-0.019130876,-0.02033233,0.017204633,-0.0072591794
HEPARIN_IV_BITZUA__median__missing,0.0008709923,-0.012100285,-0.005191373,0.012057718,0.021125361,0.0058805165,0.0024590795,-0.016136855
HYPERGLYCEMIA_EVENT__median__missing,0.008403554,0.0053838375,0.00084178394,-0.0005414707,0.0184638,0.015479915,-0.0035102756,-0.0044202995
HYPERTONIC_SALINE_BITZUA__median__missing,0.023738222,-0.022762029,0.025572583,-0.017521985,-0.008214772,-0.03255589,0.0080069825,-0.022186482
HYPOGLYCEMIA_EVENT__median__missing,-0.015145061,0.018631881,0.009990208,-0.0058259047,0.010296594,0.02876543,-0.014803892,-0.048631985
INFECTION_EVENT__median__missing,0.016850375,-0.0035092111,-0.0019589956,0.006594735,0.0019789785,-0.0014812986,-0.00035097598,-0.004826093
INFECTION_WBC_MEASURE__median__missing,0.009744079,-0.008737731,-0.032630183,0.0003944646,0.017873013,-0.013318122,-0.004809661,0.027800782
KETONES_SERUM_MEASURE__median__missing,-0.0107313525,0.021066658,-0.025527427,0.024217796,0.044685062,0.005819463,-0.003181257,0.016130745
KETONES_URINE_MEASURE__median__missing,-0.010392055,0.0200398,-0.008782104,-0.025041962,-0.03675315,0.028554304,0.008347266,-0.020815708
KIDNEY_COMPLICATION_EVENT__median__missing,-0.0069207703,0.0038654124,-0.011725733,-0.029213917,0.027222393,-0.06029365,-0.00067415216,-0.031889882
KIDNEY_COMPLICATION_OBS__median__missing,0.014575209,-0.029495457,0.018754682,-0.013035639,-0.015482772,-0.045753215,0.00886407,0.034320734
METFORMIN_HOME_BITZUA__median__missing,0.022411108,-0.003103857,-0.02159005,-0.021528292,0.010170672,0.006034849,-0.01822062,-0.022650436
METFORMIN_HOSPITAL_BITZUA__median__missing,0.011475531,0.021237705,-0.011381733,-0.0104018515,0.0019663204,0.013832585,-0.013161219,0.00028852568
NEUTROPHILS_MEASURE__median__missing,0.01922191,0.020990703,0.019925145,0.0013193649,0.019564781,-0.03169188,0.019270731,0.009054948
PH_MEASURE__median__missing,-0.0058078202,-0.0011875308,-0.0122389095,0.051997438,-0.0075968285,-0.024529593,-0.00672787,0.03252236
PLT_MEASURE__median__missing,-0.0033228127,0.00900422,0.026546868,0.007912102,0.008065144,0.019176092,-0.023136728,0.03176907
POTASSIUM_MEASURE__median__missing,0.014070417,-0.013861314,-0.0024195085,0.013862151,0.0017442037,-0.013697031,0.019545937,0.014609289
SEVERE_HYPERGLYCEMIA_EVENT__median__missing,-0.011173788,0.0033829315,-0.009513832,-0.024640169,0.025721295,0.008760618,-0.018552283,-0.00058863417
SEVERE_HYPOGLYCEMIA_EVENT__median__missing,-0.011860855,0.00062880164,0.020512925,-0.018872261,-0.0035960071,-0.025392728,0.0039103488,0.017770652
SGLT2_HOME_BITZUA__median__missing,-0.029370824,0.023068963,-0.026848711,0.00842517,0.01208368,0.007509647,0.0048028794,-0.00036511815
SGLT2_HOSPITAL_BITZUA__median__missing,-0.014422316,-0.00540752,-0.0016974478,-0.0047389115,0.019914823,0.022408215,-0.010077088,0.029280702
SODIUM_MEASURE__median__missing,0.016859692,-0.018787207,-0.0065458664,0.013378035,0.025700677,0.009540788,-0.016496109,0.034286644
STEROIDS_IV_BITZUA__median__missing,-0.019194767,-0.019336432,0.0013901709,-0.014281751,0.011855674,-0.014778671,0.021511463,0.009200843
STEROIDS_PO_BITZUA__median__missing,-0.021559931,-0.014055237,-0.0077399304,-0.010127609,-0.020752607,-0.001956176,-0.0023210503,-0.0010176459
TROPONIN_MEASURE__median__missing,-0.03678944,0.033148024,-0.01708371,0.02680359,0.0009132528,-0.0020966982,-0.012467078,-0.0232288
UREA_MEASURE__median__missing,-0.021501534,-0.01783036,-0.010455474,-0.015292482,-0.061330836,-0.022080114,0.009594857,0.008630455
URINE_CULTURE__median__missing,-0.015863828,0.00014382113,-0.017589953,-0.027741252,-0.0103574665,-0.011286381,-0.009484378,0.018095804
WEIGHT_MEASURE__median__missing,-0.026340133,0.01073431,-0.012600772,-0.012578935,-0.0026099426,-0.024021745,-0.028059179,-0.0029377786
ALANINE-AMINOTRANSFERASE_MEASURE__p75__missing,-0.015080341,-0.032211363,-0.010936526,-0.039182436,0.017033696,0.0012100457,0.014229523,-0.017313424
ALBUMIN_SERUM_MEASURE__p75__missing,0.0007192648,0.016134318,-0.024552431,0.008441609,-0.016270595,-0.014656681,-0.012839293,-0.020099176
ANTIBIOTIC_IV_BITZUA__p75__missing,0.020240124,-0.003158087,-0.027523778,0.02521296,-0.020432219,0.013181121,-0.0037312817,0.01170592
ANTIBIOTIC_PO_BITZUA__p75__missing,0.0032898434,0.00027405994,-0.009610774,0.0030279611,-0.0119406525,-0.021398816,0.012056481,-0.011447751
ANTIDIABETIC_HIGH_HYPO_HOSPITAL_BITZUA__p75__missing,-0.017397137,-0.008825047,-0.027170261,-0.027744051,-0.018320106,-0.014169607,0.020113474,-0.031456117
ASPARATE-AMINOTRANSFERASE_MEASURE__p75__missing,0.00717821,-0.016430978,-0.02345269,0.009572087,0.016922425,-0.0009499217,-0.016616689,0.035643734
BASAL_DOSAGE__p75__missing,-0.0066536693,-0.0041871835,-0.010018964,-0.022527607,0.01943799,0.009415043,-0.0019634867,-0.019269997
BASAL_HOME_BITZUA__p75__missing,-0.012692228,0.007059726,0.0078059626,-0.028046163,0.0021316055,0.022206394,0.025184082,-0.0057926625
BASE_GLUCOSE_MEASURE__p75__missing,0.016879922,0.010887675,-0.02528995,-0.028665056,0.0017429576,-0.009914836,-0.019778121,-0.028493684
BICARBONATE_MEASURE__p75__missing,0.005931408,-0.010247501,0.012030415,-0.038336158,-0.001371338,-0.0126230195,0.012195592,-0.06293108
BLOOD_CULTURE__p75__missing,-0.013053256,-0.0052035637,-0.0020311738,-0.03489097,0.0051399306,-0.020938931,0.0075728395,-0.025928788
BLOOD_PRESSURE_DIASTOLIC_MEASURE__p75__missing,0.03405405,0.01593647,0.017405268,0.008424834,0.005958791,-0.0077535077,0.0025038167,-0.0004528893
BLOOD_PRESSURE_SYSTOLIC_MEASURE__p75__missing,0.009413385,0.014125683,0.014842928,-0.008754227,0.0057914453,0.018861035,0.0038238296,-0.009664941
BMI_MEASURE__p75__missing,-0.024098495,-0.011029487,0.00024552736,-0.015488314,0.002749504,-0.013266656,0.022367194,-0.006727597
BODY_TEMPERATURE_MEASURE__p75__missing,-0.013304343,0.02080165,-0.0036037273,0.007637827,0.014543766,0.003378305,-0.022497278,0.017780175
BOLUS_DOSAGE__p75__missing,-0.012718825,-0.006375134,0.005529859,0.0022203194,0.002496279,0.009067798,-0.0027907817,-0.008130781
CALCIUM-GLUCONATE_BITZUA__p75__missing,-0.030469567,0.0053472975,-0.020865574,0.01608754,-0.0018424172,-0.009333464,0.011517157,0.014962585
CARDIO-VASCULAR_DISORDER_EVENT__p75__missing,-0.08481514,0.009337035,0.00066763617,0.024392635,-0.0040822597,-0.0075314576,0.007438437,0.022711406
CARDIOVASCULAR_DISORDER_OBS__p75__missing,-0.02549364,0.005840196,0.004242491,-0.028270453,0.00041156812,-0.012990545,-0.0008638711,-0.019542933
CHEST_XRAY__p75__missing,-0.021263124,-0.012944953,-0.0034507622,0.0054888353,-0.053662833,-0.025362102,-0.01893179,0.01819953
CREATINE-KINASE_MEASURE__p75__missing,-0.0101709375,-0.017773233,-0.0011419073,0.017182726,0.007493876,-0.0034296855,0.0022865087,0.0013681113
CREATININE_SERUM_MEASURE__p75__missing,-0.003680339,-0.0048918067,-0.0065929787,-0.0021148685,-0.009369835,-0.012736329,0.009839506,-0.034205377
DEXTROSE_BITZUA__p75__missing,-0.0019010064,0.0091387965,0.00050972606,0.011536477,-0.0007558808,-0.0044054813,-0.030461973,-0.0061020968
DIABETES_DIAGNOSIS__p75__missing,-0.0008918792,0.0074734655,0.017498728,-0.019440664,-0.015506968,-0.0012700115,0.0017387121,0.016063804
DIALYSIS__p75__missing,-0.013397099,-0.026112126,0.010838858,-0.010181126,-0.017650954,-0.025826497,0.027561706,-0.015617805
E-GFR_MEASURE__p75__missing,-0.025364066,-0.03897165,0.02233588,0.009531449,0.0072816703,0.0070358017,-0.00040774557,-0.0024792869
EGFR_MEASURE__p75__missing,0.014429113,0.02696601,0.012854578,-0.0108183995,0.010231113,0.012392875,0.019829307,0.0037815792
GLUCOSE_MEASURE__p75__missing,-0.007906633,0.0063882624,0.012264287,0.011685214,0.0018603539,-0.0050961343,-0.007134301,-0.00016175785
HEART_RATE_MEASURE__p75__missing,0.0022978971,-0.003075172,0.006166139,-0.0036234397,-0.0063606445,0.008395298,0.0146740265,-0.0059126318
HEMATOCRIT_MEASURE__p75__missing,0.003953856,-0.00397242,0.016400995,0.002404612,-0.014987006,0.009565464,-0.007515709,0.03538722
HEMOGLOBIN_MEASURE__p75__missing,-0.019761637,-0.005369177,-0.0028575421,-0.04097201,-0.023095556,0.0019432117,-0.012742404,-0.016919106
HEPARIN_IV_BITZUA__p75__missing,0.017903635,-0.013103749,0.025679648,0.010006477,0.021745246,-0.014580791,0.02317453,0.0059733894
HYPERGLYCEMIA_EVENT__p75__missing,-0.013036492,-0.012916341,0.0061762114,-0.03372566,0.004432529,-0.016420618,0.003086334,0.020357978
HYPERTONIC_SALINE_BITZUA__p75__missing,0.013893791,-0.02329605,0.01242994,0.0007969193,-0.02274076,-0.014288501,-0.029237077,-0.01884964
HYPOGLYCEMIA_EVENT__p75__missing,0.030046863,-0.0069701523,0.007176788,-0.009788873,0.019508295,0.0010171295,0.020166708,-0.032380592
INFECTION_EVENT__p75__missing,-0.01739606,-0.022546632,0.0089873085,-0.0013325441,-0.00258353,-0.011043576,0.0011970043,0.012206007
INFECTION_WBC_MEASURE__p75__missing,0.0044629546,0.00473635,-0.00016979073,0.007609279,0.009745605,-0.03784242,0.005063534,0.0031997506
KETONES_SERUM_MEASURE__p75__missing,-0.0139066875,-0.0027700516,0.010562436,0.012966434,0.014781512,0.008316348,0.020652266,-0.0064380015
KETONES_URINE_MEASURE__p75__missing,0.03293095,0.005670791,0.0051669884,-0.020101719,-0.031551953,-0.008373659,0.011396136,-0.034322646
KIDNEY_COMPLICATION_EVENT__p75__missing,-0.037260897,-0.01412649,-0.006576007,-0.023952853,-0.017739423,-0.057884265,0.020252414,-0.0020951189
KIDNEY_COMPLICATION_OBS__p75__missing,-0.0116555095,0.009599135,0.019478396,0.019514954,0.011751068,-0.04116015,0.0072292904,0.04217019
METFORMIN_HOME_BITZUA__p75__missing,0.0051384266,0.0147541445,-0.0203826,-0.011764091,0.03441014,0.023809563,0.008799417,-0.0093392655
METFORMIN_HOSPITAL_BITZUA__p75__missing,-0.007863404,0.032625645,-0.009167692,-0.009834338,-0.0027000797,0.0025230737,0.013432049,0.02309512
NEUTROPHILS_MEASURE__p75__missing,-0.008997866,0.015086986,0.016177204,0.018224461,-0.020573352,-0.006101496,-0.019456733,0.022547487
PH_MEASURE__p75__missing,-0.0018511207,0.018085001,0.016582698,0.04339823,-0.016770357,0.008593295,0.0072333706,0.04481804
PLT_MEASURE__p75__missing,0.012734755,0.018888418,0.015903054,0.026420498,0.0033358478,-0.017272247,0.01463031,-0.0055092257
POTASSIUM_MEASURE__p75__missing,0.016818993,-0.0004902183,-0.020307373,0.017041396,-0.008434469,-0.013314911,-0.017210199,0.0111881485
SEVERE_HYPERGLYCEMIA_EVENT__p75__missing,-0.012348842,0.013109798,0.0015872356,-0.032360107,-0.009032052,0.01971567,0.009305607,-0.027176918
SEVERE_HYPOGLYCEMIA_EVENT__p75__missing,0.00040267414,-0.022575222,-0.02181097,-0.004728315,-0.017725207,-0.002465309,0.0025398436,0.0063075386
SGLT2_HOME_BITZUA__p75__missing,-0.0035672316,0.024162574,-0.014593795,0.0074443603,0.022611275,0.023709495,0.0074270843,0.030039022
SGLT2_HOSPITAL_BITZUA__p75__missing,-0.007961225,0.0119087165,-0.010013543,0.022483703,-0.005884179,-0.015181744,0.01955125,0.034628097
SODIUM_MEASURE__p75__missing,0.009126591,-0.0013118339,0.01595833,-0.0044321534,0.024199653,-0.008314749,0.015807698,0.035693455
STEROIDS_IV_BITZUA__p75__missing,-0.014903188,-0.0092363525,0.008485234,-0.015713235,0.007818371,-0.0012630745,0.008823331,0.012518282
STEROIDS_PO_BITZUA__p75__missing,-0.009092031,0.0074389293,-0.035270967,-0.0063865967,-0.018904662,-0.010939579,0.002063489,0.009977813
TROPONIN_MEASURE__p75__missing,-0.036448088,0.0009616775,-0.0023795422,0.005661211,0.022367444,0.016438555,0.02566298,0.00055172906
UREA_MEASURE__p75__missing,-0.028941896,9.880396e-05,-0.017270813,-0.006089575,-0.047959786,0.026688272,-0.0011893511,-0.0077646556
URINE_CULTURE__p75__missing,-0.0043890476,-0.0100839455,-0.004570653,0.012964811,-0.03610575,-0.02579396,-0.0077323844,-0.028641382
WEIGHT_MEASURE__p75__missing,-0.026614333,0.029577868,0.026227575,0.0022850544,-0.02150885,0.010795383,0.008141022,-0.023260195
ALANINE-AMINOTRANSFERASE_MEASURE__slope__missing,-0.020540606,0.013649571,0.01676824,-0.022261562,0.03156837,0.0010593982,0.011601285,0.0033269895
ALBUMIN_SERUM_MEASURE__slope__missing,0.005594472,0.004053006,0.008738884,0.02153007,-0.0177503,-0.00601046,0.02300302,-0.005138373
ANTIBIOTIC_IV_BITZUA__slope__missing,0.0064374683,-0.00860011,-0.028808065,0.007931716,-0.006978039,-0.015043629,-0.032186367,0.008708012
ANTIBIOTIC_PO_BITZUA__slope__missing,-0.031031726,0.0041200146,0.023347303,0.005542482,0.002510068,-0.024534315,0.022866704,0.024145758
ANTIDIABETIC_HIGH_HYPO_HOSPITAL_BITZUA__slope__missing,0.006396343,-0.014119328,0.019762797,-0.015137565,-0.020653445,-0.027288849,-0.014908823,-0.04616181
ASPARATE-AMINOTRANSFERASE_MEASURE__slope__missing,0.021338321,0.013299212,0.009424996,0.03204148,-0.018892735,-0.0050711087,-0.0117795365,-0.00996511
BASAL_DOSAGE__slope__missing,0.011573308,0.0030073535,-0.0001148643,-0.022427198,0.0214279,-0.0066569545,-0.0042639915,-0.02713312
BASAL_HOME_BITZUA__slope__missing,0.020296885,-0.027546035,-0.018058566,-0.023855824,-0.02199067,-0.004449469,-0.011686929,0.0007951881
BASE_GLUCOSE_MEASURE__slope__missing,-0.008834081,-0.019181883,0.011162715,2.38875e-05,0.0014151713,0.020631138,0.019658238,0.0035891365
BICARBONATE_MEASURE__slope__missing,0.020702908,0.012469176,-0.008624608,-0.03733542,-0.014783163,0.0011225227,0.0070253205,-0.048047546
BLOOD_CULTURE__slope__missing,0.024778338,-0.01397929,0.0037205887,-0.016947225,0.0048406115,0.014730518,-0.0002685634,-0.0073200082
BLOOD_PRESSURE_DIASTOLIC_MEASURE__slope__missing,0.0066929986,0.010478767,0.010948049,-0.01091431,0.0005329667,-0.018570157,-0.024329152,-0.019014595
BLOOD_PRESSURE_SYSTOLIC_MEASURE__slope__missing,-0.019680439,-0.00013864346,0.000924022,0.0074568186,-0.0054040183,0.0026414997,0.008688903,0.017613232
BMI_MEASURE__slope__missing,0.020778893,-0.020411383,-0.0019627975,-0.011428707,0.04717464,0.03062175,-0.001306127,0.008779613
BODY_TEMPERATURE_MEASURE__slope__missing,0.012622151,-0.011203242,-0.010244335,0.0086907325,0.015262277,0.008629167,-0.0154989,0.0061256676
BOLUS_DOSAGE__slope__missing,-0.010491201,0.0077686,-0.004187874,0.008340836,0.019072799,-0.025939852,0.023550926,-0.01413702
CALCIUM-GLUCONATE_BITZUA__slope__missing,-0.0009578519,0.015453381,-0.015721459,-0.0016941131,0.017476942,0.008367835,-0.02053467,0.002789996
CARDIO-VASCULAR_DISORDER_EVENT__slope__missing,-0.055422135,0.015386821,-0.008003932,0.0099463295,-0.0119130295,0.008971663,-0.022208974,0.018398847
CARDIOVASCULAR_DISORDER_OBS__slope__missing,-0.003455641,-0.017938817,-0.017559126,-0.021409182,0.011114038,0.022774363,-0.0112688495,-0.020508947
CHEST_XRAY__slope__missing,-0.011388679,-0.033437468,-0.02598134,0.029684158,-0.011410225,-0.032312125,0.014618917,0.0010434869
CREATINE-KINASE_MEASURE__slope__missing,-0.018795358,-0.017538095,-0.0055740834,-0.019108335,0.016856804,-0.0139037045,0.014435199,0.007310117
CREATININE_SERUM_MEASURE__slope__missing,0.012354916,0.007935294,0.012601169,0.018292237,0.024663242,0.027547339,-0.026244683,-0.0043831035
DEXTROSE_BITZUA__slope__missing,1.19582955e-05,-0.0184609,0.0057038115,0.0047506634,-0.028894942,-0.011961227,-0.023149466,0.0014493236
DIABETES_DIAGNOSIS__slope__missing,0.009404418,0.008616306,0.017963322,-0.002618017,0.010441675,0.010798341,-0.016583456,0.008085654
DIALYSIS__slope__missing,0.01605569,-0.040155195,0.003498199,0.018203432,-0.04864473,0.012204401,0.021408174,-0.002318842
E-GFR_MEASURE__slope__missing,0.009414068,-0.05488411,-0.012127661,0.031018956,0.024095729,0.016213886,-0.0063380566,0.00084857456
EGFR_MEASURE__slope__missing,-0.019003384,0.038980175,0.0027537935,0.00341122,0.036844257,0.02334231,-0.015389748,-0.010777955
GLUCOSE_MEASURE__slope__missing,0.010407261,-0.007462877,-0.015930373,-0.009715591,0.00794988,0.0089282645,0.0017842052,0.003341968
HEART_RATE_MEASURE__slope__missing,-0.009690053,0.014505794,-0.0304685,-0.01062701,-0.0024039617,0.00020780085,0.018831732,0.013238248
HEMATOCRIT_MEASURE__slope__missing,-0.023137907,-0.0013812827,-0.020743059,0.016791672,-0.023374112,-0.014882273,-0.0054058954,0.029696126
HEMOGLOBIN_MEASURE__slope__missing,-0.0009495359,-0.0036788916,-0.019940792,-0.023546143,-0.014991852,-0.015872553,-0.014958083,-0.02871355
HEPARIN_IV_BITZUA__slope__missing,-0.00916025,0.0077886656,0.026200084,-0.005674865,-0.0032543216,0.0124626085,0.017947525,-0.0023807765
HYPERGLYCEMIA_EVENT__slope__missing,0.0075580394,0.0098746475,-0.020363811,-0.023715606,0.0066630277,0.006457231,-0.0041506826,-0.006823349
HYPERTONIC_SALINE_BITZUA__slope__missing,-0.011421114,-0.009433714,0.004535529,0.01321211,-0.0112770805,-0.017700298,0.006931763,0.0024009575
HYPOGLYCEMIA_EVENT__slope__missing,-0.01285036,0.01071232,-0.03662052,-0.023083208,0.014902473,0.003066032,-0.021122469,-0.037308406
INFECTION_EVENT__slope__missing,-0.016824469,0.0049301563,-0.02233472,-0.012019281,-0.016808284,-0.028357644,7.552333e-05,0.0007282654
INFECTION_WBC_MEASURE__slope__missing,0.00028459518,-0.014717843,-0.02180995,0.01503585,0.021987509,0.011754175,-0.021160534,-0.019205714
KETONES_SERUM_MEASURE__slope__missing,-0.004877375,0.005758185,-0.020082757,-0.0047713495,0.023998106,0.02232575,-0.003672325,-0.028299954
KETONES_URINE_MEASURE__slope__missing,0.01264794,0.001253155,-0.006223731,0.01372294,-0.008705214,0.01986827,0.021386586,-0.021199005
KIDNEY_COMPLICATION_EVENT__slope__missing,0.0086484635,0.0069406647,0.009624242,0.0070171775,0.023334233,-0.056892484,-0.015647832,-0.018637212
KIDNEY_COMPLICATION_OBS__slope__missing,-0.018724715,-0.009357323,0.0029038761,-0.014704464,-0.004727856,-0.027845144,-0.010263774,0.03729002
METFORMIN_HOME_BITZUA__slope__missing,0.033903725,-0.019227432,-0.031243712,0.0072810305,-0.013170124,-0.014050667,0.009319133,-0.047005486
METFORMIN_HOSPITAL_BITZUA__slope__missing,-0.0057770964,0.007225847,-0.014525492,0.019073479,-0.012709912,0.018708566,0.026052644,0.026619649
NEUTROPHILS_MEASURE__slope__missing,-0.010919534,0.010783936,0.020784395,0.00992555,-0.0019000942,0.00025233964,0.004375188,-0.027355157
PH_MEASURE__slope__missing,0.024995128,-0.021983597,0.0003346274,0.047150582,0.0030313318,0.021810802,0.004152022,0.04927827
PLT_MEASURE__slope__missing,-0.0044391225,0.00369965,-0.0016272807,0.023434673,0.031199424,0.025083108,-0.029610004,-0.013760492
POTASSIUM_MEASURE__slope__missing,-0.0077022524,-0.012729304,0.02432674,-0.018861128,0.017973065,-0.00606348,-0.0016413217,0.017023131
SEVERE_HYPERGLYCEMIA_EVENT__slope__missing,0.02369388,0.007872403,-0.0061930297,0.00925481,-0.020429019,-0.009897903,-0.027156295,-0.017148651
SEVERE_HYPOGLYCEMIA_EVENT__slope__missing,-0.0041873907,0.021906966,-0.008284055,-0.0144334575,-0.012953614,0.016384127,-0.02657792,-0.022928687
SGLT2_HOME_BITZUA__slope__missing,-0.018485736,0.031451598,-0.009551122,0.0019048211,-0.00060500903,-0.019550527,0.026130024,0.0111872265
SGLT2_HOSPITAL_BITZUA__slope__missing,0.0044346354,-0.014044384,-0.01309169,0.028584266,0.0032172585,-0.0001912658,0.013744386,0.009200429
SODIUM_MEASURE__slope__missing,0.0072711017,-0.006366908,-0.012386534,0.018431623,0.012377156,0.013407651,0.012520697,-0.0019062888
STEROIDS_IV_BITZUA__slope__missing,-0.017004477,-0.005651883,-0.0004580299,0.014723228,-0.0077719744,-0.00469868,0.008470457,0.006834078
STEROIDS_PO_BITZUA__slope__missing,-0.00032615717,-0.0028265975,-0.017746838,-0.0102005685,0.014422479,0.018930282,0.00573176,-4.7976802e-05
TROPONIN_MEASURE__slope__missing,-0.030092696,0.025563924,0.0028918302,-0.005179447,0.0039189835,0.015964828,-0.009075125,-0.024004927
UREA_MEASURE__slope__missing,0.006802944,-0.012905868,-0.029236488,-0.008264859,-0.034083396,-0.01642983,-0.012907883,0.0051132105
URINE_CULTURE__slope__missing,-0.016889365,-0.022403182,0.015511838,0.021334974,-0.00051123963,-0.01658342,-0.017305806,-0.0045017167
WEIGHT_MEASURE__slope__missing,-0.010577077,-0.004143392,-0.020006198,-0.017728724,-0.0014862559,0.020982575,0.008426547,0.00408425
